{
    "category": "Pokémon",
    "id": "A1-004",
    "illustrator": "PLANETA CG Works",
    "image": "https://assets.tcgdex.net/fr/tcgp/A1/004",
    "localId": "004",
    "name": "Florizarre-ex",
    "rarity": "Quatre Diamants",
    "set": {
        "cardCount": {
            "official": 226,
            "total": 286
        },
        "id": "A1",
        "name": "Puissance Génétique",
        "symbol": "https://assets.tcgdex.net/univ/tcgp/A1/symbol"
    },
    "variants": {
        "firstEdition": false,
        "holo": true,
        "normal": true,
        "reverse": true,
        "wPromo": false
    },
    "variants_detailed": [
        {
            "type": "normal",
            "size": "Standard"
        },
        {
            "type": "reverse",
            "size": "Standard"
        },
        {
            "type": "holo",
            "size": "Standard"
        }
    ],
    "hp": 190,
    "types": [
        "Plante"
    ],
    "stage": "Niveau 2",
    "suffix": "EX",
    "attacks": [
        {
            "cost": [
                "Plante",
                "Incolore",
                "Incolore"
            ],
            "name": "Tranch'Herbe",
            "damage": "60"
        },
        {
            "cost": [
                "Plante",
                "Plante",
                "Incolore",
                "Incolore"
            ],
            "name": "Pousse Géante",
            "effect": "Soignez 30 dégâts de ce Pokémon.",
            "damage": "100"
        }
    ],
    "weaknesses": [
        {
            "type": "Feu",
            "value": "+20"
        }
    ],
    "retreat": 3,
    "legal": {
        "standard": false,
        "expanded": false
    },
    "boosters": [
        {
            "id": "boo_A1-mewtwo",
            "name": "Mewtwo"
        }
    ],
    "updated": "2025-05-18T00:53:26+02:00",
    "pricing": {
        "cardmarket": null,
        "tcgplayer": null
    }
}