{
    "category": "Pokémon",
    "id": "A1-013",
    "illustrator": "Kyoko Umemoto",
    "image": "https://assets.tcgdex.net/fr/tcgp/A1/013",
    "localId": "013",
    "name": "Rafflesia",
    "rarity": "Trois Diamants",
    "set": {
        "cardCount": {
            "official": 226,
            "total": 286
        },
        "id": "A1",
        "name": "Puissance Génétique",
        "symbol": "https://assets.tcgdex.net/univ/tcgp/A1/symbol"
    },
    "variants": {
        "firstEdition": false,
        "holo": true,
        "normal": true,
        "reverse": true,
        "wPromo": false
    },
    "variants_detailed": [
        {
            "type": "normal",
            "size": "Standard"
        },
        {
            "type": "reverse",
            "size": "Standard"
        },
        {
            "type": "holo",
            "size": "Standard"
        }
    ],
    "hp": 140,
    "types": [
        "Plante"
    ],
    "description": "Il possède les plus gros pétales au monde, qui sèment\nd'épais nuages de pollen toxique à chacun de ses pas.",
    "stage": "Niveau 2",
    "attacks": [
        {
            "cost": [
                "Plante",
                "Plante",
                "Incolore"
            ],
            "name": "Senteur Apaisante",
            "effect": "Le Pokémon Actif de votre adversaire est maintenant Endormi.",
            "damage": "80"
        }
    ],
    "weaknesses": [
        {
            "type": "Feu",
            "value": "+20"
        }
    ],
    "retreat": 3,
    "legal": {
        "standard": false,
        "expanded": false
    },
    "boosters": [
        {
            "id": "boo_A1-charizard",
            "name": "Dracaufeu"
        }
    ],
    "updated": "2025-05-18T00:53:26+02:00",
    "pricing": {
        "cardmarket": null,
        "tcgplayer": null
    }
}