{
    "category": "Pokémon",
    "id": "A1-090",
    "illustrator": "OOYAMA",
    "image": "https://assets.tcgdex.net/fr/tcgp/A1/090",
    "localId": "090",
    "name": "Concombaffe",
    "rarity": "Un Diamant",
    "set": {
        "cardCount": {
            "official": 226,
            "total": 286
        },
        "id": "A1",
        "name": "Puissance Génétique",
        "symbol": "https://assets.tcgdex.net/univ/tcgp/A1/symbol"
    },
    "variants": {
        "firstEdition": false,
        "holo": true,
        "normal": true,
        "reverse": true,
        "wPromo": false
    },
    "variants_detailed": [
        {
            "type": "normal",
            "size": "Standard"
        },
        {
            "type": "reverse",
            "size": "Standard"
        },
        {
            "type": "holo",
            "size": "Standard"
        }
    ],
    "hp": 70,
    "types": [
        "Eau"
    ],
    "description": "Il vit dans les eaux chaudes des hauts-fonds.\nS'il croise un ennemi, il l'attaque en lui crachant\nses organes internes au visage.",
    "stage": "De base",
    "attacks": [
        {
            "cost": [
                "Eau"
            ],
            "name": "Pluie Éclaboussante",
            "damage": "30"
        }
    ],
    "weaknesses": [
        {
            "type": "Électrique",
            "value": "+20"
        }
    ],
    "retreat": 1,
    "legal": {
        "standard": false,
        "expanded": false
    },
    "boosters": [
        {
            "id": "boo_A1-charizard",
            "name": "Dracaufeu"
        }
    ],
    "updated": "2025-05-18T00:53:26+02:00",
    "pricing": {
        "cardmarket": null,
        "tcgplayer": null
    }
}