{
    "category": "Pokémon",
    "id": "A1-007",
    "illustrator": "Shin Nagasawa",
    "image": "https://assets.tcgdex.net/fr/tcgp/A1/007",
    "localId": "007",
    "name": "Papilusion",
    "rarity": "Trois Diamants",
    "set": {
        "cardCount": {
            "official": 226,
            "total": 286
        },
        "id": "A1",
        "name": "Puissance Génétique",
        "symbol": "https://assets.tcgdex.net/univ/tcgp/A1/symbol"
    },
    "variants": {
        "firstEdition": false,
        "holo": true,
        "normal": true,
        "reverse": true,
        "wPromo": false
    },
    "variants_detailed": [
        {
            "type": "normal",
            "size": "Standard"
        },
        {
            "type": "reverse",
            "size": "Standard"
        },
        {
            "type": "holo",
            "size": "Standard"
        }
    ],
    "hp": 120,
    "types": [
        "Plante"
    ],
    "description": "En combat, il bat des ailes très rapidement pour\nprojeter de la poudre toxique sur ses ennemis.",
    "stage": "Niveau 2",
    "abilities": [
        {
            "type": "Talent",
            "name": "Soin Poudre",
            "effect": "Une fois pendant votre tour, vous pouvez soigner 20 dégâts de chacun de vos Pokémon."
        }
    ],
    "attacks": [
        {
            "cost": [
                "Plante",
                "Incolore",
                "Incolore"
            ],
            "name": "Tornade",
            "damage": "60"
        }
    ],
    "weaknesses": [
        {
            "type": "Feu",
            "value": "+20"
        }
    ],
    "retreat": 1,
    "legal": {
        "standard": false,
        "expanded": false
    },
    "boosters": [
        {
            "id": "boo_A1-pikachu",
            "name": "Pikachu"
        }
    ],
    "updated": "2025-05-18T00:53:26+02:00",
    "pricing": {
        "cardmarket": null,
        "tcgplayer": null
    }
}