{
    "category": "Pokémon",
    "id": "A1-010",
    "illustrator": "You Iribi",
    "image": "https://assets.tcgdex.net/fr/tcgp/A1/010",
    "localId": "010",
    "name": "Dardargnan",
    "rarity": "Trois Diamants",
    "set": {
        "cardCount": {
            "official": 226,
            "total": 286
        },
        "id": "A1",
        "name": "Puissance Génétique",
        "symbol": "https://assets.tcgdex.net/univ/tcgp/A1/symbol"
    },
    "variants": {
        "firstEdition": false,
        "holo": true,
        "normal": true,
        "reverse": true,
        "wPromo": false
    },
    "variants_detailed": [
        {
            "type": "normal",
            "size": "Standard"
        },
        {
            "type": "reverse",
            "size": "Standard"
        },
        {
            "type": "holo",
            "size": "Standard"
        }
    ],
    "hp": 120,
    "types": [
        "Plante"
    ],
    "description": "Il se sert de ses trois aiguillons empoisonnés\npour attaquer sans relâche ses adversaires.",
    "stage": "Niveau 2",
    "attacks": [
        {
            "cost": [
                "Plante"
            ],
            "name": "Piqûre Pointue",
            "damage": "70"
        }
    ],
    "weaknesses": [
        {
            "type": "Feu",
            "value": "+20"
        }
    ],
    "retreat": 1,
    "legal": {
        "standard": false,
        "expanded": false
    },
    "boosters": [
        {
            "id": "boo_A1-mewtwo",
            "name": "Mewtwo"
        }
    ],
    "updated": "2025-05-18T00:53:26+02:00",
    "pricing": {
        "cardmarket": null,
        "tcgplayer": null
    }
}