{
    "category": "Pokémon",
    "id": "A1-062",
    "illustrator": "Shinya Komatsu",
    "image": "https://assets.tcgdex.net/fr/tcgp/A1/062",
    "localId": "062",
    "name": "Tentacool",
    "rarity": "Un Diamant",
    "set": {
        "cardCount": {
            "official": 226,
            "total": 286
        },
        "id": "A1",
        "name": "Puissance Génétique",
        "symbol": "https://assets.tcgdex.net/univ/tcgp/A1/symbol"
    },
    "variants": {
        "firstEdition": false,
        "holo": true,
        "normal": true,
        "reverse": true,
        "wPromo": false
    },
    "variants_detailed": [
        {
            "type": "normal",
            "size": "Standard"
        },
        {
            "type": "reverse",
            "size": "Standard"
        },
        {
            "type": "holo",
            "size": "Standard"
        }
    ],
    "hp": 60,
    "types": [
        "Eau"
    ],
    "description": "Peu doué pour la natation, ce Pokémon\nse contente de flotter à la surface des eaux\npeu profondes pour chasser ses proies.",
    "stage": "De base",
    "attacks": [
        {
            "cost": [
                "Eau"
            ],
            "name": "Gifle Douce",
            "damage": "20"
        }
    ],
    "weaknesses": [
        {
            "type": "Électrique",
            "value": "+20"
        }
    ],
    "retreat": 1,
    "legal": {
        "standard": false,
        "expanded": false
    },
    "boosters": [
        {
            "id": "boo_A1-mewtwo",
            "name": "Mewtwo"
        }
    ],
    "updated": "2025-05-18T00:53:26+02:00",
    "pricing": {
        "cardmarket": null,
        "tcgplayer": null
    }
}