{
    "category": "Pokémon",
    "id": "A1-054",
    "illustrator": "Nelnal",
    "image": "https://assets.tcgdex.net/fr/tcgp/A1/054",
    "localId": "054",
    "name": "Carabaffe",
    "rarity": "Deux Diamants",
    "set": {
        "cardCount": {
            "official": 226,
            "total": 286
        },
        "id": "A1",
        "name": "Puissance Génétique",
        "symbol": "https://assets.tcgdex.net/univ/tcgp/A1/symbol"
    },
    "variants": {
        "firstEdition": false,
        "holo": true,
        "normal": true,
        "reverse": true,
        "wPromo": false
    },
    "variants_detailed": [
        {
            "type": "normal",
            "size": "Standard"
        },
        {
            "type": "reverse",
            "size": "Standard"
        },
        {
            "type": "holo",
            "size": "Standard"
        }
    ],
    "hp": 80,
    "types": [
        "Eau"
    ],
    "description": "Il est considéré comme un symbole de longévité.\nOn reconnaît les spécimens les plus âgés\nà la mousse qui pousse sur leur carapace.",
    "stage": "Niveau 1",
    "attacks": [
        {
            "cost": [
                "Eau",
                "Incolore"
            ],
            "name": "Grosse Vague",
            "damage": "40"
        }
    ],
    "weaknesses": [
        {
            "type": "Électrique",
            "value": "+20"
        }
    ],
    "retreat": 1,
    "legal": {
        "standard": false,
        "expanded": false
    },
    "boosters": [
        {
            "id": "boo_A1-pikachu",
            "name": "Pikachu"
        }
    ],
    "updated": "2025-05-18T00:53:26+02:00",
    "pricing": {
        "cardmarket": null,
        "tcgplayer": null
    }
}