{
    "category": "Pokémon",
    "id": "A1-098",
    "illustrator": "kirisAki",
    "image": "https://assets.tcgdex.net/fr/tcgp/A1/098",
    "localId": "098",
    "name": "Magnéton",
    "rarity": "Trois Diamants",
    "set": {
        "cardCount": {
            "official": 226,
            "total": 286
        },
        "id": "A1",
        "name": "Puissance Génétique",
        "symbol": "https://assets.tcgdex.net/univ/tcgp/A1/symbol"
    },
    "variants": {
        "firstEdition": false,
        "holo": true,
        "normal": true,
        "reverse": true,
        "wPromo": false
    },
    "variants_detailed": [
        {
            "type": "normal",
            "size": "Standard"
        },
        {
            "type": "reverse",
            "size": "Standard"
        },
        {
            "type": "holo",
            "size": "Standard"
        }
    ],
    "hp": 80,
    "types": [
        "Électrique"
    ],
    "description": "Le lien magnétique qui rattache ces trois Magnéti est si puissant\nqu'il fait mal aux oreilles si on s'en approche trop.",
    "stage": "Niveau 1",
    "abilities": [
        {
            "type": "Talent",
            "name": "Charge Volt",
            "effect": "Une fois pendant votre tour, vous pouvez prendre une Énergie {L} de votre zone Énergie et l'attacher à ce Pokémon."
        }
    ],
    "attacks": [
        {
            "cost": [
                "Électrique",
                "Incolore",
                "Incolore",
                "Incolore"
            ],
            "name": "Attaque Tournante",
            "damage": "60"
        }
    ],
    "weaknesses": [
        {
            "type": "Combat",
            "value": "+20"
        }
    ],
    "retreat": 2,
    "legal": {
        "standard": false,
        "expanded": false
    },
    "boosters": [
        {
            "id": "boo_A1-pikachu",
            "name": "Pikachu"
        }
    ],
    "updated": "2025-05-18T00:53:26+02:00",
    "pricing": {
        "cardmarket": null,
        "tcgplayer": null
    }
}