{
    "category": "Pokémon",
    "id": "A1-065",
    "illustrator": "Kanako Eo",
    "image": "https://assets.tcgdex.net/fr/tcgp/A1/065",
    "localId": "065",
    "name": "Lamantine",
    "rarity": "Deux Diamants",
    "set": {
        "cardCount": {
            "official": 226,
            "total": 286
        },
        "id": "A1",
        "name": "Puissance Génétique",
        "symbol": "https://assets.tcgdex.net/univ/tcgp/A1/symbol"
    },
    "variants": {
        "firstEdition": false,
        "holo": true,
        "normal": true,
        "reverse": true,
        "wPromo": false
    },
    "variants_detailed": [
        {
            "type": "normal",
            "size": "Standard"
        },
        {
            "type": "reverse",
            "size": "Standard"
        },
        {
            "type": "holo",
            "size": "Standard"
        }
    ],
    "hp": 120,
    "types": [
        "Eau"
    ],
    "description": "Après manger, il s'étale de tout son long sur les plages\nde sable fin. Le soleil le réchauffe et facilite sa digestion.",
    "stage": "Niveau 1",
    "attacks": [
        {
            "cost": [
                "Eau",
                "Eau",
                "Eau"
            ],
            "name": "Surf",
            "damage": "90"
        }
    ],
    "weaknesses": [
        {
            "type": "Électrique",
            "value": "+20"
        }
    ],
    "retreat": 3,
    "legal": {
        "standard": false,
        "expanded": false
    },
    "boosters": [
        {
            "id": "boo_A1-pikachu",
            "name": "Pikachu"
        }
    ],
    "updated": "2025-05-18T00:53:26+02:00",
    "pricing": {
        "cardmarket": null,
        "tcgplayer": null
    }
}