{
    "category": "Pokémon",
    "id": "A1-061",
    "illustrator": "Akira Komayama",
    "image": "https://assets.tcgdex.net/fr/tcgp/A1/061",
    "localId": "061",
    "name": "Tartard",
    "rarity": "Trois Diamants",
    "set": {
        "cardCount": {
            "official": 226,
            "total": 286
        },
        "id": "A1",
        "name": "Puissance Génétique",
        "symbol": "https://assets.tcgdex.net/univ/tcgp/A1/symbol"
    },
    "variants": {
        "firstEdition": false,
        "holo": true,
        "normal": true,
        "reverse": true,
        "wPromo": false
    },
    "variants_detailed": [
        {
            "type": "normal",
            "size": "Standard"
        },
        {
            "type": "reverse",
            "size": "Standard"
        },
        {
            "type": "holo",
            "size": "Standard"
        }
    ],
    "hp": 150,
    "types": [
        "Eau"
    ],
    "description": "Cette véritable montagne de muscles peut\nse frayer un chemin même dans les eaux glaciales\nen éclatant la banquise avec ses bras robustes.",
    "stage": "Niveau 2",
    "abilities": [
        {
            "type": "Talent",
            "name": "Contre-Attaque",
            "effect": "Si ce Pokémon est sur le Poste Actif et subit les dégâts d'une attaque d'un Pokémon de votre adversaire, le Pokémon Attaquant subit 20 dégâts."
        }
    ],
    "attacks": [
        {
            "cost": [
                "Eau",
                "Incolore",
                "Incolore"
            ],
            "name": "Ultimapoing",
            "damage": "80"
        }
    ],
    "weaknesses": [
        {
            "type": "Électrique",
            "value": "+20"
        }
    ],
    "retreat": 2,
    "legal": {
        "standard": false,
        "expanded": false
    },
    "boosters": [
        {
            "id": "boo_A1-charizard",
            "name": "Dracaufeu"
        }
    ],
    "updated": "2025-05-18T00:53:26+02:00",
    "pricing": {
        "cardmarket": null,
        "tcgplayer": null
    }
}