{
    "category": "Pokémon",
    "id": "A1-095",
    "illustrator": "AKIRA EGAWA",
    "image": "https://assets.tcgdex.net/fr/tcgp/A1/095",
    "localId": "095",
    "name": "Raichu",
    "rarity": "Trois Diamants",
    "set": {
        "cardCount": {
            "official": 226,
            "total": 286
        },
        "id": "A1",
        "name": "Puissance Génétique",
        "symbol": "https://assets.tcgdex.net/univ/tcgp/A1/symbol"
    },
    "variants": {
        "firstEdition": false,
        "holo": true,
        "normal": true,
        "reverse": true,
        "wPromo": false
    },
    "variants_detailed": [
        {
            "type": "normal",
            "size": "Standard"
        },
        {
            "type": "reverse",
            "size": "Standard"
        },
        {
            "type": "holo",
            "size": "Standard"
        }
    ],
    "hp": 100,
    "types": [
        "Électrique"
    ],
    "description": "Il se protège des décharges grâce à sa queue,\nqui dissipe l'électricité dans le sol.",
    "stage": "Niveau 1",
    "attacks": [
        {
            "cost": [
                "Électrique",
                "Électrique",
                "Électrique"
            ],
            "name": "Tonnerre",
            "effect": "Défaussez toutes les Énergies de ce Pokémon.",
            "damage": "140"
        }
    ],
    "weaknesses": [
        {
            "type": "Combat",
            "value": "+20"
        }
    ],
    "retreat": 1,
    "legal": {
        "standard": false,
        "expanded": false
    },
    "boosters": [
        {
            "id": "boo_A1-pikachu",
            "name": "Pikachu"
        }
    ],
    "updated": "2025-05-18T00:53:26+02:00",
    "pricing": {
        "cardmarket": null,
        "tcgplayer": null
    }
}