{
    "category": "Pokémon",
    "id": "A1-083",
    "illustrator": "Hitoshi Ariga",
    "image": "https://assets.tcgdex.net/fr/tcgp/A1/083",
    "localId": "083",
    "name": "Artikodin",
    "rarity": "Trois Diamants",
    "set": {
        "cardCount": {
            "official": 226,
            "total": 286
        },
        "id": "A1",
        "name": "Puissance Génétique",
        "symbol": "https://assets.tcgdex.net/univ/tcgp/A1/symbol"
    },
    "variants": {
        "firstEdition": false,
        "holo": true,
        "normal": true,
        "reverse": true,
        "wPromo": false
    },
    "variants_detailed": [
        {
            "type": "normal",
            "size": "Standard"
        },
        {
            "type": "reverse",
            "size": "Standard"
        },
        {
            "type": "holo",
            "size": "Standard"
        }
    ],
    "hp": 100,
    "types": [
        "Eau"
    ],
    "description": "On raconte que ses belles plumes bleues sont\nfaites de glace. Sa longue queue flotte au vent\nlorsqu'il vole au-dessus des monts enneigés.",
    "stage": "De base",
    "attacks": [
        {
            "cost": [
                "Eau",
                "Eau",
                "Incolore"
            ],
            "name": "Laser Glace",
            "effect": "Lancez une pièce. Si c'est face, le Pokémon Actif de votre adversaire est maintenant Paralysé.",
            "damage": "60"
        }
    ],
    "weaknesses": [
        {
            "type": "Électrique",
            "value": "+20"
        }
    ],
    "retreat": 1,
    "legal": {
        "standard": false,
        "expanded": false
    },
    "boosters": [
        {
            "id": "boo_A1-mewtwo",
            "name": "Mewtwo"
        }
    ],
    "updated": "2025-05-18T00:53:26+02:00",
    "pricing": {
        "cardmarket": null,
        "tcgplayer": null
    }
}