{
    "category": "Pokémon",
    "id": "A1-055",
    "illustrator": "Nurikabe",
    "image": "https://assets.tcgdex.net/fr/tcgp/A1/055",
    "localId": "055",
    "name": "Tortank",
    "rarity": "Trois Diamants",
    "set": {
        "cardCount": {
            "official": 226,
            "total": 286
        },
        "id": "A1",
        "name": "Puissance Génétique",
        "symbol": "https://assets.tcgdex.net/univ/tcgp/A1/symbol"
    },
    "variants": {
        "firstEdition": false,
        "holo": true,
        "normal": true,
        "reverse": true,
        "wPromo": false
    },
    "variants_detailed": [
        {
            "type": "normal",
            "size": "Standard"
        },
        {
            "type": "reverse",
            "size": "Standard"
        },
        {
            "type": "holo",
            "size": "Standard"
        }
    ],
    "hp": 150,
    "types": [
        "Eau"
    ],
    "description": "Il écrase ses adversaires de tout son poids\npour leur faire perdre connaissance.\nIl rentre dans sa carapace s'il se sent en danger.",
    "stage": "Niveau 2",
    "attacks": [
        {
            "cost": [
                "Eau",
                "Incolore"
            ],
            "name": "Hydrocanon",
            "effect": "Si ce Pokémon a au moins 2 Énergies {W} de plus, cette attaque inflige 60 dégâts supplémentaires.",
            "damage": "80+"
        }
    ],
    "weaknesses": [
        {
            "type": "Électrique",
            "value": "+20"
        }
    ],
    "retreat": 3,
    "legal": {
        "standard": false,
        "expanded": false
    },
    "boosters": [
        {
            "id": "boo_A1-pikachu",
            "name": "Pikachu"
        }
    ],
    "updated": "2025-05-18T00:53:26+02:00",
    "pricing": {
        "cardmarket": null,
        "tcgplayer": null
    }
}