{
    "category": "Pokémon",
    "id": "A1-091",
    "illustrator": "Mizue",
    "image": "https://assets.tcgdex.net/fr/tcgp/A1/091",
    "localId": "091",
    "name": "Denticrisse",
    "rarity": "Deux Diamants",
    "set": {
        "cardCount": {
            "official": 226,
            "total": 286
        },
        "id": "A1",
        "name": "Puissance Génétique",
        "symbol": "https://assets.tcgdex.net/univ/tcgp/A1/symbol"
    },
    "variants": {
        "firstEdition": false,
        "holo": true,
        "normal": true,
        "reverse": true,
        "wPromo": false
    },
    "variants_detailed": [
        {
            "type": "normal",
            "size": "Standard"
        },
        {
            "type": "reverse",
            "size": "Standard"
        },
        {
            "type": "holo",
            "size": "Standard"
        }
    ],
    "hp": 90,
    "types": [
        "Eau"
    ],
    "description": "Ce Pokémon grince fortement des dents afin de\nstimuler son cerveau. Il projette ensuite l'énergie\npsychique ainsi créée par l'appendice sur sa tête.",
    "stage": "De base",
    "attacks": [
        {
            "cost": [
                "Eau",
                "Incolore"
            ],
            "name": "Deuxième Coup",
            "effect": "Si le Pokémon Actif de votre adversaire a subi des dégâts, cette attaque inflige 60 dégâts de plus.",
            "damage": "10+"
        }
    ],
    "weaknesses": [
        {
            "type": "Électrique",
            "value": "+20"
        }
    ],
    "retreat": 1,
    "legal": {
        "standard": false,
        "expanded": false
    },
    "boosters": [
        {
            "id": "boo_A1-mewtwo",
            "name": "Mewtwo"
        },
        {
            "id": "boo_A1-charizard",
            "name": "Dracaufeu"
        },
        {
            "id": "boo_A1-pikachu",
            "name": "Pikachu"
        }
    ],
    "updated": "2025-05-18T00:53:26+02:00",
    "pricing": {
        "cardmarket": null,
        "tcgplayer": null
    }
}