{
    "category": "Pokémon",
    "id": "A1-035",
    "illustrator": "takuyoa",
    "image": "https://assets.tcgdex.net/fr/tcgp/A1/035",
    "localId": "035",
    "name": "Dracaufeu",
    "rarity": "Trois Diamants",
    "set": {
        "cardCount": {
            "official": 226,
            "total": 286
        },
        "id": "A1",
        "name": "Puissance Génétique",
        "symbol": "https://assets.tcgdex.net/univ/tcgp/A1/symbol"
    },
    "variants": {
        "firstEdition": false,
        "holo": true,
        "normal": true,
        "reverse": true,
        "wPromo": false
    },
    "variants_detailed": [
        {
            "type": "normal",
            "size": "Standard"
        },
        {
            "type": "reverse",
            "size": "Standard"
        },
        {
            "type": "holo",
            "size": "Standard"
        }
    ],
    "hp": 150,
    "types": [
        "Feu"
    ],
    "description": "Son souffle brûlant peut faire fondre la roche.\nIl est parfois la cause d'incendies de forêt.",
    "stage": "Niveau 2",
    "attacks": [
        {
            "cost": [
                "Feu",
                "Feu",
                "Incolore",
                "Incolore"
            ],
            "name": "Danse Flammes",
            "effect": "Défaussez 2 Énergies {R} de ce Pokémon.",
            "damage": "150"
        }
    ],
    "weaknesses": [
        {
            "type": "Eau",
            "value": "+20"
        }
    ],
    "retreat": 2,
    "legal": {
        "standard": false,
        "expanded": false
    },
    "boosters": [
        {
            "id": "boo_A1-charizard",
            "name": "Dracaufeu"
        }
    ],
    "updated": "2025-07-08T11:31:53+02:00",
    "pricing": {
        "cardmarket": null,
        "tcgplayer": null
    }
}