{
    "category": "Pokémon",
    "id": "A1-081",
    "illustrator": "Suwama Chiaki",
    "image": "https://assets.tcgdex.net/fr/tcgp/A1/081",
    "localId": "081",
    "name": "Amonita",
    "rarity": "Deux Diamants",
    "set": {
        "cardCount": {
            "official": 226,
            "total": 286
        },
        "id": "A1",
        "name": "Puissance Génétique",
        "symbol": "https://assets.tcgdex.net/univ/tcgp/A1/symbol"
    },
    "variants": {
        "firstEdition": false,
        "holo": true,
        "normal": true,
        "reverse": true,
        "wPromo": false
    },
    "variants_detailed": [
        {
            "type": "normal",
            "size": "Standard"
        },
        {
            "type": "reverse",
            "size": "Standard"
        },
        {
            "type": "holo",
            "size": "Standard"
        }
    ],
    "hp": 90,
    "types": [
        "Eau"
    ],
    "description": "Ce Pokémon commence à poser problème,\ncar certains spécimens se sont enfuis ou\nont été relâchés après avoir été ressuscités.",
    "stage": "Niveau 1",
    "attacks": [
        {
            "cost": [
                "Eau"
            ],
            "name": "Pistolet à O",
            "damage": "40"
        }
    ],
    "weaknesses": [
        {
            "type": "Électrique",
            "value": "+20"
        }
    ],
    "retreat": 1,
    "legal": {
        "standard": false,
        "expanded": false
    },
    "boosters": [
        {
            "id": "boo_A1-pikachu",
            "name": "Pikachu"
        }
    ],
    "updated": "2025-07-08T11:31:53+02:00",
    "pricing": {
        "cardmarket": null,
        "tcgplayer": null
    }
}