{
    "category": "Pokémon",
    "id": "A1-073",
    "illustrator": "Kyoko Umemoto",
    "image": "https://assets.tcgdex.net/fr/tcgp/A1/073",
    "localId": "073",
    "name": "Poissoroy",
    "rarity": "Un Diamant",
    "set": {
        "cardCount": {
            "official": 226,
            "total": 286
        },
        "id": "A1",
        "name": "Puissance Génétique",
        "symbol": "https://assets.tcgdex.net/univ/tcgp/A1/symbol"
    },
    "variants": {
        "firstEdition": false,
        "holo": true,
        "normal": true,
        "reverse": true,
        "wPromo": false
    },
    "variants_detailed": [
        {
            "type": "normal",
            "size": "Standard"
        },
        {
            "type": "reverse",
            "size": "Standard"
        },
        {
            "type": "holo",
            "size": "Standard"
        }
    ],
    "hp": 100,
    "types": [
        "Eau"
    ],
    "description": "En automne, à la saison des amours, il fait des réserves\nde graisse et arbore des couleurs chatoyantes.",
    "stage": "Niveau 1",
    "attacks": [
        {
            "cost": [
                "Eau"
            ],
            "name": "Chanc'korne",
            "effect": "Lancez une pièce. Si c'est pile, cette attaque ne fait rien.",
            "damage": "80"
        }
    ],
    "weaknesses": [
        {
            "type": "Électrique",
            "value": "+20"
        }
    ],
    "retreat": 1,
    "legal": {
        "standard": false,
        "expanded": false
    },
    "boosters": [
        {
            "id": "boo_A1-pikachu",
            "name": "Pikachu"
        }
    ],
    "updated": "2025-05-18T00:53:26+02:00",
    "pricing": {
        "cardmarket": null,
        "tcgplayer": null
    }
}