{
    "category": "Pokémon",
    "id": "A1-016",
    "illustrator": "HYOGONOSUKE",
    "image": "https://assets.tcgdex.net/fr/tcgp/A1/016",
    "localId": "016",
    "name": "Mimitoss",
    "rarity": "Un Diamant",
    "set": {
        "cardCount": {
            "official": 226,
            "total": 286
        },
        "id": "A1",
        "name": "Puissance Génétique",
        "symbol": "https://assets.tcgdex.net/univ/tcgp/A1/symbol"
    },
    "variants": {
        "firstEdition": false,
        "holo": true,
        "normal": true,
        "reverse": true,
        "wPromo": false
    },
    "variants_detailed": [
        {
            "type": "normal",
            "size": "Standard"
        },
        {
            "type": "reverse",
            "size": "Standard"
        },
        {
            "type": "holo",
            "size": "Standard"
        }
    ],
    "hp": 60,
    "types": [
        "Plante"
    ],
    "description": "Son corps sécrète un poison redoutable. La nuit, il capture\nde petits Pokémon Insecte attirés par la lumière.",
    "stage": "De base",
    "attacks": [
        {
            "cost": [
                "Plante"
            ],
            "name": "Charge",
            "damage": "20"
        }
    ],
    "weaknesses": [
        {
            "type": "Feu",
            "value": "+20"
        }
    ],
    "retreat": 1,
    "legal": {
        "standard": false,
        "expanded": false
    },
    "boosters": [
        {
            "id": "boo_A1-mewtwo",
            "name": "Mewtwo"
        }
    ],
    "updated": "2025-07-08T11:31:53+02:00",
    "pricing": {
        "cardmarket": null,
        "tcgplayer": null
    }
}