{
    "category": "Pokémon",
    "id": "A1-089",
    "illustrator": "5ban Graphics",
    "image": "https://assets.tcgdex.net/fr/tcgp/A1/089",
    "localId": "089",
    "name": "Amphinobi",
    "rarity": "Trois Diamants",
    "set": {
        "cardCount": {
            "official": 226,
            "total": 286
        },
        "id": "A1",
        "name": "Puissance Génétique",
        "symbol": "https://assets.tcgdex.net/univ/tcgp/A1/symbol"
    },
    "variants": {
        "firstEdition": false,
        "holo": true,
        "normal": true,
        "reverse": true,
        "wPromo": false
    },
    "variants_detailed": [
        {
            "type": "normal",
            "size": "Standard"
        },
        {
            "type": "reverse",
            "size": "Standard"
        },
        {
            "type": "holo",
            "size": "Standard"
        }
    ],
    "hp": 120,
    "types": [
        "Eau"
    ],
    "description": "Il transforme des jets d'eau sous pression en redoutables\nshuriken. Une fois lancés, ils tournent si vite qu'ils peuvent\nmême couper le métal.",
    "stage": "Niveau 2",
    "abilities": [
        {
            "type": "Talent",
            "name": "Sheauriken",
            "effect": "Une fois pendant votre tour, vous pouvez infliger 20 dégâts à un Pokémon de votre adversaire."
        }
    ],
    "attacks": [
        {
            "cost": [
                "Eau",
                "Incolore"
            ],
            "name": "Tranche-Brume",
            "damage": "60"
        }
    ],
    "weaknesses": [
        {
            "type": "Électrique",
            "value": "+20"
        }
    ],
    "retreat": 1,
    "legal": {
        "standard": false,
        "expanded": false
    },
    "boosters": [
        {
            "id": "boo_A1-charizard",
            "name": "Dracaufeu"
        }
    ],
    "updated": "2025-05-18T00:53:26+02:00",
    "pricing": {
        "cardmarket": null,
        "tcgplayer": null
    }
}