{
    "category": "Pokémon",
    "id": "A1-067",
    "illustrator": "Saya Tsuruta",
    "image": "https://assets.tcgdex.net/fr/tcgp/A1/067",
    "localId": "067",
    "name": "Crustabri",
    "rarity": "Deux Diamants",
    "set": {
        "cardCount": {
            "official": 226,
            "total": 286
        },
        "id": "A1",
        "name": "Puissance Génétique",
        "symbol": "https://assets.tcgdex.net/univ/tcgp/A1/symbol"
    },
    "variants": {
        "firstEdition": false,
        "holo": true,
        "normal": true,
        "reverse": true,
        "wPromo": false
    },
    "variants_detailed": [
        {
            "type": "normal",
            "size": "Standard"
        },
        {
            "type": "reverse",
            "size": "Standard"
        },
        {
            "type": "holo",
            "size": "Standard"
        }
    ],
    "hp": 120,
    "types": [
        "Eau"
    ],
    "description": "Les Crustabri vivant dans des mers aux courants\nforts développent des dards particulièrement\nimposants et aiguisés sur leur coquille.",
    "stage": "Niveau 1",
    "abilities": [
        {
            "type": "Talent",
            "name": "Coque Armure",
            "effect": "Ce Pokémon subit − 10 dégâts provenant des attaques."
        }
    ],
    "attacks": [
        {
            "cost": [
                "Eau",
                "Eau",
                "Incolore"
            ],
            "name": "Surf",
            "damage": "70"
        }
    ],
    "weaknesses": [
        {
            "type": "Électrique",
            "value": "+20"
        }
    ],
    "retreat": 3,
    "legal": {
        "standard": false,
        "expanded": false
    },
    "boosters": [
        {
            "id": "boo_A1-mewtwo",
            "name": "Mewtwo"
        }
    ],
    "updated": "2025-05-18T00:53:26+02:00",
    "pricing": {
        "cardmarket": null,
        "tcgplayer": null
    }
}