{
    "category": "Pokémon",
    "id": "A1-039",
    "illustrator": "Mizue",
    "image": "https://assets.tcgdex.net/fr/tcgp/A1/039",
    "localId": "039",
    "name": "Caninos",
    "rarity": "Un Diamant",
    "set": {
        "cardCount": {
            "official": 226,
            "total": 286
        },
        "id": "A1",
        "name": "Puissance Génétique",
        "symbol": "https://assets.tcgdex.net/univ/tcgp/A1/symbol"
    },
    "variants": {
        "firstEdition": false,
        "holo": true,
        "normal": true,
        "reverse": true,
        "wPromo": false
    },
    "variants_detailed": [
        {
            "type": "normal",
            "size": "Standard"
        },
        {
            "type": "reverse",
            "size": "Standard"
        },
        {
            "type": "holo",
            "size": "Standard"
        }
    ],
    "hp": 70,
    "types": [
        "Feu"
    ],
    "description": "Courageux et fidèle, il se dresse vaillamment devant\nses ennemis même s'ils sont plus puissants que lui.",
    "stage": "De base",
    "attacks": [
        {
            "cost": [
                "Incolore",
                "Incolore"
            ],
            "name": "Morsure",
            "damage": "20"
        }
    ],
    "weaknesses": [
        {
            "type": "Eau",
            "value": "+20"
        }
    ],
    "retreat": 1,
    "legal": {
        "standard": false,
        "expanded": false
    },
    "boosters": [
        {
            "id": "boo_A1-pikachu",
            "name": "Pikachu"
        }
    ],
    "updated": "2025-05-18T00:53:26+02:00",
    "pricing": {
        "cardmarket": null,
        "tcgplayer": null
    }
}