{
    "category": "Pokémon",
    "id": "A1-032",
    "illustrator": "You Iribi",
    "image": "https://assets.tcgdex.net/fr/tcgp/A1/032",
    "localId": "032",
    "name": "Chevroum",
    "rarity": "Un Diamant",
    "set": {
        "cardCount": {
            "official": 226,
            "total": 286
        },
        "id": "A1",
        "name": "Puissance Génétique",
        "symbol": "https://assets.tcgdex.net/univ/tcgp/A1/symbol"
    },
    "variants": {
        "firstEdition": false,
        "holo": true,
        "normal": true,
        "reverse": true,
        "wPromo": false
    },
    "variants_detailed": [
        {
            "type": "normal",
            "size": "Standard"
        },
        {
            "type": "reverse",
            "size": "Standard"
        },
        {
            "type": "holo",
            "size": "Standard"
        }
    ],
    "hp": 120,
    "types": [
        "Plante"
    ],
    "description": "Il peut ressentir les émotions de ses adversaires\nen les touchant avec ses cornes. Il aide les êtres\nhumains dans leurs travaux depuis 5 000 ans.",
    "stage": "Niveau 1",
    "attacks": [
        {
            "cost": [
                "Plante",
                "Incolore",
                "Incolore"
            ],
            "name": "Tranch'Herbe",
            "damage": "70"
        }
    ],
    "weaknesses": [
        {
            "type": "Feu",
            "value": "+20"
        }
    ],
    "retreat": 2,
    "legal": {
        "standard": false,
        "expanded": false
    },
    "boosters": [
        {
            "id": "boo_A1-charizard",
            "name": "Dracaufeu"
        }
    ],
    "updated": "2025-05-18T00:53:26+02:00",
    "pricing": {
        "cardmarket": null,
        "tcgplayer": null
    }
}