{
    "category": "Pokémon",
    "id": "A1-021",
    "illustrator": "kawayoo",
    "image": "https://assets.tcgdex.net/fr/tcgp/A1/021",
    "localId": "021",
    "name": "Noeunoeuf",
    "rarity": "Un Diamant",
    "set": {
        "cardCount": {
            "official": 226,
            "total": 286
        },
        "id": "A1",
        "name": "Puissance Génétique",
        "symbol": "https://assets.tcgdex.net/univ/tcgp/A1/symbol"
    },
    "variants": {
        "firstEdition": false,
        "holo": true,
        "normal": true,
        "reverse": true,
        "wPromo": false
    },
    "variants_detailed": [
        {
            "type": "normal",
            "size": "Standard"
        },
        {
            "type": "reverse",
            "size": "Standard"
        },
        {
            "type": "holo",
            "size": "Standard"
        }
    ],
    "hp": 50,
    "types": [
        "Plante"
    ],
    "description": "Même s'il ressemble à un tas d'œufs,\nil s'agit bien d'un Pokémon. Il paraît qu'ils\ncommuniquent entre eux par télépathie.",
    "stage": "De base",
    "attacks": [
        {
            "cost": [
                "Plante"
            ],
            "name": "Canon Graine",
            "damage": "20"
        }
    ],
    "weaknesses": [
        {
            "type": "Feu",
            "value": "+20"
        }
    ],
    "retreat": 1,
    "legal": {
        "standard": false,
        "expanded": false
    },
    "boosters": [
        {
            "id": "boo_A1-charizard",
            "name": "Dracaufeu"
        }
    ],
    "updated": "2025-05-18T00:53:26+02:00",
    "pricing": {
        "cardmarket": null,
        "tcgplayer": null
    }
}