{
    "category": "Pokémon",
    "id": "A1-044",
    "illustrator": "Ryuta Fuse",
    "image": "https://assets.tcgdex.net/fr/tcgp/A1/044",
    "localId": "044",
    "name": "Magmar",
    "rarity": "Un Diamant",
    "set": {
        "cardCount": {
            "official": 226,
            "total": 286
        },
        "id": "A1",
        "name": "Puissance Génétique",
        "symbol": "https://assets.tcgdex.net/univ/tcgp/A1/symbol"
    },
    "variants": {
        "firstEdition": false,
        "holo": true,
        "normal": true,
        "reverse": true,
        "wPromo": false
    },
    "variants_detailed": [
        {
            "type": "normal",
            "size": "Standard"
        },
        {
            "type": "reverse",
            "size": "Standard"
        },
        {
            "type": "holo",
            "size": "Standard"
        }
    ],
    "hp": 80,
    "types": [
        "Feu"
    ],
    "description": "Il achève ses proies avec ses flammes, mais\nil lui arrive de les calciner accidentellement,\nà son plus grand regret.",
    "stage": "De base",
    "attacks": [
        {
            "cost": [
                "Feu",
                "Feu"
            ],
            "name": "Poing Magma",
            "damage": "50"
        }
    ],
    "weaknesses": [
        {
            "type": "Eau",
            "value": "+20"
        }
    ],
    "retreat": 2,
    "legal": {
        "standard": false,
        "expanded": false
    },
    "boosters": [
        {
            "id": "boo_A1-charizard",
            "name": "Dracaufeu"
        }
    ],
    "updated": "2025-05-18T00:53:26+02:00",
    "pricing": {
        "cardmarket": null,
        "tcgplayer": null
    }
}