{
    "category": "Pokémon",
    "id": "A1-022",
    "illustrator": "Yukiko Baba",
    "image": "https://assets.tcgdex.net/fr/tcgp/A1/022",
    "localId": "022",
    "name": "Noadkoko",
    "rarity": "Trois Diamants",
    "set": {
        "cardCount": {
            "official": 226,
            "total": 286
        },
        "id": "A1",
        "name": "Puissance Génétique",
        "symbol": "https://assets.tcgdex.net/univ/tcgp/A1/symbol"
    },
    "variants": {
        "firstEdition": false,
        "holo": true,
        "normal": true,
        "reverse": true,
        "wPromo": false
    },
    "variants_detailed": [
        {
            "type": "normal",
            "size": "Standard"
        },
        {
            "type": "reverse",
            "size": "Standard"
        },
        {
            "type": "holo",
            "size": "Standard"
        }
    ],
    "hp": 130,
    "types": [
        "Plante"
    ],
    "description": "Chacune de ses trois têtes pense de manière autonome.\nElles ne semblent s'intéresser qu'à elles-mêmes.",
    "stage": "Niveau 1",
    "attacks": [
        {
            "cost": [
                "Plante"
            ],
            "name": "Écrasement",
            "effect": "Lancez une pièce. Si c'est face, cette attaque inflige 30 dégâts de plus.",
            "damage": "30+"
        }
    ],
    "weaknesses": [
        {
            "type": "Feu",
            "value": "+20"
        }
    ],
    "retreat": 3,
    "legal": {
        "standard": false,
        "expanded": false
    },
    "boosters": [
        {
            "id": "boo_A1-charizard",
            "name": "Dracaufeu"
        }
    ],
    "updated": "2025-07-08T11:31:53+02:00",
    "pricing": {
        "cardmarket": null,
        "tcgplayer": null
    }
}