{
    "category": "Pokémon",
    "id": "A1-045",
    "illustrator": "sui",
    "image": "https://assets.tcgdex.net/fr/tcgp/A1/045",
    "localId": "045",
    "name": "Pyroli",
    "rarity": "Trois Diamants",
    "set": {
        "cardCount": {
            "official": 226,
            "total": 286
        },
        "id": "A1",
        "name": "Puissance Génétique",
        "symbol": "https://assets.tcgdex.net/univ/tcgp/A1/symbol"
    },
    "variants": {
        "firstEdition": false,
        "holo": true,
        "normal": true,
        "reverse": true,
        "wPromo": false
    },
    "variants_detailed": [
        {
            "type": "normal",
            "size": "Standard"
        },
        {
            "type": "reverse",
            "size": "Standard"
        },
        {
            "type": "holo",
            "size": "Standard"
        }
    ],
    "hp": 120,
    "types": [
        "Feu"
    ],
    "description": "Sa glande enflammée chauffe l'air qu'il inspire.\nIl l'exhale ensuite sous forme de flamme\natteignant les 1 700 °C.",
    "stage": "Niveau 1",
    "attacks": [
        {
            "cost": [
                "Feu",
                "Incolore",
                "Incolore"
            ],
            "name": "Lance-Flammes",
            "effect": "Défaussez une Énergie {R} de ce Pokémon.",
            "damage": "110"
        }
    ],
    "weaknesses": [
        {
            "type": "Eau",
            "value": "+20"
        }
    ],
    "retreat": 2,
    "legal": {
        "standard": false,
        "expanded": false
    },
    "boosters": [
        {
            "id": "boo_A1-charizard",
            "name": "Dracaufeu"
        }
    ],
    "updated": "2025-05-18T00:53:26+02:00",
    "pricing": {
        "cardmarket": null,
        "tcgplayer": null
    }
}