{
    "category": "Pokémon",
    "id": "A1-046",
    "illustrator": "Hitoshi Ariga",
    "image": "https://assets.tcgdex.net/fr/tcgp/A1/046",
    "localId": "046",
    "name": "Sulfura",
    "rarity": "Trois Diamants",
    "set": {
        "cardCount": {
            "official": 226,
            "total": 286
        },
        "id": "A1",
        "name": "Puissance Génétique",
        "symbol": "https://assets.tcgdex.net/univ/tcgp/A1/symbol"
    },
    "variants": {
        "firstEdition": false,
        "holo": true,
        "normal": true,
        "reverse": true,
        "wPromo": false
    },
    "variants_detailed": [
        {
            "type": "normal",
            "size": "Standard"
        },
        {
            "type": "reverse",
            "size": "Standard"
        },
        {
            "type": "holo",
            "size": "Standard"
        }
    ],
    "hp": 100,
    "types": [
        "Feu"
    ],
    "description": "Il s'agit d'un des Pokémon oiseaux légendaires.\nDes flammes rouges d'une grande beauté\nétincellent lorsqu'il bat des ailes.",
    "stage": "De base",
    "attacks": [
        {
            "cost": [
                "Feu",
                "Incolore",
                "Incolore"
            ],
            "name": "Piqué",
            "effect": "Lancez une pièce. Si c'est pile, cette attaque ne fait rien.",
            "damage": "130"
        }
    ],
    "weaknesses": [
        {
            "type": "Électrique",
            "value": "+20"
        }
    ],
    "retreat": 1,
    "legal": {
        "standard": false,
        "expanded": false
    },
    "boosters": [
        {
            "id": "boo_A1-charizard",
            "name": "Dracaufeu"
        }
    ],
    "updated": "2025-05-18T00:53:26+02:00",
    "pricing": {
        "cardmarket": null,
        "tcgplayer": null
    }
}