{
    "category": "Pokémon",
    "id": "A1-014",
    "illustrator": "Naoyo Kimura",
    "image": "https://assets.tcgdex.net/fr/tcgp/A1/014",
    "localId": "014",
    "name": "Paras",
    "rarity": "Un Diamant",
    "set": {
        "cardCount": {
            "official": 226,
            "total": 286
        },
        "id": "A1",
        "name": "Puissance Génétique",
        "symbol": "https://assets.tcgdex.net/univ/tcgp/A1/symbol"
    },
    "variants": {
        "firstEdition": false,
        "holo": true,
        "normal": true,
        "reverse": true,
        "wPromo": false
    },
    "variants_detailed": [
        {
            "type": "normal",
            "size": "Standard"
        },
        {
            "type": "reverse",
            "size": "Standard"
        },
        {
            "type": "holo",
            "size": "Standard"
        }
    ],
    "hp": 70,
    "types": [
        "Plante"
    ],
    "description": "Les champignons, appelés tochukaso,\ncontrôlent l'insecte contre sa volonté.",
    "stage": "De base",
    "attacks": [
        {
            "cost": [
                "Plante",
                "Incolore"
            ],
            "name": "Griffe",
            "damage": "30"
        }
    ],
    "weaknesses": [
        {
            "type": "Feu",
            "value": "+20"
        }
    ],
    "retreat": 1,
    "legal": {
        "standard": false,
        "expanded": false
    },
    "boosters": [
        {
            "id": "boo_A1-pikachu",
            "name": "Pikachu"
        }
    ],
    "updated": "2025-05-18T00:53:26+02:00",
    "pricing": {
        "cardmarket": null,
        "tcgplayer": null
    }
}