{
    "category": "Pokémon",
    "id": "A1-085",
    "illustrator": "Yumi",
    "image": "https://assets.tcgdex.net/fr/tcgp/A1/085",
    "localId": "085",
    "name": "Couaneton",
    "rarity": "Un Diamant",
    "set": {
        "cardCount": {
            "official": 226,
            "total": 286
        },
        "id": "A1",
        "name": "Puissance Génétique",
        "symbol": "https://assets.tcgdex.net/univ/tcgp/A1/symbol"
    },
    "variants": {
        "firstEdition": false,
        "holo": true,
        "normal": true,
        "reverse": true,
        "wPromo": false
    },
    "variants_detailed": [
        {
            "type": "normal",
            "size": "Standard"
        },
        {
            "type": "reverse",
            "size": "Standard"
        },
        {
            "type": "holo",
            "size": "Standard"
        }
    ],
    "hp": 50,
    "types": [
        "Eau"
    ],
    "description": "Quand on l'attaque, il s'ébroue et fait jaillir de la vapeur d'eau\nde tout son corps. Il se cache dedans pour s'enfuir.",
    "stage": "De base",
    "attacks": [
        {
            "cost": [
                "Incolore",
                "Incolore"
            ],
            "name": "Battement",
            "damage": "30"
        }
    ],
    "weaknesses": [
        {
            "type": "Électrique",
            "value": "+20"
        }
    ],
    "retreat": 1,
    "legal": {
        "standard": false,
        "expanded": false
    },
    "boosters": [
        {
            "id": "boo_A1-charizard",
            "name": "Dracaufeu"
        }
    ],
    "updated": "2025-05-18T00:53:26+02:00",
    "pricing": {
        "cardmarket": null,
        "tcgplayer": null
    }
}