{
    "category": "Pokémon",
    "id": "A1-028",
    "illustrator": "Atsuko Nishida",
    "image": "https://assets.tcgdex.net/fr/tcgp/A1/028",
    "localId": "028",
    "name": "Farfaduvet",
    "rarity": "Deux Diamants",
    "set": {
        "cardCount": {
            "official": 226,
            "total": 286
        },
        "id": "A1",
        "name": "Puissance Génétique",
        "symbol": "https://assets.tcgdex.net/univ/tcgp/A1/symbol"
    },
    "variants": {
        "firstEdition": false,
        "holo": true,
        "normal": true,
        "reverse": true,
        "wPromo": false
    },
    "variants_detailed": [
        {
            "type": "normal",
            "size": "Standard"
        },
        {
            "type": "reverse",
            "size": "Standard"
        },
        {
            "type": "holo",
            "size": "Standard"
        }
    ],
    "hp": 80,
    "types": [
        "Plante"
    ],
    "description": "Il joue de mauvais tours en répandant son coton.\nSi on le mouille, il s'alourdit et ne peut plus\nbouger, ce qui l'oblige à s'avouer vaincu.",
    "stage": "Niveau 1",
    "attacks": [
        {
            "cost": [
                "Incolore"
            ],
            "name": "Roulé-Boulé",
            "damage": "40"
        }
    ],
    "weaknesses": [
        {
            "type": "Feu",
            "value": "+20"
        }
    ],
    "retreat": 1,
    "legal": {
        "standard": false,
        "expanded": false
    },
    "boosters": [
        {
            "id": "boo_A1-mewtwo",
            "name": "Mewtwo"
        },
        {
            "id": "boo_A1-charizard",
            "name": "Dracaufeu"
        },
        {
            "id": "boo_A1-pikachu",
            "name": "Pikachu"
        }
    ],
    "updated": "2025-05-18T00:53:26+02:00",
    "pricing": {
        "cardmarket": null,
        "tcgplayer": null
    }
}