{
    "category": "Pokémon",
    "id": "A1-020",
    "illustrator": "Sumiyoshi Kizuki",
    "image": "https://assets.tcgdex.net/fr/tcgp/A1/020",
    "localId": "020",
    "name": "Empiflor",
    "rarity": "Trois Diamants",
    "set": {
        "cardCount": {
            "official": 226,
            "total": 286
        },
        "id": "A1",
        "name": "Puissance Génétique",
        "symbol": "https://assets.tcgdex.net/univ/tcgp/A1/symbol"
    },
    "variants": {
        "firstEdition": false,
        "holo": true,
        "normal": true,
        "reverse": true,
        "wPromo": false
    },
    "variants_detailed": [
        {
            "type": "normal",
            "size": "Standard"
        },
        {
            "type": "reverse",
            "size": "Standard"
        },
        {
            "type": "holo",
            "size": "Standard"
        }
    ],
    "hp": 140,
    "types": [
        "Plante"
    ],
    "description": "On dit qu'il vit en colonie dans la jungle,\nmais personne n'en est jamais revenu\nvivant pour le confirmer.",
    "stage": "Niveau 2",
    "abilities": [
        {
            "type": "Talent",
            "name": "Piège Parfumé",
            "effect": "Si ce Pokémon est sur le Poste Actif, une fois pendant votre tour, vous pouvez échanger l'un des Pokémon de base sur le Banc de votre adversaire contre son Pokémon Actif."
        }
    ],
    "attacks": [
        {
            "cost": [
                "Plante",
                "Incolore"
            ],
            "name": "Fouet Lianes",
            "damage": "60"
        }
    ],
    "weaknesses": [
        {
            "type": "Feu",
            "value": "+20"
        }
    ],
    "retreat": 2,
    "legal": {
        "standard": false,
        "expanded": false
    },
    "boosters": [
        {
            "id": "boo_A1-charizard",
            "name": "Dracaufeu"
        }
    ],
    "updated": "2025-05-18T00:53:26+02:00",
    "pricing": {
        "cardmarket": null,
        "tcgplayer": null
    }
}