{
    "category": "Pokémon",
    "id": "A1-072",
    "illustrator": "Kyoko Umemoto",
    "image": "https://assets.tcgdex.net/fr/tcgp/A1/072",
    "localId": "072",
    "name": "Poissirène",
    "rarity": "Un Diamant",
    "set": {
        "cardCount": {
            "official": 226,
            "total": 286
        },
        "id": "A1",
        "name": "Puissance Génétique",
        "symbol": "https://assets.tcgdex.net/univ/tcgp/A1/symbol"
    },
    "variants": {
        "firstEdition": false,
        "holo": true,
        "normal": true,
        "reverse": true,
        "wPromo": false
    },
    "variants_detailed": [
        {
            "type": "normal",
            "size": "Standard"
        },
        {
            "type": "reverse",
            "size": "Standard"
        },
        {
            "type": "holo",
            "size": "Standard"
        }
    ],
    "hp": 60,
    "types": [
        "Eau"
    ],
    "description": "Ses nageoires dorsales, pectorales\net caudales ondulent avec élégance.\nIl est surnommé le \" danseur des flots \".",
    "stage": "De base",
    "attacks": [
        {
            "cost": [
                "Incolore"
            ],
            "name": "Flop",
            "damage": "10"
        }
    ],
    "weaknesses": [
        {
            "type": "Électrique",
            "value": "+20"
        }
    ],
    "retreat": 1,
    "legal": {
        "standard": false,
        "expanded": false
    },
    "boosters": [
        {
            "id": "boo_A1-pikachu",
            "name": "Pikachu"
        }
    ],
    "updated": "2025-05-18T00:53:26+02:00",
    "pricing": {
        "cardmarket": null,
        "tcgplayer": null
    }
}