{
    "category": "Pokémon",
    "id": "A1-082",
    "illustrator": "kirisAki",
    "image": "https://assets.tcgdex.net/fr/tcgp/A1/082",
    "localId": "082",
    "name": "Amonistar",
    "rarity": "Trois Diamants",
    "set": {
        "cardCount": {
            "official": 226,
            "total": 286
        },
        "id": "A1",
        "name": "Puissance Génétique",
        "symbol": "https://assets.tcgdex.net/univ/tcgp/A1/symbol"
    },
    "variants": {
        "firstEdition": false,
        "holo": true,
        "normal": true,
        "reverse": true,
        "wPromo": false
    },
    "variants_detailed": [
        {
            "type": "normal",
            "size": "Standard"
        },
        {
            "type": "reverse",
            "size": "Standard"
        },
        {
            "type": "holo",
            "size": "Standard"
        }
    ],
    "hp": 140,
    "types": [
        "Eau"
    ],
    "description": "Il se serait éteint à cause de la taille et du poids\nimportants de sa coquille, qui le ralentissait\nquand il chassait ses proies.",
    "stage": "Niveau 2",
    "attacks": [
        {
            "cost": [
                "Eau",
                "Incolore",
                "Incolore"
            ],
            "name": "Siphon Antique",
            "effect": "Pendant le prochain tour de votre adversaire, le Pokémon Défenseur ne peut pas attaquer.",
            "damage": "70"
        }
    ],
    "weaknesses": [
        {
            "type": "Électrique",
            "value": "+20"
        }
    ],
    "retreat": 2,
    "legal": {
        "standard": false,
        "expanded": false
    },
    "boosters": [
        {
            "id": "boo_A1-pikachu",
            "name": "Pikachu"
        }
    ],
    "updated": "2025-05-18T00:53:26+02:00",
    "pricing": {
        "cardmarket": null,
        "tcgplayer": null
    }
}