{
    "category": "Pokémon",
    "id": "A1-093",
    "illustrator": "aoki",
    "image": "https://assets.tcgdex.net/fr/tcgp/A1/093",
    "localId": "093",
    "name": "Beldeneige",
    "rarity": "Deux Diamants",
    "set": {
        "cardCount": {
            "official": 226,
            "total": 286
        },
        "id": "A1",
        "name": "Puissance Génétique",
        "symbol": "https://assets.tcgdex.net/univ/tcgp/A1/symbol"
    },
    "variants": {
        "firstEdition": false,
        "holo": true,
        "normal": true,
        "reverse": true,
        "wPromo": false
    },
    "variants_detailed": [
        {
            "type": "normal",
            "size": "Standard"
        },
        {
            "type": "reverse",
            "size": "Standard"
        },
        {
            "type": "holo",
            "size": "Standard"
        }
    ],
    "hp": 90,
    "types": [
        "Eau"
    ],
    "description": "Ce Pokémon perçoit les courants d'air grâce\nà ses antennes. Il lance ses écailles dans l'air\nglacé, et elles tombent comme de la neige.",
    "stage": "Niveau 1",
    "attacks": [
        {
            "cost": [
                "Eau",
                "Incolore"
            ],
            "name": "Poudreuse",
            "effect": "Le Pokémon Actif de votre adversaire est maintenant Endormi.",
            "damage": "40"
        }
    ],
    "weaknesses": [
        {
            "type": "Métal",
            "value": "+20"
        }
    ],
    "retreat": 1,
    "legal": {
        "standard": false,
        "expanded": false
    },
    "boosters": [
        {
            "id": "boo_A1-mewtwo",
            "name": "Mewtwo"
        },
        {
            "id": "boo_A1-charizard",
            "name": "Dracaufeu"
        },
        {
            "id": "boo_A1-pikachu",
            "name": "Pikachu"
        }
    ],
    "updated": "2025-05-18T00:53:26+02:00",
    "pricing": {
        "cardmarket": null,
        "tcgplayer": null
    }
}