{
    "category": "Pokémon",
    "id": "A1-026",
    "illustrator": "Eri Yamaki",
    "image": "https://assets.tcgdex.net/fr/tcgp/A1/026",
    "localId": "026",
    "name": "Scarabrute",
    "rarity": "Deux Diamants",
    "set": {
        "cardCount": {
            "official": 226,
            "total": 286
        },
        "id": "A1",
        "name": "Puissance Génétique",
        "symbol": "https://assets.tcgdex.net/univ/tcgp/A1/symbol"
    },
    "variants": {
        "firstEdition": false,
        "holo": true,
        "normal": true,
        "reverse": true,
        "wPromo": false
    },
    "variants_detailed": [
        {
            "type": "normal",
            "size": "Standard"
        },
        {
            "type": "reverse",
            "size": "Standard"
        },
        {
            "type": "holo",
            "size": "Standard"
        }
    ],
    "hp": 90,
    "types": [
        "Plante"
    ],
    "description": "Ses cornes déterminent son rang au sein\ndu groupe. Plus elles sont imposantes, plus\nles membres du sexe opposé l'apprécient.",
    "stage": "De base",
    "attacks": [
        {
            "cost": [
                "Plante",
                "Plante"
            ],
            "name": "Double Corne",
            "effect": "Lancez 2 pièces. Cette attaque inflige 50 dégâts pour chaque côté face.",
            "damage": "50×"
        }
    ],
    "weaknesses": [
        {
            "type": "Feu",
            "value": "+20"
        }
    ],
    "retreat": 2,
    "legal": {
        "standard": false,
        "expanded": false
    },
    "boosters": [
        {
            "id": "boo_A1-mewtwo",
            "name": "Mewtwo"
        },
        {
            "id": "boo_A1-charizard",
            "name": "Dracaufeu"
        },
        {
            "id": "boo_A1-pikachu",
            "name": "Pikachu"
        }
    ],
    "updated": "2025-05-18T00:53:26+02:00",
    "pricing": {
        "cardmarket": null,
        "tcgplayer": null
    }
}