{
    "category": "Pokémon",
    "id": "A1-096",
    "illustrator": "PLANETA CG Works",
    "image": "https://assets.tcgdex.net/fr/tcgp/A1/096",
    "localId": "096",
    "name": "Pikachu-ex",
    "rarity": "Quatre Diamants",
    "set": {
        "cardCount": {
            "official": 226,
            "total": 286
        },
        "id": "A1",
        "name": "Puissance Génétique",
        "symbol": "https://assets.tcgdex.net/univ/tcgp/A1/symbol"
    },
    "variants": {
        "firstEdition": false,
        "holo": true,
        "normal": true,
        "reverse": true,
        "wPromo": false
    },
    "variants_detailed": [
        {
            "type": "normal",
            "size": "Standard"
        },
        {
            "type": "reverse",
            "size": "Standard"
        },
        {
            "type": "holo",
            "size": "Standard"
        }
    ],
    "hp": 120,
    "types": [
        "Électrique"
    ],
    "stage": "De base",
    "suffix": "EX",
    "attacks": [
        {
            "cost": [
                "Électrique",
                "Électrique"
            ],
            "name": "Cercle Électrik",
            "effect": "Cette attaque inflige 30 dégâts pour chaque Pokémon {L} sur votre Banc.",
            "damage": "30×"
        }
    ],
    "weaknesses": [
        {
            "type": "Combat",
            "value": "+20"
        }
    ],
    "retreat": 1,
    "legal": {
        "standard": false,
        "expanded": false
    },
    "boosters": [
        {
            "id": "boo_A1-pikachu",
            "name": "Pikachu"
        }
    ],
    "updated": "2025-05-18T00:53:26+02:00",
    "pricing": {
        "cardmarket": null,
        "tcgplayer": null
    }
}