{
    "category": "Pokémon",
    "id": "A1-071",
    "illustrator": "Sanosuke Sakuma",
    "image": "https://assets.tcgdex.net/fr/tcgp/A1/071",
    "localId": "071",
    "name": "Hypocéan",
    "rarity": "Deux Diamants",
    "set": {
        "cardCount": {
            "official": 226,
            "total": 286
        },
        "id": "A1",
        "name": "Puissance Génétique",
        "symbol": "https://assets.tcgdex.net/univ/tcgp/A1/symbol"
    },
    "variants": {
        "firstEdition": false,
        "holo": true,
        "normal": true,
        "reverse": true,
        "wPromo": false
    },
    "variants_detailed": [
        {
            "type": "normal",
            "size": "Standard"
        },
        {
            "type": "reverse",
            "size": "Standard"
        },
        {
            "type": "holo",
            "size": "Standard"
        }
    ],
    "hp": 70,
    "types": [
        "Eau"
    ],
    "description": "Les mâles s'occupent des petits, et tant qu'ils en\nont à élever, le venin contenu dans leurs épines\ndorsales devient beaucoup plus fort.",
    "stage": "Niveau 1",
    "attacks": [
        {
            "cost": [
                "Eau",
                "Eau",
                "Incolore"
            ],
            "name": "Flèche d'Eau",
            "effect": "Cette attaque inflige 50 dégâts à l'un des Pokémon de votre adversaire."
        }
    ],
    "weaknesses": [
        {
            "type": "Électrique",
            "value": "+20"
        }
    ],
    "retreat": 1,
    "legal": {
        "standard": false,
        "expanded": false
    },
    "boosters": [
        {
            "id": "boo_A1-pikachu",
            "name": "Pikachu"
        }
    ],
    "updated": "2025-05-18T00:53:26+02:00",
    "pricing": {
        "cardmarket": null,
        "tcgplayer": null
    }
}