{
    "category": "Pokémon",
    "id": "A1-037",
    "illustrator": "Toshinao Aoki",
    "image": "https://assets.tcgdex.net/fr/tcgp/A1/037",
    "localId": "037",
    "name": "Goupix",
    "rarity": "Un Diamant",
    "set": {
        "cardCount": {
            "official": 226,
            "total": 286
        },
        "id": "A1",
        "name": "Puissance Génétique",
        "symbol": "https://assets.tcgdex.net/univ/tcgp/A1/symbol"
    },
    "variants": {
        "firstEdition": false,
        "holo": true,
        "normal": true,
        "reverse": true,
        "wPromo": false
    },
    "variants_detailed": [
        {
            "type": "normal",
            "size": "Standard"
        },
        {
            "type": "reverse",
            "size": "Standard"
        },
        {
            "type": "holo",
            "size": "Standard"
        }
    ],
    "hp": 50,
    "types": [
        "Feu"
    ],
    "description": "Quand il est jeune, ce Pokémon a six queues magnifiques.\nDe nouvelles queues apparaissent tout au long de sa croissance.",
    "stage": "De base",
    "attacks": [
        {
            "cost": [
                "Incolore"
            ],
            "name": "Mimi-Queue",
            "effect": "Lancez une pièce. Si c'est face, le Pokémon Défenseur ne peut pas attaquer pendant le prochain tour de votre adversaire."
        }
    ],
    "weaknesses": [
        {
            "type": "Eau",
            "value": "+20"
        }
    ],
    "retreat": 1,
    "legal": {
        "standard": false,
        "expanded": false
    },
    "boosters": [
        {
            "id": "boo_A1-charizard",
            "name": "Dracaufeu"
        }
    ],
    "updated": "2025-05-18T00:53:26+02:00",
    "pricing": {
        "cardmarket": null,
        "tcgplayer": null
    }
}