{
    "category": "Pokémon",
    "id": "A1-040",
    "illustrator": "kodama",
    "image": "https://assets.tcgdex.net/fr/tcgp/A1/040",
    "localId": "040",
    "name": "Arcanin",
    "rarity": "Trois Diamants",
    "set": {
        "cardCount": {
            "official": 226,
            "total": 286
        },
        "id": "A1",
        "name": "Puissance Génétique",
        "symbol": "https://assets.tcgdex.net/univ/tcgp/A1/symbol"
    },
    "variants": {
        "firstEdition": false,
        "holo": true,
        "normal": true,
        "reverse": true,
        "wPromo": false
    },
    "variants_detailed": [
        {
            "type": "normal",
            "size": "Standard"
        },
        {
            "type": "reverse",
            "size": "Standard"
        },
        {
            "type": "holo",
            "size": "Standard"
        }
    ],
    "hp": 130,
    "types": [
        "Feu"
    ],
    "description": "Une vieille estampe montre que les êtres\nhumains étaient fascinés par ses mouvements\nlorsqu'il courait dans les champs.",
    "stage": "Niveau 1",
    "attacks": [
        {
            "cost": [
                "Feu",
                "Feu",
                "Incolore"
            ],
            "name": "Charge Énergétique",
            "effect": "Ce Pokémon s'inflige aussi 20 dégâts.",
            "damage": "100"
        }
    ],
    "weaknesses": [
        {
            "type": "Eau",
            "value": "+20"
        }
    ],
    "retreat": 2,
    "legal": {
        "standard": false,
        "expanded": false
    },
    "boosters": [
        {
            "id": "boo_A1-pikachu",
            "name": "Pikachu"
        }
    ],
    "updated": "2025-07-08T11:31:53+02:00",
    "pricing": {
        "cardmarket": null,
        "tcgplayer": null
    }
}