{
    "category": "Pokémon",
    "id": "A1-159",
    "illustrator": "Shin Nagasawa",
    "image": "https://assets.tcgdex.net/fr/tcgp/A1/159",
    "localId": "159",
    "name": "Kabutops",
    "rarity": "Trois Diamants",
    "set": {
        "cardCount": {
            "official": 226,
            "total": 286
        },
        "id": "A1",
        "name": "Puissance Génétique",
        "symbol": "https://assets.tcgdex.net/univ/tcgp/A1/symbol"
    },
    "variants": {
        "firstEdition": false,
        "holo": true,
        "normal": true,
        "reverse": true,
        "wPromo": false
    },
    "variants_detailed": [
        {
            "type": "normal",
            "size": "Standard"
        },
        {
            "type": "reverse",
            "size": "Standard"
        },
        {
            "type": "holo",
            "size": "Standard"
        }
    ],
    "hp": 140,
    "types": [
        "Combat"
    ],
    "description": "Il lacère sa proie pour boire ses fluides corporels,\npuis jette son corps en pâture à d'autres Pokémon.",
    "stage": "Niveau 2",
    "attacks": [
        {
            "cost": [
                "Combat"
            ],
            "name": "Vampirisme",
            "effect": "Soignez ce Pokémon du nombre de dégâts que vous avez infligés au Pokémon Actif de votre adversaire.",
            "damage": "50"
        }
    ],
    "weaknesses": [
        {
            "type": "Plante",
            "value": "+20"
        }
    ],
    "retreat": 1,
    "legal": {
        "standard": false,
        "expanded": false
    },
    "boosters": [
        {
            "id": "boo_A1-charizard",
            "name": "Dracaufeu"
        }
    ],
    "updated": "2025-07-08T11:31:53+02:00",
    "pricing": {
        "cardmarket": null,
        "tcgplayer": null
    }
}