{
    "category": "Pokémon",
    "id": "A1-149",
    "illustrator": "Sumiyoshi Kizuki",
    "image": "https://assets.tcgdex.net/fr/tcgp/A1/149",
    "localId": "149",
    "name": "Grolem",
    "rarity": "Trois Diamants",
    "set": {
        "cardCount": {
            "official": 226,
            "total": 286
        },
        "id": "A1",
        "name": "Puissance Génétique",
        "symbol": "https://assets.tcgdex.net/univ/tcgp/A1/symbol"
    },
    "variants": {
        "firstEdition": false,
        "holo": true,
        "normal": true,
        "reverse": true,
        "wPromo": false
    },
    "variants_detailed": [
        {
            "type": "normal",
            "size": "Standard"
        },
        {
            "type": "reverse",
            "size": "Standard"
        },
        {
            "type": "holo",
            "size": "Standard"
        }
    ],
    "hp": 160,
    "types": [
        "Combat"
    ],
    "description": "Lorsqu'il arrive à un âge avancé, il arrête de muer.\nUn Grolem ayant vécu très longtemps est recouvert\nde mousse verte.",
    "stage": "Niveau 2",
    "attacks": [
        {
            "cost": [
                "Combat",
                "Incolore",
                "Incolore",
                "Incolore"
            ],
            "name": "Damoclès",
            "effect": "Ce Pokémon s'inflige aussi 50 dégâts.",
            "damage": "150"
        }
    ],
    "weaknesses": [
        {
            "type": "Plante",
            "value": "+20"
        }
    ],
    "retreat": 4,
    "legal": {
        "standard": false,
        "expanded": false
    },
    "boosters": [
        {
            "id": "boo_A1-pikachu",
            "name": "Pikachu"
        }
    ],
    "updated": "2025-05-18T00:53:26+02:00",
    "pricing": {
        "cardmarket": null,
        "tcgplayer": null
    }
}