{
    "category": "Pokémon",
    "id": "A1-197",
    "illustrator": "nagimiso",
    "image": "https://assets.tcgdex.net/fr/tcgp/A1/197",
    "localId": "197",
    "name": "Persian",
    "rarity": "Deux Diamants",
    "set": {
        "cardCount": {
            "official": 226,
            "total": 286
        },
        "id": "A1",
        "name": "Puissance Génétique",
        "symbol": "https://assets.tcgdex.net/univ/tcgp/A1/symbol"
    },
    "variants": {
        "firstEdition": false,
        "holo": true,
        "normal": true,
        "reverse": true,
        "wPromo": false
    },
    "variants_detailed": [
        {
            "type": "normal",
            "size": "Standard"
        },
        {
            "type": "reverse",
            "size": "Standard"
        },
        {
            "type": "holo",
            "size": "Standard"
        }
    ],
    "hp": 90,
    "types": [
        "Incolore"
    ],
    "description": "Sa magnifique fourrure suscite l'admiration, mais il est difficile\nà apprivoiser en raison de son caractère rétif.",
    "stage": "Niveau 1",
    "attacks": [
        {
            "cost": [
                "Incolore",
                "Incolore"
            ],
            "name": "Griffe Ombre",
            "effect": "Lancez une pièce. Si c'est face, défaussez au hasard une carte de la main de votre adversaire.",
            "damage": "40"
        }
    ],
    "weaknesses": [
        {
            "type": "Combat",
            "value": "+20"
        }
    ],
    "retreat": 1,
    "legal": {
        "standard": false,
        "expanded": false
    },
    "boosters": [
        {
            "id": "boo_A1-charizard",
            "name": "Dracaufeu"
        }
    ],
    "updated": "2025-05-18T00:53:26+02:00",
    "pricing": {
        "cardmarket": null,
        "tcgplayer": null
    }
}