{
    "category": "Pokémon",
    "id": "A1-119",
    "illustrator": "Kagemaru Himeno",
    "image": "https://assets.tcgdex.net/fr/tcgp/A1/119",
    "localId": "119",
    "name": "Flagadoss",
    "rarity": "Deux Diamants",
    "set": {
        "cardCount": {
            "official": 226,
            "total": 286
        },
        "id": "A1",
        "name": "Puissance Génétique",
        "symbol": "https://assets.tcgdex.net/univ/tcgp/A1/symbol"
    },
    "variants": {
        "firstEdition": false,
        "holo": true,
        "normal": true,
        "reverse": true,
        "wPromo": false
    },
    "variants_detailed": [
        {
            "type": "normal",
            "size": "Standard"
        },
        {
            "type": "reverse",
            "size": "Standard"
        },
        {
            "type": "holo",
            "size": "Standard"
        }
    ],
    "hp": 130,
    "types": [
        "Psy"
    ],
    "description": "Un jour, alors qu'un Ramoloss pêchait, un Kokiyas\ns'est accroché à sa queue et l'a fait évoluer en Flagadoss.",
    "stage": "Niveau 1",
    "attacks": [
        {
            "cost": [
                "Psy",
                "Psy",
                "Incolore"
            ],
            "name": "Super Psy",
            "damage": "80"
        }
    ],
    "weaknesses": [
        {
            "type": "Obscurité",
            "value": "+20"
        }
    ],
    "retreat": 3,
    "legal": {
        "standard": false,
        "expanded": false
    },
    "boosters": [
        {
            "id": "boo_A1-mewtwo",
            "name": "Mewtwo"
        },
        {
            "id": "boo_A1-charizard",
            "name": "Dracaufeu"
        },
        {
            "id": "boo_A1-pikachu",
            "name": "Pikachu"
        }
    ],
    "updated": "2025-07-08T11:31:53+02:00",
    "pricing": {
        "cardmarket": null,
        "tcgplayer": null
    }
}