{
    "category": "Pokémon",
    "id": "A1-161",
    "illustrator": "Atsuko Nishida",
    "image": "https://assets.tcgdex.net/fr/tcgp/A1/161",
    "localId": "161",
    "name": "Shaofouine",
    "rarity": "Deux Diamants",
    "set": {
        "cardCount": {
            "official": 226,
            "total": 286
        },
        "id": "A1",
        "name": "Puissance Génétique",
        "symbol": "https://assets.tcgdex.net/univ/tcgp/A1/symbol"
    },
    "variants": {
        "firstEdition": false,
        "holo": true,
        "normal": true,
        "reverse": true,
        "wPromo": false
    },
    "variants_detailed": [
        {
            "type": "normal",
            "size": "Standard"
        },
        {
            "type": "reverse",
            "size": "Standard"
        },
        {
            "type": "holo",
            "size": "Standard"
        }
    ],
    "hp": 80,
    "types": [
        "Combat"
    ],
    "description": "Lorsqu'il fait face à un adversaire vraiment redoutable, il coupe\nles poils de ses mains avec les dents pour améliorer son agilité.",
    "stage": "Niveau 1",
    "attacks": [
        {
            "cost": [
                "Incolore"
            ],
            "name": "Coup'd Pied en Spirale",
            "damage": "40"
        }
    ],
    "weaknesses": [
        {
            "type": "Psy",
            "value": "+20"
        }
    ],
    "retreat": 1,
    "legal": {
        "standard": false,
        "expanded": false
    },
    "boosters": [
        {
            "id": "boo_A1-pikachu",
            "name": "Pikachu"
        }
    ],
    "updated": "2025-05-18T00:53:26+02:00",
    "pricing": {
        "cardmarket": null,
        "tcgplayer": null
    }
}