{
    "category": "Pokémon",
    "id": "A1-182",
    "illustrator": "Kouki Saitou",
    "image": "https://assets.tcgdex.net/fr/tcgp/A1/182",
    "localId": "182",
    "name": "Melmetal",
    "rarity": "Trois Diamants",
    "set": {
        "cardCount": {
            "official": 226,
            "total": 286
        },
        "id": "A1",
        "name": "Puissance Génétique",
        "symbol": "https://assets.tcgdex.net/univ/tcgp/A1/symbol"
    },
    "variants": {
        "firstEdition": false,
        "holo": true,
        "normal": true,
        "reverse": true,
        "wPromo": false
    },
    "variants_detailed": [
        {
            "type": "normal",
            "size": "Standard"
        },
        {
            "type": "reverse",
            "size": "Standard"
        },
        {
            "type": "holo",
            "size": "Standard"
        }
    ],
    "hp": 130,
    "types": [
        "Métal"
    ],
    "description": "En fin de vie, son corps rouille et se brise en mille morceaux.\nCes derniers renaissent ensuite sous forme de Meltan.",
    "stage": "Niveau 1",
    "abilities": [
        {
            "type": "Talent",
            "name": "Strate Dure",
            "effect": "Ce Pokémon subit − 20 dégâts provenant des attaques."
        }
    ],
    "attacks": [
        {
            "cost": [
                "Métal",
                "Métal",
                "Métal",
                "Incolore"
            ],
            "name": "Gros Impact",
            "damage": "120"
        }
    ],
    "weaknesses": [
        {
            "type": "Feu",
            "value": "+20"
        }
    ],
    "retreat": 3,
    "legal": {
        "standard": false,
        "expanded": false
    },
    "boosters": [
        {
            "id": "boo_A1-charizard",
            "name": "Dracaufeu"
        }
    ],
    "updated": "2025-05-18T00:53:26+02:00",
    "pricing": {
        "cardmarket": null,
        "tcgplayer": null
    }
}