{
    "category": "Pokémon",
    "id": "A1-102",
    "illustrator": "Kouki Saitou",
    "image": "https://assets.tcgdex.net/fr/tcgp/A1/102",
    "localId": "102",
    "name": "Voltali",
    "rarity": "Trois Diamants",
    "set": {
        "cardCount": {
            "official": 226,
            "total": 286
        },
        "id": "A1",
        "name": "Puissance Génétique",
        "symbol": "https://assets.tcgdex.net/univ/tcgp/A1/symbol"
    },
    "variants": {
        "firstEdition": false,
        "holo": true,
        "normal": true,
        "reverse": true,
        "wPromo": false
    },
    "variants_detailed": [
        {
            "type": "normal",
            "size": "Standard"
        },
        {
            "type": "reverse",
            "size": "Standard"
        },
        {
            "type": "holo",
            "size": "Standard"
        }
    ],
    "hp": 90,
    "types": [
        "Électrique"
    ],
    "description": "Il concentre la faible charge électrique générée par chacune\nde ses cellules pour projeter de puissants éclairs.",
    "stage": "Niveau 1",
    "attacks": [
        {
            "cost": [
                "Électrique",
                "Incolore"
            ],
            "name": "Dard-Nuée",
            "effect": "Lancez 4 pièces. Cette attaque inflige 40 dégâts pour chaque côté face.",
            "damage": "40×"
        }
    ],
    "weaknesses": [
        {
            "type": "Combat",
            "value": "+20"
        }
    ],
    "retreat": 1,
    "legal": {
        "standard": false,
        "expanded": false
    },
    "boosters": [
        {
            "id": "boo_A1-pikachu",
            "name": "Pikachu"
        }
    ],
    "updated": "2025-05-18T00:53:26+02:00",
    "pricing": {
        "cardmarket": null,
        "tcgplayer": null
    }
}