{
    "category": "Pokémon",
    "id": "A1-117",
    "illustrator": "Kouki Saitou",
    "image": "https://assets.tcgdex.net/fr/tcgp/A1/117",
    "localId": "117",
    "name": "Alakazam",
    "rarity": "Trois Diamants",
    "set": {
        "cardCount": {
            "official": 226,
            "total": 286
        },
        "id": "A1",
        "name": "Puissance Génétique",
        "symbol": "https://assets.tcgdex.net/univ/tcgp/A1/symbol"
    },
    "variants": {
        "firstEdition": false,
        "holo": true,
        "normal": true,
        "reverse": true,
        "wPromo": false
    },
    "variants_detailed": [
        {
            "type": "normal",
            "size": "Standard"
        },
        {
            "type": "reverse",
            "size": "Standard"
        },
        {
            "type": "holo",
            "size": "Standard"
        }
    ],
    "hp": 130,
    "types": [
        "Psy"
    ],
    "description": "Doué d'une intelligence hors du commun,\nce Pokémon serait capable de conserver tous\nses souvenirs, de sa naissance jusqu'à sa mort.",
    "stage": "Niveau 2",
    "attacks": [
        {
            "cost": [
                "Psy",
                "Incolore",
                "Incolore"
            ],
            "name": "Psyko",
            "effect": "Cette attaque inflige 30 dégâts de plus pour chaque Énergie attachée au Pokémon Actif de votre adversaire.",
            "damage": "60+"
        }
    ],
    "weaknesses": [
        {
            "type": "Obscurité",
            "value": "+20"
        }
    ],
    "retreat": 2,
    "legal": {
        "standard": false,
        "expanded": false
    },
    "boosters": [
        {
            "id": "boo_A1-charizard",
            "name": "Dracaufeu"
        }
    ],
    "updated": "2025-05-18T00:53:26+02:00",
    "pricing": {
        "cardmarket": null,
        "tcgplayer": null
    }
}