{
    "category": "Pokémon",
    "id": "A1-157",
    "illustrator": "Masakazu Fukuda",
    "image": "https://assets.tcgdex.net/fr/tcgp/A1/157",
    "localId": "157",
    "name": "Rhinoféros",
    "rarity": "Deux Diamants",
    "set": {
        "cardCount": {
            "official": 226,
            "total": 286
        },
        "id": "A1",
        "name": "Puissance Génétique",
        "symbol": "https://assets.tcgdex.net/univ/tcgp/A1/symbol"
    },
    "variants": {
        "firstEdition": false,
        "holo": true,
        "normal": true,
        "reverse": true,
        "wPromo": false
    },
    "variants_detailed": [
        {
            "type": "normal",
            "size": "Standard"
        },
        {
            "type": "reverse",
            "size": "Standard"
        },
        {
            "type": "holo",
            "size": "Standard"
        }
    ],
    "hp": 120,
    "types": [
        "Combat"
    ],
    "description": "L'évolution a permis à ce Pokémon de marcher\nsur ses pattes postérieures. Il peut faire des trous\ndans les rochers en utilisant sa corne.",
    "stage": "Niveau 1",
    "attacks": [
        {
            "cost": [
                "Combat",
                "Combat",
                "Combat",
                "Incolore"
            ],
            "name": "Empal'Korne",
            "damage": "100"
        }
    ],
    "weaknesses": [
        {
            "type": "Plante",
            "value": "+20"
        }
    ],
    "retreat": 4,
    "legal": {
        "standard": false,
        "expanded": false
    },
    "boosters": [
        {
            "id": "boo_A1-mewtwo",
            "name": "Mewtwo"
        }
    ],
    "updated": "2025-07-08T11:31:53+02:00",
    "pricing": {
        "cardmarket": null,
        "tcgplayer": null
    }
}