{
    "category": "Pokémon",
    "id": "A1-178",
    "illustrator": "Kagemaru Himeno",
    "image": "https://assets.tcgdex.net/fr/tcgp/A1/178",
    "localId": "178",
    "name": "Mysdibule",
    "rarity": "Un Diamant",
    "set": {
        "cardCount": {
            "official": 226,
            "total": 286
        },
        "id": "A1",
        "name": "Puissance Génétique",
        "symbol": "https://assets.tcgdex.net/univ/tcgp/A1/symbol"
    },
    "variants": {
        "firstEdition": false,
        "holo": true,
        "normal": true,
        "reverse": true,
        "wPromo": false
    },
    "variants_detailed": [
        {
            "type": "normal",
            "size": "Standard"
        },
        {
            "type": "reverse",
            "size": "Standard"
        },
        {
            "type": "holo",
            "size": "Standard"
        }
    ],
    "hp": 70,
    "types": [
        "Métal"
    ],
    "description": "Trompés par son visage innocent, ses ennemis se font happer\npar ses énormes mâchoires et ne peuvent plus s'échapper.",
    "stage": "De base",
    "attacks": [
        {
            "cost": [
                "Métal"
            ],
            "name": "Mâchouille",
            "effect": "Lancez une pièce. Si c'est face, défaussez au hasard une Énergie du Pokémon Actif de votre adversaire.",
            "damage": "20"
        }
    ],
    "weaknesses": [
        {
            "type": "Feu",
            "value": "+20"
        }
    ],
    "retreat": 1,
    "legal": {
        "standard": false,
        "expanded": false
    },
    "boosters": [
        {
            "id": "boo_A1-charizard",
            "name": "Dracaufeu"
        }
    ],
    "updated": "2025-05-18T00:53:26+02:00",
    "pricing": {
        "cardmarket": null,
        "tcgplayer": null
    }
}