{
    "category": "Pokémon",
    "id": "A1-165",
    "illustrator": "Naoki Saito",
    "image": "https://assets.tcgdex.net/fr/tcgp/A1/165",
    "localId": "165",
    "name": "Arbok",
    "rarity": "Deux Diamants",
    "set": {
        "cardCount": {
            "official": 226,
            "total": 286
        },
        "id": "A1",
        "name": "Puissance Génétique",
        "symbol": "https://assets.tcgdex.net/univ/tcgp/A1/symbol"
    },
    "variants": {
        "firstEdition": false,
        "holo": true,
        "normal": true,
        "reverse": true,
        "wPromo": false
    },
    "variants_detailed": [
        {
            "type": "normal",
            "size": "Standard"
        },
        {
            "type": "reverse",
            "size": "Standard"
        },
        {
            "type": "holo",
            "size": "Standard"
        }
    ],
    "hp": 100,
    "types": [
        "Obscurité"
    ],
    "description": "Une étude récente aurait recensé plus de vingt motifs différents\npouvant orner le devant du capuchon des Arbok.",
    "stage": "Niveau 1",
    "attacks": [
        {
            "cost": [
                "Obscurité",
                "Incolore"
            ],
            "name": "Coinçage",
            "effect": "Pendant le prochain tour de votre adversaire, le Pokémon Défenseur ne peut pas battre en retraite.",
            "damage": "60"
        }
    ],
    "weaknesses": [
        {
            "type": "Combat",
            "value": "+20"
        }
    ],
    "retreat": 2,
    "legal": {
        "standard": false,
        "expanded": false
    },
    "boosters": [
        {
            "id": "boo_A1-mewtwo",
            "name": "Mewtwo"
        },
        {
            "id": "boo_A1-charizard",
            "name": "Dracaufeu"
        },
        {
            "id": "boo_A1-pikachu",
            "name": "Pikachu"
        }
    ],
    "updated": "2025-05-18T00:53:26+02:00",
    "pricing": {
        "cardmarket": null,
        "tcgplayer": null
    }
}