{
    "category": "Pokémon",
    "id": "A1-108",
    "illustrator": "Midori Harada",
    "image": "https://assets.tcgdex.net/fr/tcgp/A1/108",
    "localId": "108",
    "name": "Lampéroie",
    "rarity": "Deux Diamants",
    "set": {
        "cardCount": {
            "official": 226,
            "total": 286
        },
        "id": "A1",
        "name": "Puissance Génétique",
        "symbol": "https://assets.tcgdex.net/univ/tcgp/A1/symbol"
    },
    "variants": {
        "firstEdition": false,
        "holo": true,
        "normal": true,
        "reverse": true,
        "wPromo": false
    },
    "variants_detailed": [
        {
            "type": "normal",
            "size": "Standard"
        },
        {
            "type": "reverse",
            "size": "Standard"
        },
        {
            "type": "holo",
            "size": "Standard"
        }
    ],
    "hp": 80,
    "types": [
        "Électrique"
    ],
    "description": "Ses taches rondes sont des organes qui émettent de l'électricité.\nIl s'enroule autour de ses proies et les électrocute.",
    "stage": "Niveau 1",
    "attacks": [
        {
            "cost": [
                "Électrique"
            ],
            "name": "Éclair Frontal",
            "damage": "40"
        }
    ],
    "weaknesses": [
        {
            "type": "Combat",
            "value": "+20"
        }
    ],
    "retreat": 2,
    "legal": {
        "standard": false,
        "expanded": false
    },
    "boosters": [
        {
            "id": "boo_A1-mewtwo",
            "name": "Mewtwo"
        }
    ],
    "updated": "2025-05-18T00:53:26+02:00",
    "pricing": {
        "cardmarket": null,
        "tcgplayer": null
    }
}