{
    "category": "Pokémon",
    "id": "A1-114",
    "illustrator": "Sanosuke Sakuma",
    "image": "https://assets.tcgdex.net/fr/tcgp/A1/114",
    "localId": "114",
    "name": "Mélodelfe",
    "rarity": "Deux Diamants",
    "set": {
        "cardCount": {
            "official": 226,
            "total": 286
        },
        "id": "A1",
        "name": "Puissance Génétique",
        "symbol": "https://assets.tcgdex.net/univ/tcgp/A1/symbol"
    },
    "variants": {
        "firstEdition": false,
        "holo": true,
        "normal": true,
        "reverse": true,
        "wPromo": false
    },
    "variants_detailed": [
        {
            "type": "normal",
            "size": "Standard"
        },
        {
            "type": "reverse",
            "size": "Standard"
        },
        {
            "type": "holo",
            "size": "Standard"
        }
    ],
    "hp": 100,
    "types": [
        "Psy"
    ],
    "description": "Ce Pokémon s'apparente à une petite fée\nqui n'apparaît que rarement devant les humains.\nIl court se cacher dès qu'il ressent une présence.",
    "stage": "Niveau 1",
    "attacks": [
        {
            "cost": [
                "Psy"
            ],
            "name": "Coup Magique",
            "damage": "40"
        }
    ],
    "weaknesses": [
        {
            "type": "Métal",
            "value": "+20"
        }
    ],
    "retreat": 1,
    "legal": {
        "standard": false,
        "expanded": false
    },
    "boosters": [
        {
            "id": "boo_A1-pikachu",
            "name": "Pikachu"
        }
    ],
    "updated": "2025-05-18T00:53:26+02:00",
    "pricing": {
        "cardmarket": null,
        "tcgplayer": null
    }
}