{
    "category": "Pokémon",
    "id": "A1-103",
    "illustrator": "Hitoshi Ariga",
    "image": "https://assets.tcgdex.net/fr/tcgp/A1/103",
    "localId": "103",
    "name": "Électhor",
    "rarity": "Trois Diamants",
    "set": {
        "cardCount": {
            "official": 226,
            "total": 286
        },
        "id": "A1",
        "name": "Puissance Génétique",
        "symbol": "https://assets.tcgdex.net/univ/tcgp/A1/symbol"
    },
    "variants": {
        "firstEdition": false,
        "holo": true,
        "normal": true,
        "reverse": true,
        "wPromo": false
    },
    "variants_detailed": [
        {
            "type": "normal",
            "size": "Standard"
        },
        {
            "type": "reverse",
            "size": "Standard"
        },
        {
            "type": "holo",
            "size": "Standard"
        }
    ],
    "hp": 100,
    "types": [
        "Électrique"
    ],
    "description": "On dit que ce Pokémon capable de contrôler la foudre\ninstalle son nid au creux des nuages d'orage noirs.",
    "stage": "De base",
    "attacks": [
        {
            "cost": [
                "Électrique",
                "Électrique",
                "Incolore"
            ],
            "name": "Tonnerre Déchaîné",
            "effect": "Cette attaque inflige aussi 30 dégâts à un de vos Pokémon de Banc.",
            "damage": "100"
        }
    ],
    "weaknesses": [
        {
            "type": "Électrique",
            "value": "+20"
        }
    ],
    "retreat": 1,
    "legal": {
        "standard": false,
        "expanded": false
    },
    "boosters": [
        {
            "id": "boo_A1-pikachu",
            "name": "Pikachu"
        }
    ],
    "updated": "2025-07-08T11:31:53+02:00",
    "pricing": {
        "cardmarket": null,
        "tcgplayer": null
    }
}