{
    "category": "Pokémon",
    "id": "A1-124",
    "illustrator": "Yukiko Baba",
    "image": "https://assets.tcgdex.net/fr/tcgp/A1/124",
    "localId": "124",
    "name": "Soporifik",
    "rarity": "Un Diamant",
    "set": {
        "cardCount": {
            "official": 226,
            "total": 286
        },
        "id": "A1",
        "name": "Puissance Génétique",
        "symbol": "https://assets.tcgdex.net/univ/tcgp/A1/symbol"
    },
    "variants": {
        "firstEdition": false,
        "holo": true,
        "normal": true,
        "reverse": true,
        "wPromo": false
    },
    "variants_detailed": [
        {
            "type": "normal",
            "size": "Standard"
        },
        {
            "type": "reverse",
            "size": "Standard"
        },
        {
            "type": "holo",
            "size": "Standard"
        }
    ],
    "hp": 70,
    "types": [
        "Psy"
    ],
    "description": "Ce Pokémon se souvient de tous les rêves\nqu'il a avalés. Il mange rarement les songes\nd'adultes, car ceux des enfants ont meilleur goût.",
    "stage": "De base",
    "attacks": [
        {
            "cost": [
                "Psy",
                "Incolore"
            ],
            "name": "Murmure",
            "damage": "30"
        }
    ],
    "weaknesses": [
        {
            "type": "Obscurité",
            "value": "+20"
        }
    ],
    "retreat": 2,
    "legal": {
        "standard": false,
        "expanded": false
    },
    "boosters": [
        {
            "id": "boo_A1-pikachu",
            "name": "Pikachu"
        }
    ],
    "updated": "2025-05-18T00:53:26+02:00",
    "pricing": {
        "cardmarket": null,
        "tcgplayer": null
    }
}