{
    "category": "Pokémon",
    "id": "A1-158",
    "illustrator": "sui",
    "image": "https://assets.tcgdex.net/fr/tcgp/A1/158",
    "localId": "158",
    "name": "Kabuto",
    "rarity": "Deux Diamants",
    "set": {
        "cardCount": {
            "official": 226,
            "total": 286
        },
        "id": "A1",
        "name": "Puissance Génétique",
        "symbol": "https://assets.tcgdex.net/univ/tcgp/A1/symbol"
    },
    "variants": {
        "firstEdition": false,
        "holo": true,
        "normal": true,
        "reverse": true,
        "wPromo": false
    },
    "variants_detailed": [
        {
            "type": "normal",
            "size": "Standard"
        },
        {
            "type": "reverse",
            "size": "Standard"
        },
        {
            "type": "holo",
            "size": "Standard"
        }
    ],
    "hp": 90,
    "types": [
        "Combat"
    ],
    "description": "Ce Pokémon au bord de l'extinction mue tous les trois jours\net renforce ainsi davantage sa carapace.",
    "stage": "Niveau 1",
    "attacks": [
        {
            "cost": [
                "Combat"
            ],
            "name": "Coquill-Attaque",
            "damage": "40"
        }
    ],
    "weaknesses": [
        {
            "type": "Plante",
            "value": "+20"
        }
    ],
    "retreat": 1,
    "legal": {
        "standard": false,
        "expanded": false
    },
    "boosters": [
        {
            "id": "boo_A1-charizard",
            "name": "Dracaufeu"
        }
    ],
    "updated": "2025-07-08T11:31:53+02:00",
    "pricing": {
        "cardmarket": null,
        "tcgplayer": null
    }
}