{
    "category": "Pokémon",
    "id": "A1-150",
    "illustrator": "otumami",
    "image": "https://assets.tcgdex.net/fr/tcgp/A1/150",
    "localId": "150",
    "name": "Onix",
    "rarity": "Deux Diamants",
    "set": {
        "cardCount": {
            "official": 226,
            "total": 286
        },
        "id": "A1",
        "name": "Puissance Génétique",
        "symbol": "https://assets.tcgdex.net/univ/tcgp/A1/symbol"
    },
    "variants": {
        "firstEdition": false,
        "holo": true,
        "normal": true,
        "reverse": true,
        "wPromo": false
    },
    "variants_detailed": [
        {
            "type": "normal",
            "size": "Standard"
        },
        {
            "type": "reverse",
            "size": "Standard"
        },
        {
            "type": "holo",
            "size": "Standard"
        }
    ],
    "hp": 110,
    "types": [
        "Combat"
    ],
    "description": "Il absorbe des éléments solides en creusant le sol,\nce qui le rend plus robuste.",
    "stage": "De base",
    "attacks": [
        {
            "cost": [
                "Combat",
                "Combat",
                "Combat"
            ],
            "name": "Écras'Terre",
            "damage": "70"
        }
    ],
    "weaknesses": [
        {
            "type": "Plante",
            "value": "+20"
        }
    ],
    "retreat": 4,
    "legal": {
        "standard": false,
        "expanded": false
    },
    "boosters": [
        {
            "id": "boo_A1-pikachu",
            "name": "Pikachu"
        }
    ],
    "updated": "2025-05-18T00:53:26+02:00",
    "pricing": {
        "cardmarket": null,
        "tcgplayer": null
    }
}