{
    "category": "Pokémon",
    "id": "A1-106",
    "illustrator": "Misa Tsutsui",
    "image": "https://assets.tcgdex.net/fr/tcgp/A1/106",
    "localId": "106",
    "name": "Zéblitz",
    "rarity": "Deux Diamants",
    "set": {
        "cardCount": {
            "official": 226,
            "total": 286
        },
        "id": "A1",
        "name": "Puissance Génétique",
        "symbol": "https://assets.tcgdex.net/univ/tcgp/A1/symbol"
    },
    "variants": {
        "firstEdition": false,
        "holo": true,
        "normal": true,
        "reverse": true,
        "wPromo": false
    },
    "variants_detailed": [
        {
            "type": "normal",
            "size": "Standard"
        },
        {
            "type": "reverse",
            "size": "Standard"
        },
        {
            "type": "holo",
            "size": "Standard"
        }
    ],
    "hp": 90,
    "types": [
        "Électrique"
    ],
    "description": "De caractère violent, il envoie avec sa crinière des arcs\nélectriques de tous les côtés lorsqu'il se sent provoqué.",
    "stage": "Niveau 1",
    "attacks": [
        {
            "cost": [
                "Électrique"
            ],
            "name": "Lance-Éclair",
            "effect": "Cette attaque inflige 30 dégâts à l'un des Pokémon de votre adversaire."
        }
    ],
    "weaknesses": [
        {
            "type": "Combat",
            "value": "+20"
        }
    ],
    "retreat": 1,
    "legal": {
        "standard": false,
        "expanded": false
    },
    "boosters": [
        {
            "id": "boo_A1-mewtwo",
            "name": "Mewtwo"
        },
        {
            "id": "boo_A1-charizard",
            "name": "Dracaufeu"
        },
        {
            "id": "boo_A1-pikachu",
            "name": "Pikachu"
        }
    ],
    "updated": "2025-05-18T00:53:26+02:00",
    "pricing": {
        "cardmarket": null,
        "tcgplayer": null
    }
}