{
    "category": "Pokémon",
    "id": "A1-132",
    "illustrator": "Yuu Nishida",
    "image": "https://assets.tcgdex.net/fr/tcgp/A1/132",
    "localId": "132",
    "name": "Gardevoir",
    "rarity": "Trois Diamants",
    "set": {
        "cardCount": {
            "official": 226,
            "total": 286
        },
        "id": "A1",
        "name": "Puissance Génétique",
        "symbol": "https://assets.tcgdex.net/univ/tcgp/A1/symbol"
    },
    "variants": {
        "firstEdition": false,
        "holo": true,
        "normal": true,
        "reverse": true,
        "wPromo": false
    },
    "variants_detailed": [
        {
            "type": "normal",
            "size": "Standard"
        },
        {
            "type": "reverse",
            "size": "Standard"
        },
        {
            "type": "holo",
            "size": "Standard"
        }
    ],
    "hp": 110,
    "types": [
        "Psy"
    ],
    "description": "Prêt à tout pour protéger son Dresseur,\nil peut aller jusqu'à épuiser sa force\nmentale pour créer un mini trou noir.",
    "stage": "Niveau 2",
    "abilities": [
        {
            "type": "Talent",
            "name": "Ombre Psy",
            "effect": "Une fois pendant votre tour, vous pouvez prendre une Énergie {P} de votre zone Énergie et l'attacher au Pokémon {P} sur le Poste Actif."
        }
    ],
    "attacks": [
        {
            "cost": [
                "Psy",
                "Psy",
                "Incolore"
            ],
            "name": "Piqûre Psy",
            "damage": "60"
        }
    ],
    "weaknesses": [
        {
            "type": "Obscurité",
            "value": "+20"
        }
    ],
    "retreat": 2,
    "legal": {
        "standard": false,
        "expanded": false
    },
    "boosters": [
        {
            "id": "boo_A1-mewtwo",
            "name": "Mewtwo"
        }
    ],
    "updated": "2025-05-18T00:53:26+02:00",
    "pricing": {
        "cardmarket": null,
        "tcgplayer": null
    }
}