{
    "category": "Pokémon",
    "id": "A1-135",
    "illustrator": "Kyoko Umemoto",
    "image": "https://assets.tcgdex.net/fr/tcgp/A1/135",
    "localId": "135",
    "name": "Gringolem",
    "rarity": "Un Diamant",
    "set": {
        "cardCount": {
            "official": 226,
            "total": 286
        },
        "id": "A1",
        "name": "Puissance Génétique",
        "symbol": "https://assets.tcgdex.net/univ/tcgp/A1/symbol"
    },
    "variants": {
        "firstEdition": false,
        "holo": true,
        "normal": true,
        "reverse": true,
        "wPromo": false
    },
    "variants_detailed": [
        {
            "type": "normal",
            "size": "Standard"
        },
        {
            "type": "reverse",
            "size": "Standard"
        },
        {
            "type": "holo",
            "size": "Standard"
        }
    ],
    "hp": 90,
    "types": [
        "Psy"
    ],
    "description": "Ce Pokémon très ancien a été façonné avec\nde l'argile. On ne sait pourquoi certains spécimens\nn'ont de cesse d'aligner de grosses pierres.",
    "stage": "De base",
    "attacks": [
        {
            "cost": [
                "Psy",
                "Incolore",
                "Incolore"
            ],
            "name": "Ultimapoing",
            "damage": "50"
        }
    ],
    "weaknesses": [
        {
            "type": "Obscurité",
            "value": "+20"
        }
    ],
    "retreat": 3,
    "legal": {
        "standard": false,
        "expanded": false
    },
    "boosters": [
        {
            "id": "boo_A1-mewtwo",
            "name": "Mewtwo"
        },
        {
            "id": "boo_A1-charizard",
            "name": "Dracaufeu"
        },
        {
            "id": "boo_A1-pikachu",
            "name": "Pikachu"
        }
    ],
    "updated": "2025-05-18T00:53:26+02:00",
    "pricing": {
        "cardmarket": null,
        "tcgplayer": null
    }
}