{
    "category": "Pokémon",
    "id": "A1-170",
    "illustrator": "Kouki Saitou",
    "image": "https://assets.tcgdex.net/fr/tcgp/A1/170",
    "localId": "170",
    "name": "Nidorino",
    "rarity": "Deux Diamants",
    "set": {
        "cardCount": {
            "official": 226,
            "total": 286
        },
        "id": "A1",
        "name": "Puissance Génétique",
        "symbol": "https://assets.tcgdex.net/univ/tcgp/A1/symbol"
    },
    "variants": {
        "firstEdition": false,
        "holo": true,
        "normal": true,
        "reverse": true,
        "wPromo": false
    },
    "variants_detailed": [
        {
            "type": "normal",
            "size": "Standard"
        },
        {
            "type": "reverse",
            "size": "Standard"
        },
        {
            "type": "holo",
            "size": "Standard"
        }
    ],
    "hp": 90,
    "types": [
        "Obscurité"
    ],
    "description": "Il erre à la recherche d'une Pierre Lune,\nbrisant tous les rochers sur son passage\navec sa corne plus solide qu'un diamant.",
    "stage": "Niveau 1",
    "attacks": [
        {
            "cost": [
                "Obscurité",
                "Incolore"
            ],
            "name": "Koud'Korne",
            "damage": "40"
        }
    ],
    "weaknesses": [
        {
            "type": "Combat",
            "value": "+20"
        }
    ],
    "retreat": 2,
    "legal": {
        "standard": false,
        "expanded": false
    },
    "boosters": [
        {
            "id": "boo_A1-pikachu",
            "name": "Pikachu"
        }
    ],
    "updated": "2025-05-18T00:53:26+02:00",
    "pricing": {
        "cardmarket": null,
        "tcgplayer": null
    }
}