{
    "category": "Pokémon",
    "id": "A1-175",
    "illustrator": "Hajime Kusajima",
    "image": "https://assets.tcgdex.net/fr/tcgp/A1/175",
    "localId": "175",
    "name": "Grotadmorv",
    "rarity": "Trois Diamants",
    "set": {
        "cardCount": {
            "official": 226,
            "total": 286
        },
        "id": "A1",
        "name": "Puissance Génétique",
        "symbol": "https://assets.tcgdex.net/univ/tcgp/A1/symbol"
    },
    "variants": {
        "firstEdition": false,
        "holo": true,
        "normal": true,
        "reverse": true,
        "wPromo": false
    },
    "variants_detailed": [
        {
            "type": "normal",
            "size": "Standard"
        },
        {
            "type": "reverse",
            "size": "Standard"
        },
        {
            "type": "holo",
            "size": "Standard"
        }
    ],
    "hp": 130,
    "types": [
        "Obscurité"
    ],
    "description": "Ce Pokémon est recouvert d'une épaisse couche\nde boue crasseuse. Il est si toxique que même\nses traces de pas sont empoisonnées.",
    "stage": "Niveau 1",
    "attacks": [
        {
            "cost": [
                "Obscurité",
                "Obscurité",
                "Incolore"
            ],
            "name": "Choc Venin",
            "effect": "Si le Pokémon Actif de votre adversaire est Empoisonné, cette attaque inflige 50 dégâts de plus.",
            "damage": "70+"
        }
    ],
    "weaknesses": [
        {
            "type": "Combat",
            "value": "+20"
        }
    ],
    "retreat": 3,
    "legal": {
        "standard": false,
        "expanded": false
    },
    "boosters": [
        {
            "id": "boo_A1-mewtwo",
            "name": "Mewtwo"
        }
    ],
    "updated": "2025-05-18T00:53:26+02:00",
    "pricing": {
        "cardmarket": null,
        "tcgplayer": null
    }
}