{
    "category": "Pokémon",
    "id": "A1-125",
    "illustrator": "Shigenori Negishi",
    "image": "https://assets.tcgdex.net/fr/tcgp/A1/125",
    "localId": "125",
    "name": "Hypnomade",
    "rarity": "Trois Diamants",
    "set": {
        "cardCount": {
            "official": 226,
            "total": 286
        },
        "id": "A1",
        "name": "Puissance Génétique",
        "symbol": "https://assets.tcgdex.net/univ/tcgp/A1/symbol"
    },
    "variants": {
        "firstEdition": false,
        "holo": true,
        "normal": true,
        "reverse": true,
        "wPromo": false
    },
    "variants_detailed": [
        {
            "type": "normal",
            "size": "Standard"
        },
        {
            "type": "reverse",
            "size": "Standard"
        },
        {
            "type": "holo",
            "size": "Standard"
        }
    ],
    "hp": 100,
    "types": [
        "Psy"
    ],
    "description": "Lorsqu'il croise le regard de son adversaire, il utilise\nde nombreux pouvoirs surnaturels comme l'hypnose.",
    "stage": "Niveau 1",
    "abilities": [
        {
            "type": "Talent",
            "name": "Pendulo Dodo",
            "effect": "Une fois pendant votre tour, vous pouvez lancer une pièce. Si c'est face, le Pokémon Actif de votre adversaire est maintenant Endormi."
        }
    ],
    "attacks": [
        {
            "cost": [
                "Psy",
                "Psy",
                "Incolore"
            ],
            "name": "Coup de Poing Psy",
            "damage": "50"
        }
    ],
    "weaknesses": [
        {
            "type": "Obscurité",
            "value": "+20"
        }
    ],
    "retreat": 2,
    "legal": {
        "standard": false,
        "expanded": false
    },
    "boosters": [
        {
            "id": "boo_A1-pikachu",
            "name": "Pikachu"
        }
    ],
    "updated": "2025-05-18T00:53:26+02:00",
    "pricing": {
        "cardmarket": null,
        "tcgplayer": null
    }
}