{
    "category": "Pokémon",
    "id": "A1-127",
    "illustrator": "Oswaldo KATO",
    "image": "https://assets.tcgdex.net/fr/tcgp/A1/127",
    "localId": "127",
    "name": "Lippoutou",
    "rarity": "Un Diamant",
    "set": {
        "cardCount": {
            "official": 226,
            "total": 286
        },
        "id": "A1",
        "name": "Puissance Génétique",
        "symbol": "https://assets.tcgdex.net/univ/tcgp/A1/symbol"
    },
    "variants": {
        "firstEdition": false,
        "holo": true,
        "normal": true,
        "reverse": true,
        "wPromo": false
    },
    "variants_detailed": [
        {
            "type": "normal",
            "size": "Standard"
        },
        {
            "type": "reverse",
            "size": "Standard"
        },
        {
            "type": "holo",
            "size": "Standard"
        }
    ],
    "hp": 80,
    "types": [
        "Psy"
    ],
    "description": "Ses étranges cris s'apparentent à des mots. Certains musiciens\nlui composent des chansons pour qu'il les interprète.",
    "stage": "De base",
    "attacks": [
        {
            "cost": [
                "Psy",
                "Incolore"
            ],
            "name": "Psyko",
            "effect": "Cette attaque inflige 20 dégâts de plus pour chaque Énergie attachée au Pokémon Actif de votre adversaire.",
            "damage": "30+"
        }
    ],
    "weaknesses": [
        {
            "type": "Obscurité",
            "value": "+20"
        }
    ],
    "retreat": 1,
    "legal": {
        "standard": false,
        "expanded": false
    },
    "boosters": [
        {
            "id": "boo_A1-mewtwo",
            "name": "Mewtwo"
        }
    ],
    "updated": "2025-05-18T00:53:26+02:00",
    "pricing": {
        "cardmarket": null,
        "tcgplayer": null
    }
}