{
    "category": "Pokémon",
    "id": "A1-154",
    "illustrator": "Yukiko Baba",
    "image": "https://assets.tcgdex.net/fr/tcgp/A1/154",
    "localId": "154",
    "name": "Kicklee",
    "rarity": "Un Diamant",
    "set": {
        "cardCount": {
            "official": 226,
            "total": 286
        },
        "id": "A1",
        "name": "Puissance Génétique",
        "symbol": "https://assets.tcgdex.net/univ/tcgp/A1/symbol"
    },
    "variants": {
        "firstEdition": false,
        "holo": true,
        "normal": true,
        "reverse": true,
        "wPromo": false
    },
    "variants_detailed": [
        {
            "type": "normal",
            "size": "Standard"
        },
        {
            "type": "reverse",
            "size": "Standard"
        },
        {
            "type": "holo",
            "size": "Standard"
        }
    ],
    "hp": 80,
    "types": [
        "Combat"
    ],
    "description": "Il possède un fantastique sens de l'équilibre, et peut donner\ndes rafales de coups de pied dans toutes les positions.",
    "stage": "De base",
    "attacks": [
        {
            "cost": [
                "Combat"
            ],
            "name": "Allonge",
            "effect": "Cette attaque inflige 30 dégâts à un des Pokémon de Banc de votre adversaire."
        }
    ],
    "weaknesses": [
        {
            "type": "Psy",
            "value": "+20"
        }
    ],
    "retreat": 1,
    "legal": {
        "standard": false,
        "expanded": false
    },
    "boosters": [
        {
            "id": "boo_A1-mewtwo",
            "name": "Mewtwo"
        }
    ],
    "updated": "2025-05-18T00:53:26+02:00",
    "pricing": {
        "cardmarket": null,
        "tcgplayer": null
    }
}