{
    "category": "Pokémon",
    "id": "A1-181",
    "illustrator": "Shin Nagasawa",
    "image": "https://assets.tcgdex.net/fr/tcgp/A1/181",
    "localId": "181",
    "name": "Meltan",
    "rarity": "Un Diamant",
    "set": {
        "cardCount": {
            "official": 226,
            "total": 286
        },
        "id": "A1",
        "name": "Puissance Génétique",
        "symbol": "https://assets.tcgdex.net/univ/tcgp/A1/symbol"
    },
    "variants": {
        "firstEdition": false,
        "holo": true,
        "normal": true,
        "reverse": true,
        "wPromo": false
    },
    "variants_detailed": [
        {
            "type": "normal",
            "size": "Standard"
        },
        {
            "type": "reverse",
            "size": "Standard"
        },
        {
            "type": "holo",
            "size": "Standard"
        }
    ],
    "hp": 60,
    "types": [
        "Métal"
    ],
    "description": "Il se nourrit du métal qu'il fait fondre, et produit de l'énergie\nen faisant circuler du métal liquide dans son corps.",
    "stage": "De base",
    "attacks": [
        {
            "cost": [
                "Métal"
            ],
            "name": "Amas",
            "effect": "Prenez une Énergie {M} de votre zone Énergie et attachez-la à ce Pokémon."
        }
    ],
    "weaknesses": [
        {
            "type": "Feu",
            "value": "+20"
        }
    ],
    "retreat": 1,
    "legal": {
        "standard": false,
        "expanded": false
    },
    "boosters": [
        {
            "id": "boo_A1-charizard",
            "name": "Dracaufeu"
        }
    ],
    "updated": "2025-07-08T11:31:53+02:00",
    "pricing": {
        "cardmarket": null,
        "tcgplayer": null
    }
}