{
    "category": "Pokémon",
    "id": "A1-183",
    "illustrator": "Ayaka Yoshida",
    "image": "https://assets.tcgdex.net/fr/tcgp/A1/183",
    "localId": "183",
    "name": "Minidraco",
    "rarity": "Un Diamant",
    "set": {
        "cardCount": {
            "official": 226,
            "total": 286
        },
        "id": "A1",
        "name": "Puissance Génétique",
        "symbol": "https://assets.tcgdex.net/univ/tcgp/A1/symbol"
    },
    "variants": {
        "firstEdition": false,
        "holo": true,
        "normal": true,
        "reverse": true,
        "wPromo": false
    },
    "variants_detailed": [
        {
            "type": "normal",
            "size": "Standard"
        },
        {
            "type": "reverse",
            "size": "Standard"
        },
        {
            "type": "holo",
            "size": "Standard"
        }
    ],
    "hp": 70,
    "types": [
        "Dragon"
    ],
    "description": "Ce Pokémon grandit en muant à répétition. Lors de\nce processus, il s'abrite derrière une puissante cascade.",
    "stage": "De base",
    "attacks": [
        {
            "cost": [
                "Eau",
                "Électrique"
            ],
            "name": "Collision",
            "damage": "40"
        }
    ],
    "retreat": 1,
    "legal": {
        "standard": false,
        "expanded": false
    },
    "boosters": [
        {
            "id": "boo_A1-mewtwo",
            "name": "Mewtwo"
        }
    ],
    "updated": "2025-05-18T00:53:26+02:00",
    "pricing": {
        "cardmarket": null,
        "tcgplayer": null
    }
}