{
    "category": "Pokémon",
    "id": "A1-126",
    "illustrator": "Kagemaru Himeno",
    "image": "https://assets.tcgdex.net/fr/tcgp/A1/126",
    "localId": "126",
    "name": "M. Mime",
    "rarity": "Deux Diamants",
    "set": {
        "cardCount": {
            "official": 226,
            "total": 286
        },
        "id": "A1",
        "name": "Puissance Génétique",
        "symbol": "https://assets.tcgdex.net/univ/tcgp/A1/symbol"
    },
    "variants": {
        "firstEdition": false,
        "holo": true,
        "normal": true,
        "reverse": true,
        "wPromo": false
    },
    "variants_detailed": [
        {
            "type": "normal",
            "size": "Standard"
        },
        {
            "type": "reverse",
            "size": "Standard"
        },
        {
            "type": "holo",
            "size": "Standard"
        }
    ],
    "hp": 80,
    "types": [
        "Psy"
    ],
    "description": "De nombreux savants pensent que ses mains\nse sont développées pour faire de la pantomime.",
    "stage": "De base",
    "attacks": [
        {
            "cost": [
                "Psy",
                "Incolore"
            ],
            "name": "Attaque d'Obstacle",
            "effect": "Pendant le prochain tour de votre adversaire, ce Pokémon subit − 20 dégâts provenant des attaques.",
            "damage": "30"
        }
    ],
    "weaknesses": [
        {
            "type": "Obscurité",
            "value": "+20"
        }
    ],
    "retreat": 1,
    "legal": {
        "standard": false,
        "expanded": false
    },
    "boosters": [
        {
            "id": "boo_A1-mewtwo",
            "name": "Mewtwo"
        }
    ],
    "updated": "2025-05-18T00:53:26+02:00",
    "pricing": {
        "cardmarket": null,
        "tcgplayer": null
    }
}