{
    "category": "Pokémon",
    "id": "A1-143",
    "illustrator": "Kyoko Umemoto",
    "image": "https://assets.tcgdex.net/fr/tcgp/A1/143",
    "localId": "143",
    "name": "Machoc",
    "rarity": "Un Diamant",
    "set": {
        "cardCount": {
            "official": 226,
            "total": 286
        },
        "id": "A1",
        "name": "Puissance Génétique",
        "symbol": "https://assets.tcgdex.net/univ/tcgp/A1/symbol"
    },
    "variants": {
        "firstEdition": false,
        "holo": true,
        "normal": true,
        "reverse": true,
        "wPromo": false
    },
    "variants_detailed": [
        {
            "type": "normal",
            "size": "Standard"
        },
        {
            "type": "reverse",
            "size": "Standard"
        },
        {
            "type": "holo",
            "size": "Standard"
        }
    ],
    "hp": 70,
    "types": [
        "Combat"
    ],
    "description": "Son corps est essentiellement composé de muscles.\nMême s'il fait la taille d'un petit enfant,\nil peut soulever 100 adultes avec ses bras.",
    "stage": "De base",
    "attacks": [
        {
            "cost": [
                "Combat"
            ],
            "name": "Coud'Phalange",
            "damage": "20"
        }
    ],
    "weaknesses": [
        {
            "type": "Psy",
            "value": "+20"
        }
    ],
    "retreat": 2,
    "legal": {
        "standard": false,
        "expanded": false
    },
    "boosters": [
        {
            "id": "boo_A1-charizard",
            "name": "Dracaufeu"
        }
    ],
    "updated": "2025-05-18T00:53:26+02:00",
    "pricing": {
        "cardmarket": null,
        "tcgplayer": null
    }
}