{
    "category": "Pokémon",
    "id": "A1-112",
    "illustrator": "Tika Matsuno",
    "image": "https://assets.tcgdex.net/fr/tcgp/A1/112",
    "localId": "112",
    "name": "Wattapik",
    "rarity": "Deux Diamants",
    "set": {
        "cardCount": {
            "official": 226,
            "total": 286
        },
        "id": "A1",
        "name": "Puissance Génétique",
        "symbol": "https://assets.tcgdex.net/univ/tcgp/A1/symbol"
    },
    "variants": {
        "firstEdition": false,
        "holo": true,
        "normal": true,
        "reverse": true,
        "wPromo": false
    },
    "variants_detailed": [
        {
            "type": "normal",
            "size": "Standard"
        },
        {
            "type": "reverse",
            "size": "Standard"
        },
        {
            "type": "holo",
            "size": "Standard"
        }
    ],
    "hp": 70,
    "types": [
        "Électrique"
    ],
    "description": "Il génère de l'électricité lorsqu'il digère.\nÀ l'aide de ses cinq dents très solides,\nil racle les algues des rochers puis les mange.",
    "stage": "De base",
    "attacks": [
        {
            "cost": [
                "Électrique",
                "Électrique"
            ],
            "name": "Éclair",
            "effect": "Lancez une pièce. Si c'est face, le Pokémon Actif de votre adversaire est maintenant Paralysé.",
            "damage": "40"
        }
    ],
    "weaknesses": [
        {
            "type": "Combat",
            "value": "+20"
        }
    ],
    "retreat": 1,
    "legal": {
        "standard": false,
        "expanded": false
    },
    "boosters": [
        {
            "id": "boo_A1-mewtwo",
            "name": "Mewtwo"
        },
        {
            "id": "boo_A1-charizard",
            "name": "Dracaufeu"
        },
        {
            "id": "boo_A1-pikachu",
            "name": "Pikachu"
        }
    ],
    "updated": "2025-05-18T00:53:26+02:00",
    "pricing": {
        "cardmarket": null,
        "tcgplayer": null
    }
}