{
    "category": "Pokémon",
    "id": "A1-156",
    "illustrator": "Midori Harada",
    "image": "https://assets.tcgdex.net/fr/tcgp/A1/156",
    "localId": "156",
    "name": "Rhinocorne",
    "rarity": "Un Diamant",
    "set": {
        "cardCount": {
            "official": 226,
            "total": 286
        },
        "id": "A1",
        "name": "Puissance Génétique",
        "symbol": "https://assets.tcgdex.net/univ/tcgp/A1/symbol"
    },
    "variants": {
        "firstEdition": false,
        "holo": true,
        "normal": true,
        "reverse": true,
        "wPromo": false
    },
    "variants_detailed": [
        {
            "type": "normal",
            "size": "Standard"
        },
        {
            "type": "reverse",
            "size": "Standard"
        },
        {
            "type": "holo",
            "size": "Standard"
        }
    ],
    "hp": 80,
    "types": [
        "Combat"
    ],
    "description": "Costaud, mais pas très intelligent, ce Pokémon est capable\nde détruire un immeuble entier en fonçant dessus.",
    "stage": "De base",
    "attacks": [
        {
            "cost": [
                "Combat",
                "Combat",
                "Incolore"
            ],
            "name": "Charge",
            "damage": "60"
        }
    ],
    "weaknesses": [
        {
            "type": "Plante",
            "value": "+20"
        }
    ],
    "retreat": 3,
    "legal": {
        "standard": false,
        "expanded": false
    },
    "boosters": [
        {
            "id": "boo_A1-mewtwo",
            "name": "Mewtwo"
        }
    ],
    "updated": "2025-07-08T11:31:53+02:00",
    "pricing": {
        "cardmarket": null,
        "tcgplayer": null
    }
}