{
    "category": "Pokémon",
    "id": "A1-190",
    "illustrator": "Shigenori Negishi",
    "image": "https://assets.tcgdex.net/fr/tcgp/A1/190",
    "localId": "190",
    "name": "Rattatac",
    "rarity": "Un Diamant",
    "set": {
        "cardCount": {
            "official": 226,
            "total": 286
        },
        "id": "A1",
        "name": "Puissance Génétique",
        "symbol": "https://assets.tcgdex.net/univ/tcgp/A1/symbol"
    },
    "variants": {
        "firstEdition": false,
        "holo": true,
        "normal": true,
        "reverse": true,
        "wPromo": false
    },
    "variants_detailed": [
        {
            "type": "normal",
            "size": "Standard"
        },
        {
            "type": "reverse",
            "size": "Standard"
        },
        {
            "type": "holo",
            "size": "Standard"
        }
    ],
    "hp": 80,
    "types": [
        "Incolore"
    ],
    "description": "Les petites palmes de ses pattes postérieures\nlui permettraient de se rendre d'île en île\nà la nage afin d'échapper à ses prédateurs.",
    "stage": "Niveau 1",
    "attacks": [
        {
            "cost": [
                "Incolore"
            ],
            "name": "Morsure",
            "damage": "40"
        }
    ],
    "weaknesses": [
        {
            "type": "Combat",
            "value": "+20"
        }
    ],
    "retreat": 1,
    "legal": {
        "standard": false,
        "expanded": false
    },
    "boosters": [
        {
            "id": "boo_A1-mewtwo",
            "name": "Mewtwo"
        },
        {
            "id": "boo_A1-charizard",
            "name": "Dracaufeu"
        },
        {
            "id": "boo_A1-pikachu",
            "name": "Pikachu"
        }
    ],
    "updated": "2025-05-18T00:53:26+02:00",
    "pricing": {
        "cardmarket": null,
        "tcgplayer": null
    }
}