{
    "category": "Pokémon",
    "id": "A1-188",
    "illustrator": "Scav",
    "image": "https://assets.tcgdex.net/fr/tcgp/A1/188",
    "localId": "188",
    "name": "Roucarnage",
    "rarity": "Trois Diamants",
    "set": {
        "cardCount": {
            "official": 226,
            "total": 286
        },
        "id": "A1",
        "name": "Puissance Génétique",
        "symbol": "https://assets.tcgdex.net/univ/tcgp/A1/symbol"
    },
    "variants": {
        "firstEdition": false,
        "holo": true,
        "normal": true,
        "reverse": true,
        "wPromo": false
    },
    "variants_detailed": [
        {
            "type": "normal",
            "size": "Standard"
        },
        {
            "type": "reverse",
            "size": "Standard"
        },
        {
            "type": "holo",
            "size": "Standard"
        }
    ],
    "hp": 130,
    "types": [
        "Incolore"
    ],
    "description": "Il survole la surface de l'eau pour repérer\nune proie et plonge en piqué pour l'attraper.",
    "stage": "Niveau 2",
    "abilities": [
        {
            "type": "Talent",
            "name": "Déroute",
            "effect": "Une fois pendant votre tour, vous pouvez échanger le Pokémon Actif de votre adversaire contre l'un de ses Pokémon de Banc. (Votre adversaire choisit le nouveau Pokémon Actif.)"
        }
    ],
    "attacks": [
        {
            "cost": [
                "Incolore",
                "Incolore"
            ],
            "name": "Cru-Ailes",
            "damage": "70"
        }
    ],
    "weaknesses": [
        {
            "type": "Électrique",
            "value": "+20"
        }
    ],
    "retreat": 1,
    "legal": {
        "standard": false,
        "expanded": false
    },
    "boosters": [
        {
            "id": "boo_A1-mewtwo",
            "name": "Mewtwo"
        }
    ],
    "updated": "2025-05-18T00:53:26+02:00",
    "pricing": {
        "cardmarket": null,
        "tcgplayer": null
    }
}