{
    "category": "Pokémon",
    "id": "A1-163",
    "illustrator": "kurumitsu",
    "image": "https://assets.tcgdex.net/fr/tcgp/A1/163",
    "localId": "163",
    "name": "Krakos",
    "rarity": "Deux Diamants",
    "set": {
        "cardCount": {
            "official": 226,
            "total": 286
        },
        "id": "A1",
        "name": "Puissance Génétique",
        "symbol": "https://assets.tcgdex.net/univ/tcgp/A1/symbol"
    },
    "variants": {
        "firstEdition": false,
        "holo": true,
        "normal": true,
        "reverse": true,
        "wPromo": false
    },
    "variants_detailed": [
        {
            "type": "normal",
            "size": "Standard"
        },
        {
            "type": "reverse",
            "size": "Standard"
        },
        {
            "type": "holo",
            "size": "Standard"
        }
    ],
    "hp": 130,
    "types": [
        "Combat"
    ],
    "description": "Son corps est un amas de muscles. La puissance des prises\nd'étranglement qu'il exécute avec ses tentacules est saisissante.",
    "stage": "Niveau 1",
    "attacks": [
        {
            "cost": [
                "Combat",
                "Combat",
                "Incolore"
            ],
            "name": "Dégagement",
            "effect": "Échangez le Pokémon Actif de votre adversaire avec l'un de ses Pokémon de Banc. (Votre adversaire choisit le nouveau Pokémon Actif.)",
            "damage": "70"
        }
    ],
    "weaknesses": [
        {
            "type": "Psy",
            "value": "+20"
        }
    ],
    "retreat": 3,
    "legal": {
        "standard": false,
        "expanded": false
    },
    "boosters": [
        {
            "id": "boo_A1-mewtwo",
            "name": "Mewtwo"
        },
        {
            "id": "boo_A1-charizard",
            "name": "Dracaufeu"
        },
        {
            "id": "boo_A1-pikachu",
            "name": "Pikachu"
        }
    ],
    "updated": "2025-05-18T00:53:26+02:00",
    "pricing": {
        "cardmarket": null,
        "tcgplayer": null
    }
}