{
    "category": "Pokémon",
    "id": "A1-174",
    "illustrator": "Pani Kobayashi",
    "image": "https://assets.tcgdex.net/fr/tcgp/A1/174",
    "localId": "174",
    "name": "Tadmorv",
    "rarity": "Un Diamant",
    "set": {
        "cardCount": {
            "official": 226,
            "total": 286
        },
        "id": "A1",
        "name": "Puissance Génétique",
        "symbol": "https://assets.tcgdex.net/univ/tcgp/A1/symbol"
    },
    "variants": {
        "firstEdition": false,
        "holo": true,
        "normal": true,
        "reverse": true,
        "wPromo": false
    },
    "variants_detailed": [
        {
            "type": "normal",
            "size": "Standard"
        },
        {
            "type": "reverse",
            "size": "Standard"
        },
        {
            "type": "holo",
            "size": "Standard"
        }
    ],
    "hp": 70,
    "types": [
        "Obscurité"
    ],
    "description": "Torrent de boue devenu Pokémon, il vit dans\nles lieux les plus insalubres pour que le nombre\nde microbes qu'il héberge augmente.",
    "stage": "De base",
    "attacks": [
        {
            "cost": [
                "Obscurité"
            ],
            "name": "Gaz Toxik",
            "effect": "Le Pokémon Actif de votre adversaire est maintenant Empoisonné.",
            "damage": "10"
        }
    ],
    "weaknesses": [
        {
            "type": "Combat",
            "value": "+20"
        }
    ],
    "retreat": 3,
    "legal": {
        "standard": false,
        "expanded": false
    },
    "boosters": [
        {
            "id": "boo_A1-mewtwo",
            "name": "Mewtwo"
        }
    ],
    "updated": "2025-05-18T00:53:26+02:00",
    "pricing": {
        "cardmarket": null,
        "tcgplayer": null
    }
}