{
    "category": "Pokémon",
    "id": "A1-168",
    "illustrator": "nagimiso",
    "image": "https://assets.tcgdex.net/fr/tcgp/A1/168",
    "localId": "168",
    "name": "Nidoqueen",
    "rarity": "Trois Diamants",
    "set": {
        "cardCount": {
            "official": 226,
            "total": 286
        },
        "id": "A1",
        "name": "Puissance Génétique",
        "symbol": "https://assets.tcgdex.net/univ/tcgp/A1/symbol"
    },
    "variants": {
        "firstEdition": false,
        "holo": true,
        "normal": true,
        "reverse": true,
        "wPromo": false
    },
    "variants_detailed": [
        {
            "type": "normal",
            "size": "Standard"
        },
        {
            "type": "reverse",
            "size": "Standard"
        },
        {
            "type": "holo",
            "size": "Standard"
        }
    ],
    "hp": 140,
    "types": [
        "Obscurité"
    ],
    "description": "Il est plus doué pour se défendre que pour\nattaquer. Grâce à son blindage d'écailles,\nil protège ses petits de toute agression.",
    "stage": "Niveau 2",
    "attacks": [
        {
            "cost": [
                "Obscurité",
                "Obscurité",
                "Incolore"
            ],
            "name": "Coup de Foudre",
            "effect": "Cette attaque inflige 50 dégâts supplémentaires pour chaque Nidoking sur votre Banc.",
            "damage": "80+"
        }
    ],
    "weaknesses": [
        {
            "type": "Combat",
            "value": "+20"
        }
    ],
    "retreat": 2,
    "legal": {
        "standard": false,
        "expanded": false
    },
    "boosters": [
        {
            "id": "boo_A1-pikachu",
            "name": "Pikachu"
        }
    ],
    "updated": "2025-05-18T00:53:26+02:00",
    "pricing": {
        "cardmarket": null,
        "tcgplayer": null
    }
}