{
    "category": "Pokémon",
    "id": "A1-131",
    "illustrator": "sowsow",
    "image": "https://assets.tcgdex.net/fr/tcgp/A1/131",
    "localId": "131",
    "name": "Kirlia",
    "rarity": "Deux Diamants",
    "set": {
        "cardCount": {
            "official": 226,
            "total": 286
        },
        "id": "A1",
        "name": "Puissance Génétique",
        "symbol": "https://assets.tcgdex.net/univ/tcgp/A1/symbol"
    },
    "variants": {
        "firstEdition": false,
        "holo": true,
        "normal": true,
        "reverse": true,
        "wPromo": false
    },
    "variants_detailed": [
        {
            "type": "normal",
            "size": "Standard"
        },
        {
            "type": "reverse",
            "size": "Standard"
        },
        {
            "type": "holo",
            "size": "Standard"
        }
    ],
    "hp": 80,
    "types": [
        "Psy"
    ],
    "description": "Grâce à ses pouvoirs psychiques, il peut distordre\nl'espace-temps et ainsi voir l'avenir.",
    "stage": "Niveau 1",
    "attacks": [
        {
            "cost": [
                "Psy",
                "Incolore"
            ],
            "name": "Claque",
            "damage": "30"
        }
    ],
    "weaknesses": [
        {
            "type": "Obscurité",
            "value": "+20"
        }
    ],
    "retreat": 1,
    "legal": {
        "standard": false,
        "expanded": false
    },
    "boosters": [
        {
            "id": "boo_A1-mewtwo",
            "name": "Mewtwo"
        }
    ],
    "updated": "2025-05-18T00:53:26+02:00",
    "pricing": {
        "cardmarket": null,
        "tcgplayer": null
    }
}