{
    "category": "Pokémon",
    "id": "A1-142",
    "illustrator": "Kagemaru Himeno",
    "image": "https://assets.tcgdex.net/fr/tcgp/A1/142",
    "localId": "142",
    "name": "Colossinge",
    "rarity": "Deux Diamants",
    "set": {
        "cardCount": {
            "official": 226,
            "total": 286
        },
        "id": "A1",
        "name": "Puissance Génétique",
        "symbol": "https://assets.tcgdex.net/univ/tcgp/A1/symbol"
    },
    "variants": {
        "firstEdition": false,
        "holo": true,
        "normal": true,
        "reverse": true,
        "wPromo": false
    },
    "variants_detailed": [
        {
            "type": "normal",
            "size": "Standard"
        },
        {
            "type": "reverse",
            "size": "Standard"
        },
        {
            "type": "holo",
            "size": "Standard"
        }
    ],
    "hp": 90,
    "types": [
        "Combat"
    ],
    "description": "Il devient fou furieux s'il se sent observé\net pourchasse tout être qui croise son regard.",
    "stage": "Niveau 1",
    "attacks": [
        {
            "cost": [
                "Combat",
                "Combat"
            ],
            "name": "Rendre les Coups",
            "effect": "Si ce Pokémon a subi des dégâts, cette attaque inflige 60 dégâts de plus.",
            "damage": "40+"
        }
    ],
    "weaknesses": [
        {
            "type": "Psy",
            "value": "+20"
        }
    ],
    "retreat": 1,
    "legal": {
        "standard": false,
        "expanded": false
    },
    "boosters": [
        {
            "id": "boo_A1-charizard",
            "name": "Dracaufeu"
        }
    ],
    "updated": "2025-05-18T00:53:26+02:00",
    "pricing": {
        "cardmarket": null,
        "tcgplayer": null
    }
}