{
    "category": "Pokémon",
    "id": "A1-109",
    "illustrator": "hatachu",
    "image": "https://assets.tcgdex.net/fr/tcgp/A1/109",
    "localId": "109",
    "name": "Ohmassacre",
    "rarity": "Trois Diamants",
    "set": {
        "cardCount": {
            "official": 226,
            "total": 286
        },
        "id": "A1",
        "name": "Puissance Génétique",
        "symbol": "https://assets.tcgdex.net/univ/tcgp/A1/symbol"
    },
    "variants": {
        "firstEdition": false,
        "holo": true,
        "normal": true,
        "reverse": true,
        "wPromo": false
    },
    "variants_detailed": [
        {
            "type": "normal",
            "size": "Standard"
        },
        {
            "type": "reverse",
            "size": "Standard"
        },
        {
            "type": "holo",
            "size": "Standard"
        }
    ],
    "hp": 140,
    "types": [
        "Électrique"
    ],
    "description": "Il peut sortir de l'eau à la force de ses bras\npour attaquer des proies sur la rive et les\nentraîner avec lui dans l'eau en un instant.",
    "stage": "Niveau 2",
    "attacks": [
        {
            "cost": [
                "Électrique",
                "Électrique",
                "Incolore"
            ],
            "name": "Crocs Éclair",
            "effect": "Lancez une pièce. Si c'est face, le Pokémon Actif de votre adversaire est maintenant Paralysé.",
            "damage": "80"
        }
    ],
    "weaknesses": [
        {
            "type": "Combat",
            "value": "+20"
        }
    ],
    "retreat": 3,
    "legal": {
        "standard": false,
        "expanded": false
    },
    "boosters": [
        {
            "id": "boo_A1-mewtwo",
            "name": "Mewtwo"
        }
    ],
    "updated": "2025-05-18T00:53:26+02:00",
    "pricing": {
        "cardmarket": null,
        "tcgplayer": null
    }
}