{
    "category": "Pokémon",
    "id": "A1-101",
    "illustrator": "Ryuta Fuse",
    "image": "https://assets.tcgdex.net/fr/tcgp/A1/101",
    "localId": "101",
    "name": "Élektek",
    "rarity": "Un Diamant",
    "set": {
        "cardCount": {
            "official": 226,
            "total": 286
        },
        "id": "A1",
        "name": "Puissance Génétique",
        "symbol": "https://assets.tcgdex.net/univ/tcgp/A1/symbol"
    },
    "variants": {
        "firstEdition": false,
        "holo": true,
        "normal": true,
        "reverse": true,
        "wPromo": false
    },
    "variants_detailed": [
        {
            "type": "normal",
            "size": "Standard"
        },
        {
            "type": "reverse",
            "size": "Standard"
        },
        {
            "type": "holo",
            "size": "Standard"
        }
    ],
    "hp": 70,
    "types": [
        "Électrique"
    ],
    "description": "De nombreuses centrales électriques gardent\ndes Pokémon Sol à proximité afin d'empêcher\nles Élektek de leur voler de l'électricité.",
    "stage": "De base",
    "attacks": [
        {
            "cost": [
                "Électrique",
                "Électrique"
            ],
            "name": "Poing Éclair",
            "effect": "Lancez une pièce. Si c'est face, cette attaque inflige 40 dégâts de plus. Si c'est pile, ce Pokémon s'inflige aussi 20 dégâts.",
            "damage": "40+"
        }
    ],
    "weaknesses": [
        {
            "type": "Combat",
            "value": "+20"
        }
    ],
    "retreat": 1,
    "legal": {
        "standard": false,
        "expanded": false
    },
    "boosters": [
        {
            "id": "boo_A1-pikachu",
            "name": "Pikachu"
        }
    ],
    "updated": "2025-05-18T00:53:26+02:00",
    "pricing": {
        "cardmarket": null,
        "tcgplayer": null
    }
}