{
    "category": "Pokémon",
    "id": "A1-192",
    "illustrator": "Satoshi Shirai",
    "image": "https://assets.tcgdex.net/fr/tcgp/A1/192",
    "localId": "192",
    "name": "Rapasdepic",
    "rarity": "Un Diamant",
    "set": {
        "cardCount": {
            "official": 226,
            "total": 286
        },
        "id": "A1",
        "name": "Puissance Génétique",
        "symbol": "https://assets.tcgdex.net/univ/tcgp/A1/symbol"
    },
    "variants": {
        "firstEdition": false,
        "holo": true,
        "normal": true,
        "reverse": true,
        "wPromo": false
    },
    "variants_detailed": [
        {
            "type": "normal",
            "size": "Standard"
        },
        {
            "type": "reverse",
            "size": "Standard"
        },
        {
            "type": "holo",
            "size": "Standard"
        }
    ],
    "hp": 100,
    "types": [
        "Incolore"
    ],
    "description": "Si vous vous promenez sur le territoire\nd'un Rapasdepic en transportant de la nourriture,\nvous risquez de vite la voir s'envoler !",
    "stage": "Niveau 1",
    "attacks": [
        {
            "cost": [
                "Incolore",
                "Incolore"
            ],
            "name": "Tunnelier",
            "effect": "Lancez une pièce. Si c'est face, défaussez au hasard une Énergie du Pokémon Actif de votre adversaire.",
            "damage": "50"
        }
    ],
    "weaknesses": [
        {
            "type": "Électrique",
            "value": "+20"
        }
    ],
    "retreat": 1,
    "legal": {
        "standard": false,
        "expanded": false
    },
    "boosters": [
        {
            "id": "boo_A1-charizard",
            "name": "Dracaufeu"
        }
    ],
    "updated": "2025-05-18T00:53:26+02:00",
    "pricing": {
        "cardmarket": null,
        "tcgplayer": null
    }
}