{
    "category": "Pokémon",
    "id": "A1-180",
    "illustrator": "Anesaki Dynamic",
    "image": "https://assets.tcgdex.net/fr/tcgp/A1/180",
    "localId": "180",
    "name": "Scalproie",
    "rarity": "Deux Diamants",
    "set": {
        "cardCount": {
            "official": 226,
            "total": 286
        },
        "id": "A1",
        "name": "Puissance Génétique",
        "symbol": "https://assets.tcgdex.net/univ/tcgp/A1/symbol"
    },
    "variants": {
        "firstEdition": false,
        "holo": true,
        "normal": true,
        "reverse": true,
        "wPromo": false
    },
    "variants_detailed": [
        {
            "type": "normal",
            "size": "Standard"
        },
        {
            "type": "reverse",
            "size": "Standard"
        },
        {
            "type": "holo",
            "size": "Standard"
        }
    ],
    "hp": 90,
    "types": [
        "Métal"
    ],
    "description": "Il dirige des cohortes de Scalpion. Les groupes qui sont vaincus\nlors de guerres de territoires rejoignent les vainqueurs.",
    "stage": "Niveau 1",
    "attacks": [
        {
            "cost": [
                "Métal",
                "Métal"
            ],
            "name": "Griffe Acier",
            "damage": "70"
        }
    ],
    "weaknesses": [
        {
            "type": "Feu",
            "value": "+20"
        }
    ],
    "retreat": 1,
    "legal": {
        "standard": false,
        "expanded": false
    },
    "boosters": [
        {
            "id": "boo_A1-mewtwo",
            "name": "Mewtwo"
        },
        {
            "id": "boo_A1-charizard",
            "name": "Dracaufeu"
        },
        {
            "id": "boo_A1-pikachu",
            "name": "Pikachu"
        }
    ],
    "updated": "2025-05-18T00:53:26+02:00",
    "pricing": {
        "cardmarket": null,
        "tcgplayer": null
    }
}