{
    "category": "Pokémon",
    "id": "A1-162",
    "illustrator": "Yuu Nishida",
    "image": "https://assets.tcgdex.net/fr/tcgp/A1/162",
    "localId": "162",
    "name": "Poulpaf",
    "rarity": "Un Diamant",
    "set": {
        "cardCount": {
            "official": 226,
            "total": 286
        },
        "id": "A1",
        "name": "Puissance Génétique",
        "symbol": "https://assets.tcgdex.net/univ/tcgp/A1/symbol"
    },
    "variants": {
        "firstEdition": false,
        "holo": true,
        "normal": true,
        "reverse": true,
        "wPromo": false
    },
    "variants_detailed": [
        {
            "type": "normal",
            "size": "Standard"
        },
        {
            "type": "reverse",
            "size": "Standard"
        },
        {
            "type": "holo",
            "size": "Standard"
        }
    ],
    "hp": 80,
    "types": [
        "Combat"
    ],
    "description": "Il se rend sur la terre ferme pour se nourrir.\nTrès curieux, son premier réflexe est de frapper\ntout ce qu'il voit avec ses tentacules.",
    "stage": "De base",
    "attacks": [
        {
            "cost": [
                "Combat",
                "Incolore"
            ],
            "name": "Coud'Phalange",
            "damage": "30"
        }
    ],
    "weaknesses": [
        {
            "type": "Psy",
            "value": "+20"
        }
    ],
    "retreat": 2,
    "legal": {
        "standard": false,
        "expanded": false
    },
    "boosters": [
        {
            "id": "boo_A1-mewtwo",
            "name": "Mewtwo"
        },
        {
            "id": "boo_A1-charizard",
            "name": "Dracaufeu"
        },
        {
            "id": "boo_A1-pikachu",
            "name": "Pikachu"
        }
    ],
    "updated": "2025-05-18T00:53:26+02:00",
    "pricing": {
        "cardmarket": null,
        "tcgplayer": null
    }
}