{
    "category": "Pokémon",
    "id": "A1-140",
    "illustrator": "Akira Komayama",
    "image": "https://assets.tcgdex.net/fr/tcgp/A1/140",
    "localId": "140",
    "name": "Triopikeur",
    "rarity": "Deux Diamants",
    "set": {
        "cardCount": {
            "official": 226,
            "total": 286
        },
        "id": "A1",
        "name": "Puissance Génétique",
        "symbol": "https://assets.tcgdex.net/univ/tcgp/A1/symbol"
    },
    "variants": {
        "firstEdition": false,
        "holo": true,
        "normal": true,
        "reverse": true,
        "wPromo": false
    },
    "variants_detailed": [
        {
            "type": "normal",
            "size": "Standard"
        },
        {
            "type": "reverse",
            "size": "Standard"
        },
        {
            "type": "holo",
            "size": "Standard"
        }
    ],
    "hp": 70,
    "types": [
        "Combat"
    ],
    "description": "Ses trois têtes pilonnent le sol pour le rendre\nfriable et ainsi faciliter l'excavation.",
    "stage": "Niveau 1",
    "attacks": [
        {
            "cost": [
                "Combat"
            ],
            "name": "Tunnel",
            "effect": "Lancez une pièce. Si c'est face, pendant le prochain tour de votre adversaire, évitez tous les dégâts et les effets d'attaques infligés à ce Pokémon.",
            "damage": "40"
        }
    ],
    "weaknesses": [
        {
            "type": "Plante",
            "value": "+20"
        }
    ],
    "retreat": 1,
    "legal": {
        "standard": false,
        "expanded": false
    },
    "boosters": [
        {
            "id": "boo_A1-pikachu",
            "name": "Pikachu"
        }
    ],
    "updated": "2025-05-18T00:53:26+02:00",
    "pricing": {
        "cardmarket": null,
        "tcgplayer": null
    }
}