{
    "category": "Pokémon",
    "id": "A1-176",
    "illustrator": "Saya Tsuruta",
    "image": "https://assets.tcgdex.net/fr/tcgp/A1/176",
    "localId": "176",
    "name": "Smogo",
    "rarity": "Un Diamant",
    "set": {
        "cardCount": {
            "official": 226,
            "total": 286
        },
        "id": "A1",
        "name": "Puissance Génétique",
        "symbol": "https://assets.tcgdex.net/univ/tcgp/A1/symbol"
    },
    "variants": {
        "firstEdition": false,
        "holo": true,
        "normal": true,
        "reverse": true,
        "wPromo": false
    },
    "variants_detailed": [
        {
            "type": "normal",
            "size": "Standard"
        },
        {
            "type": "reverse",
            "size": "Standard"
        },
        {
            "type": "holo",
            "size": "Standard"
        }
    ],
    "hp": 70,
    "types": [
        "Obscurité"
    ],
    "description": "Son corps est gonflé de gaz toxique. Il se rend dans les décharges,\nattiré par l'odeur des déchets alimentaires en décomposition.",
    "stage": "De base",
    "attacks": [
        {
            "cost": [
                "Obscurité"
            ],
            "name": "Gaz Suffocant",
            "damage": "20"
        }
    ],
    "weaknesses": [
        {
            "type": "Combat",
            "value": "+20"
        }
    ],
    "retreat": 1,
    "legal": {
        "standard": false,
        "expanded": false
    },
    "boosters": [
        {
            "id": "boo_A1-mewtwo",
            "name": "Mewtwo"
        }
    ],
    "updated": "2025-05-18T00:53:26+02:00",
    "pricing": {
        "cardmarket": null,
        "tcgplayer": null
    }
}