{
    "category": "Dresseur",
    "id": "A1-217",
    "illustrator": "Toyste Beach",
    "image": "https://assets.tcgdex.net/fr/tcgp/A1/217",
    "localId": "217",
    "name": "Fossile Dôme",
    "rarity": "Un Diamant",
    "set": {
        "cardCount": {
            "official": 226,
            "total": 286
        },
        "id": "A1",
        "name": "Puissance Génétique",
        "symbol": "https://assets.tcgdex.net/univ/tcgp/A1/symbol"
    },
    "variants": {
        "firstEdition": false,
        "holo": true,
        "normal": true,
        "reverse": true,
        "wPromo": false
    },
    "variants_detailed": [
        {
            "type": "normal",
            "size": "Standard"
        },
        {
            "type": "reverse",
            "size": "Standard"
        },
        {
            "type": "holo",
            "size": "Standard"
        }
    ],
    "effect": "Jouez cette carte comme si c'était un Pokémon {C} de base avec 40 PV. N'importe quand pendant votre tour, vous pouvez défausser cette carte du jeu. Cette carte ne peut pas battre en retraite.",
    "trainerType": "Objet",
    "legal": {
        "standard": false,
        "expanded": false
    },
    "boosters": [
        {
            "id": "boo_A1-charizard",
            "name": "Dracaufeu"
        }
    ],
    "updated": "2025-05-18T00:53:26+02:00",
    "pricing": {
        "cardmarket": null,
        "tcgplayer": null
    }
}