{
    "category": "Pokémon",
    "id": "A1-274",
    "illustrator": "hncl",
    "image": "https://assets.tcgdex.net/fr/tcgp/A1/274",
    "localId": "274",
    "name": "Sulfura-ex",
    "rarity": "Deux Étoiles",
    "set": {
        "cardCount": {
            "official": 226,
            "total": 286
        },
        "id": "A1",
        "name": "Puissance Génétique",
        "symbol": "https://assets.tcgdex.net/univ/tcgp/A1/symbol"
    },
    "variants": {
        "firstEdition": false,
        "holo": true,
        "normal": true,
        "reverse": true,
        "wPromo": false
    },
    "variants_detailed": [
        {
            "type": "normal",
            "size": "Standard"
        },
        {
            "type": "reverse",
            "size": "Standard"
        },
        {
            "type": "holo",
            "size": "Standard"
        }
    ],
    "hp": 140,
    "types": [
        "Feu"
    ],
    "stage": "De base",
    "suffix": "EX",
    "attacks": [
        {
            "cost": [
                "Feu"
            ],
            "name": "Danse Infernale",
            "effect": "Lancez 3 pièces. Prenez le même nombre d'Énergie {R} de votre zone Énergie que le nombre de côté face obtenu et attachez-les à vos Pokémon {R} de Banc comme il vous plaît."
        },
        {
            "cost": [
                "Feu",
                "Incolore",
                "Incolore"
            ],
            "name": "Explosion de Chaleur",
            "damage": "70"
        }
    ],
    "weaknesses": [
        {
            "type": "Électrique",
            "value": "+20"
        }
    ],
    "retreat": 2,
    "legal": {
        "standard": false,
        "expanded": false
    },
    "boosters": [
        {
            "id": "boo_A1-charizard",
            "name": "Dracaufeu"
        }
    ],
    "updated": "2025-05-18T00:53:26+02:00",
    "pricing": {
        "cardmarket": null,
        "tcgplayer": null
    }
}