{
    "category": "Pokémon",
    "id": "A1-254",
    "illustrator": "PLANETA Saito",
    "image": "https://assets.tcgdex.net/fr/tcgp/A1/254",
    "localId": "254",
    "name": "Arcanin-ex",
    "rarity": "Deux Étoiles",
    "set": {
        "cardCount": {
            "official": 226,
            "total": 286
        },
        "id": "A1",
        "name": "Puissance Génétique",
        "symbol": "https://assets.tcgdex.net/univ/tcgp/A1/symbol"
    },
    "variants": {
        "firstEdition": false,
        "holo": true,
        "normal": true,
        "reverse": true,
        "wPromo": false
    },
    "variants_detailed": [
        {
            "type": "normal",
            "size": "Standard"
        },
        {
            "type": "reverse",
            "size": "Standard"
        },
        {
            "type": "holo",
            "size": "Standard"
        }
    ],
    "hp": 150,
    "types": [
        "Feu"
    ],
    "stage": "Niveau 1",
    "suffix": "EX",
    "attacks": [
        {
            "cost": [
                "Feu",
                "Feu",
                "Incolore"
            ],
            "name": "Torrent d'Enfer",
            "effect": "Ce Pokémon s'inflige aussi 20 dégâts.",
            "damage": "120"
        }
    ],
    "weaknesses": [
        {
            "type": "Eau",
            "value": "+20"
        }
    ],
    "retreat": 2,
    "legal": {
        "standard": false,
        "expanded": false
    },
    "boosters": [
        {
            "id": "boo_A1-pikachu",
            "name": "Pikachu"
        }
    ],
    "updated": "2025-05-18T00:53:26+02:00",
    "pricing": {
        "cardmarket": null,
        "tcgplayer": null
    }
}