{
    "category": "Pokémon",
    "id": "A1-230",
    "illustrator": "GIDORA",
    "image": "https://assets.tcgdex.net/fr/tcgp/A1/230",
    "localId": "230",
    "name": "Salamèche",
    "rarity": "Une Étoile",
    "set": {
        "cardCount": {
            "official": 226,
            "total": 286
        },
        "id": "A1",
        "name": "Puissance Génétique",
        "symbol": "https://assets.tcgdex.net/univ/tcgp/A1/symbol"
    },
    "variants": {
        "firstEdition": false,
        "holo": true,
        "normal": true,
        "reverse": true,
        "wPromo": false
    },
    "variants_detailed": [
        {
            "type": "normal",
            "size": "Standard"
        },
        {
            "type": "reverse",
            "size": "Standard"
        },
        {
            "type": "holo",
            "size": "Standard"
        }
    ],
    "hp": 60,
    "types": [
        "Feu"
    ],
    "description": "Il préfère ce qui est chaud. En cas de pluie,\nde la vapeur se forme autour de sa queue.",
    "stage": "De base",
    "attacks": [
        {
            "cost": [
                "Feu"
            ],
            "name": "Flammèche",
            "effect": "Défaussez une Énergie {R} de ce Pokémon.",
            "damage": "30"
        }
    ],
    "weaknesses": [
        {
            "type": "Eau",
            "value": "+20"
        }
    ],
    "retreat": 1,
    "legal": {
        "standard": false,
        "expanded": false
    },
    "boosters": [
        {
            "id": "boo_A1-charizard",
            "name": "Dracaufeu"
        }
    ],
    "updated": "2025-05-18T00:53:26+02:00",
    "pricing": {
        "cardmarket": null,
        "tcgplayer": null
    }
}