{
    "category": "Pokémon",
    "id": "A1-283",
    "illustrator": "Amelicart",
    "image": "https://assets.tcgdex.net/fr/tcgp/A1/283",
    "localId": "283",
    "name": "Mew",
    "rarity": "Trois Étoiles",
    "set": {
        "cardCount": {
            "official": 226,
            "total": 286
        },
        "id": "A1",
        "name": "Puissance Génétique",
        "symbol": "https://assets.tcgdex.net/univ/tcgp/A1/symbol"
    },
    "variants": {
        "firstEdition": false,
        "holo": true,
        "normal": true,
        "reverse": true,
        "wPromo": false
    },
    "variants_detailed": [
        {
            "type": "normal",
            "size": "Standard"
        },
        {
            "type": "reverse",
            "size": "Standard"
        },
        {
            "type": "holo",
            "size": "Standard"
        }
    ],
    "hp": 60,
    "types": [
        "Psy"
    ],
    "description": "Nombre de scientifiques voient en lui l'ancêtre des Pokémon\ncar il maîtrise toutes leurs capacités.",
    "stage": "De base",
    "attacks": [
        {
            "cost": [
                "Psy"
            ],
            "name": "Observation Psychique",
            "effect": "Votre adversaire dévoile sa main.",
            "damage": "20"
        }
    ],
    "weaknesses": [
        {
            "type": "Obscurité",
            "value": "+20"
        }
    ],
    "retreat": 1,
    "legal": {
        "standard": false,
        "expanded": false
    },
    "boosters": [],
    "updated": "2025-05-18T00:53:26+02:00",
    "pricing": {
        "cardmarket": null,
        "tcgplayer": null
    }
}