{
    "category": "Pokémon",
    "id": "A1-241",
    "illustrator": "nagimiso",
    "image": "https://assets.tcgdex.net/fr/tcgp/A1/241",
    "localId": "241",
    "name": "Nidoking",
    "rarity": "Une Étoile",
    "set": {
        "cardCount": {
            "official": 226,
            "total": 286
        },
        "id": "A1",
        "name": "Puissance Génétique",
        "symbol": "https://assets.tcgdex.net/univ/tcgp/A1/symbol"
    },
    "variants": {
        "firstEdition": false,
        "holo": true,
        "normal": true,
        "reverse": true,
        "wPromo": false
    },
    "variants_detailed": [
        {
            "type": "normal",
            "size": "Standard"
        },
        {
            "type": "reverse",
            "size": "Standard"
        },
        {
            "type": "holo",
            "size": "Standard"
        }
    ],
    "hp": 150,
    "types": [
        "Obscurité"
    ],
    "description": "Lorsqu'il s'énerve, il devient incontrôlable, mais il retrouve\nson calme face à Nidoqueen, sa compagne de longue date.",
    "stage": "Niveau 2",
    "attacks": [
        {
            "cost": [
                "Obscurité",
                "Obscurité",
                "Incolore"
            ],
            "name": "Corne Empoisonnée",
            "effect": "Le Pokémon Actif de votre adversaire est maintenant Empoisonné.",
            "damage": "90"
        }
    ],
    "weaknesses": [
        {
            "type": "Combat",
            "value": "+20"
        }
    ],
    "retreat": 3,
    "legal": {
        "standard": false,
        "expanded": false
    },
    "boosters": [
        {
            "id": "boo_A1-pikachu",
            "name": "Pikachu"
        }
    ],
    "updated": "2025-07-08T11:31:53+02:00",
    "pricing": {
        "cardmarket": null,
        "tcgplayer": null
    }
}