{
    "category": "Dresseur",
    "id": "A1-271",
    "illustrator": "Ryuta Fuse",
    "image": "https://assets.tcgdex.net/fr/tcgp/A1/271",
    "localId": "271",
    "name": "Pierre",
    "rarity": "Deux Étoiles",
    "set": {
        "cardCount": {
            "official": 226,
            "total": 286
        },
        "id": "A1",
        "name": "Puissance Génétique",
        "symbol": "https://assets.tcgdex.net/univ/tcgp/A1/symbol"
    },
    "variants": {
        "firstEdition": false,
        "holo": true,
        "normal": true,
        "reverse": true,
        "wPromo": false
    },
    "variants_detailed": [
        {
            "type": "normal",
            "size": "Standard"
        },
        {
            "type": "reverse",
            "size": "Standard"
        },
        {
            "type": "holo",
            "size": "Standard"
        }
    ],
    "effect": "Prenez une Énergie {F} de votre zone Énergie et attachez-la à Grolem[Text:Char v=\"FOUR-PER-EM-SPACE\" ][Text:AdditionalName v=\"ADDITIONAL_NAME_Alora\" type=\"region\" ] ou Onix.",
    "trainerType": "Supporter",
    "legal": {
        "standard": false,
        "expanded": false
    },
    "boosters": [
        {
            "id": "boo_A1-pikachu",
            "name": "Pikachu"
        }
    ],
    "updated": "2025-05-18T00:53:26+02:00",
    "pricing": {
        "cardmarket": null,
        "tcgplayer": null
    }
}