{
    "category": "Pokémon",
    "id": "A1-279",
    "illustrator": "Shibuzoh.",
    "image": "https://assets.tcgdex.net/fr/tcgp/A1/279",
    "localId": "279",
    "name": "Grodoudou-ex",
    "rarity": "Sans Rareté",
    "set": {
        "cardCount": {
            "official": 226,
            "total": 286
        },
        "id": "A1",
        "name": "Puissance Génétique",
        "symbol": "https://assets.tcgdex.net/univ/tcgp/A1/symbol"
    },
    "variants": {
        "firstEdition": false,
        "holo": true,
        "normal": true,
        "reverse": true,
        "wPromo": false
    },
    "variants_detailed": [
        {
            "type": "normal",
            "size": "Standard"
        },
        {
            "type": "reverse",
            "size": "Standard"
        },
        {
            "type": "holo",
            "size": "Standard"
        }
    ],
    "hp": 140,
    "types": [
        "Incolore"
    ],
    "stage": "Niveau 1",
    "suffix": "EX",
    "attacks": [
        {
            "cost": [
                "Incolore",
                "Incolore",
                "Incolore"
            ],
            "name": "Chanson Berçante",
            "effect": "Le Pokémon Actif de votre adversaire est maintenant Endormi.",
            "damage": "80"
        }
    ],
    "weaknesses": [
        {
            "type": "Combat",
            "value": "+20"
        }
    ],
    "retreat": 2,
    "legal": {
        "standard": false,
        "expanded": false
    },
    "boosters": [
        {
            "id": "boo_A1-pikachu",
            "name": "Pikachu"
        }
    ],
    "updated": "2025-05-18T00:53:26+02:00",
    "pricing": {
        "cardmarket": null,
        "tcgplayer": null
    }
}