{
    "category": "Pokémon",
    "id": "A1-231",
    "illustrator": "Taira Akitsu",
    "image": "https://assets.tcgdex.net/fr/tcgp/A1/231",
    "localId": "231",
    "name": "Galopa",
    "rarity": "Une Étoile",
    "set": {
        "cardCount": {
            "official": 226,
            "total": 286
        },
        "id": "A1",
        "name": "Puissance Génétique",
        "symbol": "https://assets.tcgdex.net/univ/tcgp/A1/symbol"
    },
    "variants": {
        "firstEdition": false,
        "holo": true,
        "normal": true,
        "reverse": true,
        "wPromo": false
    },
    "variants_detailed": [
        {
            "type": "normal",
            "size": "Standard"
        },
        {
            "type": "reverse",
            "size": "Standard"
        },
        {
            "type": "holo",
            "size": "Standard"
        }
    ],
    "hp": 100,
    "types": [
        "Feu"
    ],
    "description": "Ce Pokémon traverse les plaines à plus de 240 km/h,\nsa crinière flamboyante flottant au vent.",
    "stage": "Niveau 1",
    "attacks": [
        {
            "cost": [
                "Feu"
            ],
            "name": "Crinière de Feu",
            "damage": "40"
        }
    ],
    "weaknesses": [
        {
            "type": "Eau",
            "value": "+20"
        }
    ],
    "retreat": 1,
    "legal": {
        "standard": false,
        "expanded": false
    },
    "boosters": [
        {
            "id": "boo_A1-charizard",
            "name": "Dracaufeu"
        }
    ],
    "updated": "2025-05-18T00:53:26+02:00",
    "pricing": {
        "cardmarket": null,
        "tcgplayer": null
    }
}