{
    "category": "Pokémon",
    "id": "A1-242",
    "illustrator": "Tomokazu Komiya",
    "image": "https://assets.tcgdex.net/fr/tcgp/A1/242",
    "localId": "242",
    "name": "Nosferalto",
    "rarity": "Une Étoile",
    "set": {
        "cardCount": {
            "official": 226,
            "total": 286
        },
        "id": "A1",
        "name": "Puissance Génétique",
        "symbol": "https://assets.tcgdex.net/univ/tcgp/A1/symbol"
    },
    "variants": {
        "firstEdition": false,
        "holo": true,
        "normal": true,
        "reverse": true,
        "wPromo": false
    },
    "variants_detailed": [
        {
            "type": "normal",
            "size": "Standard"
        },
        {
            "type": "reverse",
            "size": "Standard"
        },
        {
            "type": "holo",
            "size": "Standard"
        }
    ],
    "hp": 70,
    "types": [
        "Obscurité"
    ],
    "description": "Le sang des êtres vivants est son péché mignon.\nOn dit qu'il partage parfois ce précieux breuvage\navec ses congénères affamés.",
    "stage": "Niveau 1",
    "attacks": [
        {
            "cost": [
                "Incolore"
            ],
            "name": "Cru-Ailes",
            "damage": "40"
        }
    ],
    "weaknesses": [
        {
            "type": "Combat",
            "value": "+20"
        }
    ],
    "retreat": 1,
    "legal": {
        "standard": false,
        "expanded": false
    },
    "boosters": [
        {
            "id": "boo_A1-mewtwo",
            "name": "Mewtwo"
        }
    ],
    "updated": "2025-05-18T00:53:26+02:00",
    "pricing": {
        "cardmarket": null,
        "tcgplayer": null
    }
}