{
    "category": "Pokémon",
    "id": "A1-243",
    "illustrator": "KEIICHIRO ITO",
    "image": "https://assets.tcgdex.net/fr/tcgp/A1/243",
    "localId": "243",
    "name": "Smogogo",
    "rarity": "Une Étoile",
    "set": {
        "cardCount": {
            "official": 226,
            "total": 286
        },
        "id": "A1",
        "name": "Puissance Génétique",
        "symbol": "https://assets.tcgdex.net/univ/tcgp/A1/symbol"
    },
    "variants": {
        "firstEdition": false,
        "holo": true,
        "normal": true,
        "reverse": true,
        "wPromo": false
    },
    "variants_detailed": [
        {
            "type": "normal",
            "size": "Standard"
        },
        {
            "type": "reverse",
            "size": "Standard"
        },
        {
            "type": "holo",
            "size": "Standard"
        }
    ],
    "hp": 110,
    "types": [
        "Obscurité"
    ],
    "description": "Si l'un des deux Smogo se gonfle, l'autre se dégonfle.\nIls mélangent leurs gaz en permanence.",
    "stage": "Niveau 1",
    "abilities": [
        {
            "type": "Talent",
            "name": "Fuite de Gaz",
            "effect": "Une fois pendant votre tour, si ce Pokémon est sur le Poste Actif, vous pouvez laisser le Pokémon Actif de votre adversaire Empoisonné."
        }
    ],
    "attacks": [
        {
            "cost": [
                "Obscurité"
            ],
            "name": "Charge",
            "damage": "30"
        }
    ],
    "weaknesses": [
        {
            "type": "Combat",
            "value": "+20"
        }
    ],
    "retreat": 3,
    "legal": {
        "standard": false,
        "expanded": false
    },
    "boosters": [
        {
            "id": "boo_A1-mewtwo",
            "name": "Mewtwo"
        }
    ],
    "updated": "2025-05-18T00:53:26+02:00",
    "pricing": {
        "cardmarket": null,
        "tcgplayer": null
    }
}