{
    "category": "Pokémon",
    "id": "A1-277",
    "illustrator": "NC Empire",
    "image": "https://assets.tcgdex.net/fr/tcgp/A1/277",
    "localId": "277",
    "name": "Ectoplasma-ex",
    "rarity": "Deux Étoiles",
    "set": {
        "cardCount": {
            "official": 226,
            "total": 286
        },
        "id": "A1",
        "name": "Puissance Génétique",
        "symbol": "https://assets.tcgdex.net/univ/tcgp/A1/symbol"
    },
    "variants": {
        "firstEdition": false,
        "holo": true,
        "normal": true,
        "reverse": true,
        "wPromo": false
    },
    "variants_detailed": [
        {
            "type": "normal",
            "size": "Standard"
        },
        {
            "type": "reverse",
            "size": "Standard"
        },
        {
            "type": "holo",
            "size": "Standard"
        }
    ],
    "hp": 170,
    "types": [
        "Psy"
    ],
    "stage": "Niveau 2",
    "suffix": "EX",
    "abilities": [
        {
            "type": "Talent",
            "name": "Maléfice des Ombres",
            "effect": "Tant que ce Pokémon est sur le Poste Actif, votre adversaire ne peut pas jouer de carte Supporter de sa main."
        }
    ],
    "attacks": [
        {
            "cost": [
                "Psy",
                "Psy",
                "Psy"
            ],
            "name": "Tir Effrayant",
            "damage": "100"
        }
    ],
    "weaknesses": [
        {
            "type": "Obscurité",
            "value": "+20"
        }
    ],
    "retreat": 2,
    "legal": {
        "standard": false,
        "expanded": false
    },
    "boosters": [
        {
            "id": "boo_A1-mewtwo",
            "name": "Mewtwo"
        }
    ],
    "updated": "2025-05-18T00:53:26+02:00",
    "pricing": {
        "cardmarket": null,
        "tcgplayer": null
    }
}