{
    "category": "Dresseur",
    "id": "A1-225",
    "illustrator": "Yuu Nishida",
    "image": "https://assets.tcgdex.net/fr/tcgp/A1/225",
    "localId": "225",
    "name": "Morgane",
    "rarity": "Deux Diamants",
    "set": {
        "cardCount": {
            "official": 226,
            "total": 286
        },
        "id": "A1",
        "name": "Puissance Génétique",
        "symbol": "https://assets.tcgdex.net/univ/tcgp/A1/symbol"
    },
    "variants": {
        "firstEdition": false,
        "holo": true,
        "normal": true,
        "reverse": true,
        "wPromo": false
    },
    "variants_detailed": [
        {
            "type": "normal",
            "size": "Standard"
        },
        {
            "type": "reverse",
            "size": "Standard"
        },
        {
            "type": "holo",
            "size": "Standard"
        }
    ],
    "effect": "Échangez le Pokémon Actif de votre adversaire avec l'un de ses Pokémon de Banc. (Votre adversaire choisit le nouveau Pokémon Actif.)",
    "trainerType": "Supporter",
    "legal": {
        "standard": false,
        "expanded": false
    },
    "boosters": [
        {
            "id": "boo_A1-charizard",
            "name": "Dracaufeu"
        }
    ],
    "updated": "2025-05-18T00:53:26+02:00",
    "pricing": {
        "cardmarket": null,
        "tcgplayer": null
    }
}