{
    "category": "Pokémon",
    "id": "A1-214",
    "illustrator": "Yoriyuki Ikegami",
    "image": "https://assets.tcgdex.net/fr/tcgp/A1/214",
    "localId": "214",
    "name": "Moumouton",
    "rarity": "Un Diamant",
    "set": {
        "cardCount": {
            "official": 226,
            "total": 286
        },
        "id": "A1",
        "name": "Puissance Génétique",
        "symbol": "https://assets.tcgdex.net/univ/tcgp/A1/symbol"
    },
    "variants": {
        "firstEdition": false,
        "holo": true,
        "normal": true,
        "reverse": true,
        "wPromo": false
    },
    "variants_detailed": [
        {
            "type": "normal",
            "size": "Standard"
        },
        {
            "type": "reverse",
            "size": "Standard"
        },
        {
            "type": "holo",
            "size": "Standard"
        }
    ],
    "hp": 70,
    "types": [
        "Incolore"
    ],
    "description": "Son pelage frisé est doux et rebondi comme un coussin.\nUne telle toison le protègerait même s'il chutait d'une falaise.",
    "stage": "De base",
    "attacks": [
        {
            "cost": [
                "Incolore",
                "Incolore"
            ],
            "name": "Charge",
            "damage": "30"
        }
    ],
    "weaknesses": [
        {
            "type": "Combat",
            "value": "+20"
        }
    ],
    "retreat": 1,
    "legal": {
        "standard": false,
        "expanded": false
    },
    "boosters": [
        {
            "id": "boo_A1-mewtwo",
            "name": "Mewtwo"
        },
        {
            "id": "boo_A1-charizard",
            "name": "Dracaufeu"
        },
        {
            "id": "boo_A1-pikachu",
            "name": "Pikachu"
        }
    ],
    "updated": "2025-05-18T00:53:26+02:00",
    "pricing": {
        "cardmarket": null,
        "tcgplayer": null
    }
}