{
    "category": "Pokémon",
    "id": "A1-201",
    "illustrator": "Kagemaru Himeno",
    "image": "https://assets.tcgdex.net/fr/tcgp/A1/201",
    "localId": "201",
    "name": "Excelangue",
    "rarity": "Deux Diamants",
    "set": {
        "cardCount": {
            "official": 226,
            "total": 286
        },
        "id": "A1",
        "name": "Puissance Génétique",
        "symbol": "https://assets.tcgdex.net/univ/tcgp/A1/symbol"
    },
    "variants": {
        "firstEdition": false,
        "holo": true,
        "normal": true,
        "reverse": true,
        "wPromo": false
    },
    "variants_detailed": [
        {
            "type": "normal",
            "size": "Standard"
        },
        {
            "type": "reverse",
            "size": "Standard"
        },
        {
            "type": "holo",
            "size": "Standard"
        }
    ],
    "hp": 90,
    "types": [
        "Incolore"
    ],
    "description": "Si sa salive gluante entre en contact avec la peau\net qu'on ne l'essuie pas bien, elle provoque de\nterribles démangeaisons qui ne s'arrêtent jamais.",
    "stage": "De base",
    "attacks": [
        {
            "cost": [
                "Incolore",
                "Incolore",
                "Incolore"
            ],
            "name": "Langue Sans Fin",
            "effect": "Lancez une pièce jusqu'à ce que vous obteniez pile. Cette attaque inflige 60 dégâts pour chaque côté face.",
            "damage": "60×"
        }
    ],
    "weaknesses": [
        {
            "type": "Combat",
            "value": "+20"
        }
    ],
    "retreat": 3,
    "legal": {
        "standard": false,
        "expanded": false
    },
    "boosters": [
        {
            "id": "boo_A1-mewtwo",
            "name": "Mewtwo"
        }
    ],
    "updated": "2025-05-18T00:53:26+02:00",
    "pricing": {
        "cardmarket": null,
        "tcgplayer": null
    }
}