{
    "category": "Pokémon",
    "id": "A1-213",
    "illustrator": "0313",
    "image": "https://assets.tcgdex.net/fr/tcgp/A1/213",
    "localId": "213",
    "name": "Pashmilla",
    "rarity": "Deux Diamants",
    "set": {
        "cardCount": {
            "official": 226,
            "total": 286
        },
        "id": "A1",
        "name": "Puissance Génétique",
        "symbol": "https://assets.tcgdex.net/univ/tcgp/A1/symbol"
    },
    "variants": {
        "firstEdition": false,
        "holo": true,
        "normal": true,
        "reverse": true,
        "wPromo": false
    },
    "variants_detailed": [
        {
            "type": "normal",
            "size": "Standard"
        },
        {
            "type": "reverse",
            "size": "Standard"
        },
        {
            "type": "holo",
            "size": "Standard"
        }
    ],
    "hp": 90,
    "types": [
        "Incolore"
    ],
    "description": "Il ne supporte pas de voir le moindre grain de poussière.\nIl utilise l'huile qu'il sécrète pour recouvrir son nid\nd'un revêtement protecteur.",
    "stage": "Niveau 1",
    "attacks": [
        {
            "cost": [
                "Incolore",
                "Incolore",
                "Incolore"
            ],
            "name": "Faites la Vague",
            "effect": "Cette attaque inflige 30 dégâts pour chacun de vos Pokémon de Banc.",
            "damage": "30×"
        }
    ],
    "weaknesses": [
        {
            "type": "Combat",
            "value": "+20"
        }
    ],
    "retreat": 1,
    "legal": {
        "standard": false,
        "expanded": false
    },
    "boosters": [
        {
            "id": "boo_A1-mewtwo",
            "name": "Mewtwo"
        },
        {
            "id": "boo_A1-charizard",
            "name": "Dracaufeu"
        },
        {
            "id": "boo_A1-pikachu",
            "name": "Pikachu"
        }
    ],
    "updated": "2025-05-18T00:53:26+02:00",
    "pricing": {
        "cardmarket": null,
        "tcgplayer": null
    }
}