{
    "category": "Dresseur",
    "id": "A1-267",
    "illustrator": "Sanosuke Sakuma",
    "image": "https://assets.tcgdex.net/fr/tcgp/A1/267",
    "localId": "267",
    "name": "Ondine",
    "rarity": "Deux Étoiles",
    "set": {
        "cardCount": {
            "official": 226,
            "total": 286
        },
        "id": "A1",
        "name": "Puissance Génétique",
        "symbol": "https://assets.tcgdex.net/univ/tcgp/A1/symbol"
    },
    "variants": {
        "firstEdition": false,
        "holo": true,
        "normal": true,
        "reverse": true,
        "wPromo": false
    },
    "variants_detailed": [
        {
            "type": "normal",
            "size": "Standard"
        },
        {
            "type": "reverse",
            "size": "Standard"
        },
        {
            "type": "holo",
            "size": "Standard"
        }
    ],
    "effect": "Choisissez un de vos Pokémon {W} et lancez une pièce jusqu'à ce que vous obteniez pile. Pour chaque côté face, prenez une Énergie {W} de votre zone Énergie et attachez-la à ce Pokémon.",
    "trainerType": "Supporter",
    "legal": {
        "standard": false,
        "expanded": false
    },
    "boosters": [
        {
            "id": "boo_A1-pikachu",
            "name": "Pikachu"
        }
    ],
    "updated": "2025-05-18T00:53:26+02:00",
    "pricing": {
        "cardmarket": null,
        "tcgplayer": null
    }
}