{
    "category": "Pokémon",
    "id": "A1-203",
    "illustrator": "Ken Sugimori",
    "image": "https://assets.tcgdex.net/fr/tcgp/A1/203",
    "localId": "203",
    "name": "Kangourex",
    "rarity": "Trois Diamants",
    "set": {
        "cardCount": {
            "official": 226,
            "total": 286
        },
        "id": "A1",
        "name": "Puissance Génétique",
        "symbol": "https://assets.tcgdex.net/univ/tcgp/A1/symbol"
    },
    "variants": {
        "firstEdition": false,
        "holo": true,
        "normal": true,
        "reverse": true,
        "wPromo": false
    },
    "variants_detailed": [
        {
            "type": "normal",
            "size": "Standard"
        },
        {
            "type": "reverse",
            "size": "Standard"
        },
        {
            "type": "holo",
            "size": "Standard"
        }
    ],
    "hp": 100,
    "types": [
        "Incolore"
    ],
    "description": "Porter son petit dans sa poche ventrale ne\nl'empêche pas d'avoir un bon jeu de jambes.\nSes coups rapides intimident ses ennemis.",
    "stage": "De base",
    "attacks": [
        {
            "cost": [
                "Incolore"
            ],
            "name": "Uppercut",
            "effect": "Lancez 2 pièces. Cette attaque inflige 30 dégâts pour chaque côté face.",
            "damage": "30×"
        }
    ],
    "weaknesses": [
        {
            "type": "Combat",
            "value": "+20"
        }
    ],
    "retreat": 3,
    "legal": {
        "standard": false,
        "expanded": false
    },
    "boosters": [
        {
            "id": "boo_A1-charizard",
            "name": "Dracaufeu"
        }
    ],
    "updated": "2025-05-18T00:53:26+02:00",
    "pricing": {
        "cardmarket": null,
        "tcgplayer": null
    }
}