{
    "category": "Pokémon",
    "id": "A1-239",
    "illustrator": "Teeziro",
    "image": "https://assets.tcgdex.net/fr/tcgp/A1/239",
    "localId": "239",
    "name": "Osselait",
    "rarity": "Une Étoile",
    "set": {
        "cardCount": {
            "official": 226,
            "total": 286
        },
        "id": "A1",
        "name": "Puissance Génétique",
        "symbol": "https://assets.tcgdex.net/univ/tcgp/A1/symbol"
    },
    "variants": {
        "firstEdition": false,
        "holo": true,
        "normal": true,
        "reverse": true,
        "wPromo": false
    },
    "variants_detailed": [
        {
            "type": "normal",
            "size": "Standard"
        },
        {
            "type": "reverse",
            "size": "Standard"
        },
        {
            "type": "holo",
            "size": "Standard"
        }
    ],
    "hp": 60,
    "types": [
        "Combat"
    ],
    "description": "Lorsqu'il repense à sa mère défunte, ses sanglots résonnent\ntristement sous le crâne qu'il porte sur la tête.",
    "stage": "De base",
    "attacks": [
        {
            "cost": [
                "Incolore"
            ],
            "name": "Rugissement",
            "effect": "Pendant le prochain tour de votre adversaire, les attaques utilisées par le Pokémon Défenseur infligent − 20 dégâts."
        }
    ],
    "weaknesses": [
        {
            "type": "Plante",
            "value": "+20"
        }
    ],
    "retreat": 1,
    "legal": {
        "standard": false,
        "expanded": false
    },
    "boosters": [
        {
            "id": "boo_A1-mewtwo",
            "name": "Mewtwo"
        }
    ],
    "updated": "2025-05-18T00:53:26+02:00",
    "pricing": {
        "cardmarket": null,
        "tcgplayer": null
    }
}