{
    "category": "Pokémon",
    "id": "A1-244",
    "illustrator": "Gemi",
    "image": "https://assets.tcgdex.net/fr/tcgp/A1/244",
    "localId": "244",
    "name": "Dracolosse",
    "rarity": "Une Étoile",
    "set": {
        "cardCount": {
            "official": 226,
            "total": 286
        },
        "id": "A1",
        "name": "Puissance Génétique",
        "symbol": "https://assets.tcgdex.net/univ/tcgp/A1/symbol"
    },
    "variants": {
        "firstEdition": false,
        "holo": true,
        "normal": true,
        "reverse": true,
        "wPromo": false
    },
    "variants_detailed": [
        {
            "type": "normal",
            "size": "Standard"
        },
        {
            "type": "reverse",
            "size": "Standard"
        },
        {
            "type": "holo",
            "size": "Standard"
        }
    ],
    "hp": 160,
    "types": [
        "Dragon"
    ],
    "description": "On dit qu'il existe une île quelque part dans l'océan où\nces Pokémon se réunissent pour vivre paisiblement.",
    "stage": "Niveau 2",
    "attacks": [
        {
            "cost": [
                "Eau",
                "Électrique",
                "Incolore",
                "Incolore"
            ],
            "name": "Draco-Météore",
            "effect": "Un des Pokémon de votre adversaire est choisi au hasard 4 fois. Pour chaque fois où un Pokémon est choisi, il subit 50 dégâts."
        }
    ],
    "retreat": 3,
    "legal": {
        "standard": false,
        "expanded": false
    },
    "boosters": [
        {
            "id": "boo_A1-mewtwo",
            "name": "Mewtwo"
        }
    ],
    "updated": "2025-05-18T00:53:26+02:00",
    "pricing": {
        "cardmarket": null,
        "tcgplayer": null
    }
}