{
    "category": "Pokémon",
    "id": "A1-209",
    "illustrator": "Ayaka Yoshida",
    "image": "https://assets.tcgdex.net/fr/tcgp/A1/209",
    "localId": "209",
    "name": "Porygon",
    "rarity": "Deux Diamants",
    "set": {
        "cardCount": {
            "official": 226,
            "total": 286
        },
        "id": "A1",
        "name": "Puissance Génétique",
        "symbol": "https://assets.tcgdex.net/univ/tcgp/A1/symbol"
    },
    "variants": {
        "firstEdition": false,
        "holo": true,
        "normal": true,
        "reverse": true,
        "wPromo": false
    },
    "variants_detailed": [
        {
            "type": "normal",
            "size": "Standard"
        },
        {
            "type": "reverse",
            "size": "Standard"
        },
        {
            "type": "holo",
            "size": "Standard"
        }
    ],
    "hp": 50,
    "types": [
        "Incolore"
    ],
    "description": "C'est le premier Pokémon au monde à avoir\nété créé à partir de programmes informatiques,\ngrâce à une technologie de pointe.",
    "stage": "De base",
    "abilities": [
        {
            "type": "Talent",
            "name": "Numérisation",
            "effect": "Une fois pendant votre tour, vous pouvez regarder la première carte du dessus de votre deck."
        }
    ],
    "attacks": [
        {
            "cost": [
                "Incolore"
            ],
            "name": "Affûtage",
            "damage": "20"
        }
    ],
    "weaknesses": [
        {
            "type": "Combat",
            "value": "+20"
        }
    ],
    "retreat": 1,
    "legal": {
        "standard": false,
        "expanded": false
    },
    "boosters": [
        {
            "id": "boo_A1-mewtwo",
            "name": "Mewtwo"
        }
    ],
    "updated": "2025-05-18T00:53:26+02:00",
    "pricing": {
        "cardmarket": null,
        "tcgplayer": null
    }
}