{
    "category": "Pokémon",
    "id": "A1-233",
    "illustrator": "Nurikabe",
    "image": "https://assets.tcgdex.net/fr/tcgp/A1/233",
    "localId": "233",
    "name": "Léviator",
    "rarity": "Une Étoile",
    "set": {
        "cardCount": {
            "official": 226,
            "total": 286
        },
        "id": "A1",
        "name": "Puissance Génétique",
        "symbol": "https://assets.tcgdex.net/univ/tcgp/A1/symbol"
    },
    "variants": {
        "firstEdition": false,
        "holo": true,
        "normal": true,
        "reverse": true,
        "wPromo": false
    },
    "variants_detailed": [
        {
            "type": "normal",
            "size": "Standard"
        },
        {
            "type": "reverse",
            "size": "Standard"
        },
        {
            "type": "holo",
            "size": "Standard"
        }
    ],
    "hp": 150,
    "types": [
        "Eau"
    ],
    "description": "Lorsqu'il apparaît, il saccage tout. Sa fureur\nne se calme pas tant qu'il n'a pas tout détruit.",
    "stage": "Niveau 1",
    "attacks": [
        {
            "cost": [
                "Eau",
                "Eau",
                "Eau",
                "Eau"
            ],
            "name": "Ultralaser",
            "effect": "Défaussez au hasard une Énergie du Pokémon Actif de votre adversaire.",
            "damage": "100"
        }
    ],
    "weaknesses": [
        {
            "type": "Électrique",
            "value": "+20"
        }
    ],
    "retreat": 4,
    "legal": {
        "standard": false,
        "expanded": false
    },
    "boosters": [
        {
            "id": "boo_A1-pikachu",
            "name": "Pikachu"
        }
    ],
    "updated": "2025-07-08T11:31:53+02:00",
    "pricing": {
        "cardmarket": null,
        "tcgplayer": null
    }
}