{
    "category": "Pokémon",
    "id": "A1-234",
    "illustrator": "Haru Akasaka",
    "image": "https://assets.tcgdex.net/fr/tcgp/A1/234",
    "localId": "234",
    "name": "Lokhlass",
    "rarity": "Une Étoile",
    "set": {
        "cardCount": {
            "official": 226,
            "total": 286
        },
        "id": "A1",
        "name": "Puissance Génétique",
        "symbol": "https://assets.tcgdex.net/univ/tcgp/A1/symbol"
    },
    "variants": {
        "firstEdition": false,
        "holo": true,
        "normal": true,
        "reverse": true,
        "wPromo": false
    },
    "variants_detailed": [
        {
            "type": "normal",
            "size": "Standard"
        },
        {
            "type": "reverse",
            "size": "Standard"
        },
        {
            "type": "holo",
            "size": "Standard"
        }
    ],
    "hp": 100,
    "types": [
        "Eau"
    ],
    "description": "C'est un Pokémon doux et intelligent.\nIl vogue sur la mer en émettant un chant\nmagnifique.",
    "stage": "De base",
    "attacks": [
        {
            "cost": [
                "Eau"
            ],
            "name": "Hydrocanon",
            "effect": "Si ce Pokémon a au moins 3 Énergies {W} de plus, cette attaque inflige 70 dégâts supplémentaires.",
            "damage": "20+"
        }
    ],
    "weaknesses": [
        {
            "type": "Électrique",
            "value": "+20"
        }
    ],
    "retreat": 2,
    "legal": {
        "standard": false,
        "expanded": false
    },
    "boosters": [
        {
            "id": "boo_A1-charizard",
            "name": "Dracaufeu"
        }
    ],
    "updated": "2025-05-18T00:53:26+02:00",
    "pricing": {
        "cardmarket": null,
        "tcgplayer": null
    }
}