{
    "category": "Pokémon",
    "id": "A1-238",
    "illustrator": "Shinya Komatsu",
    "image": "https://assets.tcgdex.net/fr/tcgp/A1/238",
    "localId": "238",
    "name": "Taupiqueur",
    "rarity": "Une Étoile",
    "set": {
        "cardCount": {
            "official": 226,
            "total": 286
        },
        "id": "A1",
        "name": "Puissance Génétique",
        "symbol": "https://assets.tcgdex.net/univ/tcgp/A1/symbol"
    },
    "variants": {
        "firstEdition": false,
        "holo": true,
        "normal": true,
        "reverse": true,
        "wPromo": false
    },
    "variants_detailed": [
        {
            "type": "normal",
            "size": "Standard"
        },
        {
            "type": "reverse",
            "size": "Standard"
        },
        {
            "type": "holo",
            "size": "Standard"
        }
    ],
    "hp": 50,
    "types": [
        "Combat"
    ],
    "description": "Ce Pokémon vit un mètre sous terre et se nourrit\nde racines. Il apparaît parfois à la surface.",
    "stage": "De base",
    "attacks": [
        {
            "cost": [
                "Combat"
            ],
            "name": "Coud'Boue",
            "damage": "20"
        }
    ],
    "weaknesses": [
        {
            "type": "Plante",
            "value": "+20"
        }
    ],
    "retreat": 1,
    "legal": {
        "standard": false,
        "expanded": false
    },
    "boosters": [
        {
            "id": "boo_A1-pikachu",
            "name": "Pikachu"
        }
    ],
    "updated": "2025-05-18T00:53:26+02:00",
    "pricing": {
        "cardmarket": null,
        "tcgplayer": null
    }
}