{
    "category": "Pokémon",
    "id": "A1a-015",
    "illustrator": "Naoki Saito",
    "image": "https://assets.tcgdex.net/fr/tcgp/A1a/015",
    "localId": "015",
    "name": "Tritox",
    "rarity": "Un Diamant",
    "set": {
        "cardCount": {
            "official": 68,
            "total": 86
        },
        "id": "A1a",
        "name": "L’Île Fabuleuse"
    },
    "variants": {
        "firstEdition": false,
        "holo": true,
        "normal": true,
        "reverse": true,
        "wPromo": false
    },
    "variants_detailed": [
        {
            "type": "normal",
            "size": "Standard"
        },
        {
            "type": "reverse",
            "size": "Standard"
        },
        {
            "type": "holo",
            "size": "Standard"
        }
    ],
    "hp": 60,
    "types": [
        "Feu"
    ],
    "description": "Il provoque ses proies afin de les attirer dans\nd'étroites zones rocheuses, puis il les étourdit\navec son gaz toxique avant de les achever.",
    "stage": "De base",
    "attacks": [
        {
            "cost": [
                "Incolore"
            ],
            "name": "Choc Venin",
            "effect": "Si le Pokémon Actif de votre adversaire est Empoisonné, cette attaque inflige 40 dégâts de plus.",
            "damage": "10+"
        }
    ],
    "weaknesses": [
        {
            "type": "Eau",
            "value": "+20"
        }
    ],
    "retreat": 1,
    "legal": {
        "standard": false,
        "expanded": false
    },
    "updated": "2025-05-17T19:27:22+02:00",
    "pricing": {
        "cardmarket": null,
        "tcgplayer": null
    }
}