{
    "category": "Pokémon",
    "id": "A1a-010",
    "illustrator": "Tomokazu Komiya",
    "image": "https://assets.tcgdex.net/fr/tcgp/A1a/010",
    "localId": "010",
    "name": "Ponyta",
    "rarity": "Un Diamant",
    "set": {
        "cardCount": {
            "official": 68,
            "total": 86
        },
        "id": "A1a",
        "name": "L’Île Fabuleuse"
    },
    "variants": {
        "firstEdition": false,
        "holo": true,
        "normal": true,
        "reverse": true,
        "wPromo": false
    },
    "variants_detailed": [
        {
            "type": "normal",
            "size": "Standard"
        },
        {
            "type": "reverse",
            "size": "Standard"
        },
        {
            "type": "holo",
            "size": "Standard"
        }
    ],
    "hp": 60,
    "types": [
        "Feu"
    ],
    "description": "À la naissance, il ne court pas très vite. C'est en faisant\nla course avec ses camarades qu'il se muscle les jambes.",
    "stage": "De base",
    "attacks": [
        {
            "cost": [
                "Feu"
            ],
            "name": "Écrasement",
            "effect": "Lancez une pièce. Si c'est face, cette attaque inflige 30 dégâts de plus.",
            "damage": "10+"
        }
    ],
    "weaknesses": [
        {
            "type": "Eau",
            "value": "+20"
        }
    ],
    "retreat": 1,
    "legal": {
        "standard": false,
        "expanded": false
    },
    "updated": "2025-05-17T19:27:22+02:00",
    "pricing": {
        "cardmarket": null,
        "tcgplayer": null
    }
}