{
    "category": "Pokémon",
    "id": "A1a-029",
    "illustrator": "Mitsuhiro Arita",
    "image": "https://assets.tcgdex.net/fr/tcgp/A1a/029",
    "localId": "029",
    "name": "Mygavolt",
    "rarity": "Deux Diamants",
    "set": {
        "cardCount": {
            "official": 68,
            "total": 86
        },
        "id": "A1a",
        "name": "L’Île Fabuleuse"
    },
    "variants": {
        "firstEdition": false,
        "holo": true,
        "normal": true,
        "reverse": true,
        "wPromo": false
    },
    "variants_detailed": [
        {
            "type": "normal",
            "size": "Standard"
        },
        {
            "type": "reverse",
            "size": "Standard"
        },
        {
            "type": "holo",
            "size": "Standard"
        }
    ],
    "hp": 80,
    "types": [
        "Électrique"
    ],
    "description": "Il attaque en projetant les poils de son abdomen\nchargés en électricité. La victime reste alors\nparalysée pendant trois jours et trois nuits.",
    "stage": "Niveau 1",
    "attacks": [
        {
            "cost": [
                "Électrique",
                "Électrique"
            ],
            "name": "Toile Élek",
            "effect": "Pendant le prochain tour de votre adversaire, le Pokémon Défenseur ne peut pas battre en retraite.",
            "damage": 70
        }
    ],
    "weaknesses": [
        {
            "type": "Combat",
            "value": "+20"
        }
    ],
    "retreat": 1,
    "legal": {
        "standard": false,
        "expanded": false
    },
    "updated": "2025-05-17T19:27:22+02:00",
    "pricing": {
        "cardmarket": null,
        "tcgplayer": null
    }
}