{
    "category": "Pokémon",
    "id": "A1a-048",
    "illustrator": "Teeziro",
    "image": "https://assets.tcgdex.net/fr/tcgp/A1a/048",
    "localId": "048",
    "name": "Dolman",
    "rarity": "Deux Diamants",
    "set": {
        "cardCount": {
            "official": 68,
            "total": 86
        },
        "id": "A1a",
        "name": "L’Île Fabuleuse"
    },
    "variants": {
        "firstEdition": false,
        "holo": true,
        "normal": true,
        "reverse": true,
        "wPromo": false
    },
    "variants_detailed": [
        {
            "type": "normal",
            "size": "Standard"
        },
        {
            "type": "reverse",
            "size": "Standard"
        },
        {
            "type": "holo",
            "size": "Standard"
        }
    ],
    "hp": 120,
    "types": [
        "Combat"
    ],
    "description": "Les éléments rocheux qui constituent son corps\ncorrespondent à ceux qu'on trouve dans le sol\nd'une zone très éloignée de son habitat actuel.",
    "stage": "De base",
    "attacks": [
        {
            "cost": [
                "Combat",
                "Combat",
                "Combat"
            ],
            "name": "Ultimawashi",
            "damage": 90
        }
    ],
    "weaknesses": [
        {
            "type": "Plante",
            "value": "+20"
        }
    ],
    "retreat": 3,
    "legal": {
        "standard": false,
        "expanded": false
    },
    "updated": "2025-05-17T19:27:22+02:00",
    "pricing": {
        "cardmarket": null,
        "tcgplayer": null
    }
}