{
    "category": "Pokémon",
    "id": "A1a-038",
    "illustrator": "Cona Nitanda",
    "image": "https://assets.tcgdex.net/fr/tcgp/A1a/038",
    "localId": "038",
    "name": "Florges",
    "rarity": "Deux Diamants",
    "set": {
        "cardCount": {
            "official": 68,
            "total": 86
        },
        "id": "A1a",
        "name": "L’Île Fabuleuse"
    },
    "variants": {
        "firstEdition": false,
        "holo": true,
        "normal": true,
        "reverse": true,
        "wPromo": false
    },
    "variants_detailed": [
        {
            "type": "normal",
            "size": "Standard"
        },
        {
            "type": "reverse",
            "size": "Standard"
        },
        {
            "type": "holo",
            "size": "Standard"
        }
    ],
    "hp": 120,
    "types": [
        "Psy"
    ],
    "description": "Ce Pokémon transforme son territoire en\nmagnifique jardin fleuri. Il tire sa puissance\ndes fleurs rouges qui ornent son cou.",
    "stage": "Niveau 2",
    "attacks": [
        {
            "cost": [
                "Psy",
                "Psy"
            ],
            "name": "Éclobrillance",
            "effect": "Soignez 20 dégâts de chacun de vos Pokémon.",
            "damage": 80
        }
    ],
    "weaknesses": [
        {
            "type": "Métal",
            "value": "+20"
        }
    ],
    "retreat": 1,
    "legal": {
        "standard": false,
        "expanded": false
    },
    "updated": "2025-05-17T19:27:22+02:00",
    "pricing": {
        "cardmarket": null,
        "tcgplayer": null
    }
}