{
    "category": "Pokémon",
    "id": "A1a-016",
    "illustrator": "Mitsuhiro Arita",
    "image": "https://assets.tcgdex.net/fr/tcgp/A1a/016",
    "localId": "016",
    "name": "Malamandre",
    "rarity": "Un Diamant",
    "set": {
        "cardCount": {
            "official": 68,
            "total": 86
        },
        "id": "A1a",
        "name": "L’Île Fabuleuse"
    },
    "variants": {
        "firstEdition": false,
        "holo": true,
        "normal": true,
        "reverse": true,
        "wPromo": false
    },
    "variants_detailed": [
        {
            "type": "normal",
            "size": "Standard"
        },
        {
            "type": "reverse",
            "size": "Standard"
        },
        {
            "type": "holo",
            "size": "Standard"
        }
    ],
    "hp": 80,
    "types": [
        "Feu"
    ],
    "description": "Il étourdit ses adversaires avec son gaz toxique,\npuis il les asservit en exécutant une danse envoûtante.",
    "stage": "Niveau 1",
    "attacks": [
        {
            "cost": [
                "Feu"
            ],
            "name": "Griffes Empoisonnées",
            "effect": "Le Pokémon Actif de votre adversaire est maintenant Empoisonné.",
            "damage": 30
        }
    ],
    "weaknesses": [
        {
            "type": "Eau",
            "value": "+20"
        }
    ],
    "retreat": 1,
    "legal": {
        "standard": false,
        "expanded": false
    },
    "updated": "2025-05-17T19:27:22+02:00",
    "pricing": {
        "cardmarket": null,
        "tcgplayer": null
    }
}