{
    "category": "Pokémon",
    "id": "A1a-044",
    "illustrator": "Ayaka Yoshida",
    "image": "https://assets.tcgdex.net/fr/tcgp/A1a/044",
    "localId": "044",
    "name": "Gravalanch",
    "rarity": "Deux Diamants",
    "set": {
        "cardCount": {
            "official": 68,
            "total": 86
        },
        "id": "A1a",
        "name": "L’Île Fabuleuse"
    },
    "variants": {
        "firstEdition": false,
        "holo": true,
        "normal": true,
        "reverse": true,
        "wPromo": false
    },
    "variants_detailed": [
        {
            "type": "normal",
            "size": "Standard"
        },
        {
            "type": "reverse",
            "size": "Standard"
        },
        {
            "type": "holo",
            "size": "Standard"
        }
    ],
    "hp": 100,
    "types": [
        "Combat"
    ],
    "description": "Il escalade les falaises pour en atteindre\nles sommets. Une fois tout en haut, il se\nlaisse rouler par le chemin d'où il est arrivé.",
    "stage": "Niveau 1",
    "attacks": [
        {
            "cost": [
                "Combat",
                "Incolore"
            ],
            "name": "Allonger",
            "damage": 40
        }
    ],
    "weaknesses": [
        {
            "type": "Plante",
            "value": "+20"
        }
    ],
    "retreat": 3,
    "legal": {
        "standard": false,
        "expanded": false
    },
    "updated": "2025-05-17T19:27:22+02:00",
    "pricing": {
        "cardmarket": null,
        "tcgplayer": null
    }
}