{
    "category": "Pokémon",
    "id": "A1a-041",
    "illustrator": "Akira Komayama",
    "image": "https://assets.tcgdex.net/fr/tcgp/A1a/041",
    "localId": "041",
    "name": "Férosinge",
    "rarity": "Un Diamant",
    "set": {
        "cardCount": {
            "official": 68,
            "total": 86
        },
        "id": "A1a",
        "name": "L’Île Fabuleuse"
    },
    "variants": {
        "firstEdition": false,
        "holo": true,
        "normal": true,
        "reverse": true,
        "wPromo": false
    },
    "variants_detailed": [
        {
            "type": "normal",
            "size": "Standard"
        },
        {
            "type": "reverse",
            "size": "Standard"
        },
        {
            "type": "holo",
            "size": "Standard"
        }
    ],
    "hp": 50,
    "types": [
        "Combat"
    ],
    "description": "Il vit en groupe au sommet des arbres. S'il perd\nses congénères de vue, la solitude le rend furieux.",
    "stage": "De base",
    "attacks": [
        {
            "cost": [
                "Combat"
            ],
            "name": "Poing Concentré",
            "effect": "Lancez une pièce. Si c'est pile, cette attaque ne fait rien.",
            "damage": 50
        }
    ],
    "weaknesses": [
        {
            "type": "Psy",
            "value": "+20"
        }
    ],
    "retreat": 1,
    "legal": {
        "standard": false,
        "expanded": false
    },
    "updated": "2025-05-17T19:27:22+02:00",
    "pricing": {
        "cardmarket": null,
        "tcgplayer": null
    }
}