{
    "category": "Pokémon",
    "id": "A1a-061",
    "illustrator": "Hitoshi Ariga",
    "image": "https://assets.tcgdex.net/fr/tcgp/A1a/061",
    "localId": "061",
    "name": "Évoli",
    "rarity": "Un Diamant",
    "set": {
        "cardCount": {
            "official": 68,
            "total": 86
        },
        "id": "A1a",
        "name": "L’Île Fabuleuse"
    },
    "variants": {
        "firstEdition": false,
        "holo": true,
        "normal": true,
        "reverse": true,
        "wPromo": false
    },
    "variants_detailed": [
        {
            "type": "normal",
            "size": "Standard"
        },
        {
            "type": "reverse",
            "size": "Standard"
        },
        {
            "type": "holo",
            "size": "Standard"
        }
    ],
    "hp": 60,
    "types": [
        "Incolore"
    ],
    "description": "Ses multiples évolutions lui permettent\nde s'adapter à tout type de milieu naturel.",
    "stage": "De base",
    "attacks": [
        {
            "cost": [
                "Incolore"
            ],
            "name": "Pas Continus",
            "effect": "Lancez une pièce jusqu'à ce que vous obteniez pile. Cette attaque inflige 20 dégâts pour chaque côté face.",
            "damage": 20
        }
    ],
    "weaknesses": [
        {
            "type": "Combat",
            "value": "+20"
        }
    ],
    "retreat": 1,
    "legal": {
        "standard": false,
        "expanded": false
    },
    "updated": "2025-05-17T19:27:22+02:00",
    "pricing": {
        "cardmarket": null,
        "tcgplayer": null
    }
}