{
    "category": "Pokémon",
    "id": "A1a-034",
    "illustrator": "Kouki Saitou",
    "image": "https://assets.tcgdex.net/fr/tcgp/A1a/034",
    "localId": "034",
    "name": "Lewsor",
    "rarity": "Un Diamant",
    "set": {
        "cardCount": {
            "official": 68,
            "total": 86
        },
        "id": "A1a",
        "name": "L’Île Fabuleuse"
    },
    "variants": {
        "firstEdition": false,
        "holo": true,
        "normal": true,
        "reverse": true,
        "wPromo": false
    },
    "variants_detailed": [
        {
            "type": "normal",
            "size": "Standard"
        },
        {
            "type": "reverse",
            "size": "Standard"
        },
        {
            "type": "holo",
            "size": "Standard"
        }
    ],
    "hp": 60,
    "types": [
        "Psy"
    ],
    "description": "S'il se tient près d'une télé, d'étranges panoramas\napparaissent à l'écran. On raconte qu'il s'agirait\nde paysages venus des terres natales de Lewsor.",
    "stage": "De base",
    "attacks": [
        {
            "cost": [
                "Psy"
            ],
            "name": "Coup d'Boule",
            "damage": 20
        }
    ],
    "weaknesses": [
        {
            "type": "Obscurité",
            "value": "+20"
        }
    ],
    "retreat": 1,
    "legal": {
        "standard": false,
        "expanded": false
    },
    "updated": "2025-05-17T19:27:22+02:00",
    "pricing": {
        "cardmarket": null,
        "tcgplayer": null
    }
}