{
    "category": "Pokémon",
    "id": "A1a-006",
    "illustrator": "Yoshioka",
    "image": "https://assets.tcgdex.net/fr/tcgp/A1a/006",
    "localId": "006",
    "name": "Majaspic",
    "rarity": "Trois Diamants",
    "set": {
        "cardCount": {
            "official": 68,
            "total": 86
        },
        "id": "A1a",
        "name": "L’Île Fabuleuse"
    },
    "variants": {
        "firstEdition": false,
        "holo": true,
        "normal": true,
        "reverse": true,
        "wPromo": false
    },
    "variants_detailed": [
        {
            "type": "normal",
            "size": "Standard"
        },
        {
            "type": "reverse",
            "size": "Standard"
        },
        {
            "type": "holo",
            "size": "Standard"
        }
    ],
    "hp": 110,
    "types": [
        "Plante"
    ],
    "description": "Il ne donnera tout son potentiel que contre un ennemi\npuissant indifférent à son regard écrasant de noblesse.",
    "stage": "Niveau 2",
    "abilities": [
        {
            "type": "Talent",
            "name": "Jungle Dominante",
            "effect": "Chaque Énergie {G} attachée à vos Pokémon {G} fournit 2 Énergies {G}. Cet effet est non cumulable."
        }
    ],
    "attacks": [
        {
            "cost": [
                "Plante",
                "Incolore",
                "Incolore",
                "Incolore"
            ],
            "name": "Lance-Soleil",
            "damage": 70
        }
    ],
    "weaknesses": [
        {
            "type": "Feu",
            "value": "+20"
        }
    ],
    "retreat": 2,
    "legal": {
        "standard": false,
        "expanded": false
    },
    "updated": "2025-05-17T19:27:22+02:00",
    "pricing": {
        "cardmarket": null,
        "tcgplayer": null
    }
}