{
    "category": "Pokémon",
    "id": "A1a-052",
    "illustrator": "GIDORA",
    "image": "https://assets.tcgdex.net/fr/tcgp/A1a/052",
    "localId": "052",
    "name": "Léopardus",
    "rarity": "Un Diamant",
    "set": {
        "cardCount": {
            "official": 68,
            "total": 86
        },
        "id": "A1a",
        "name": "L’Île Fabuleuse"
    },
    "variants": {
        "firstEdition": false,
        "holo": true,
        "normal": true,
        "reverse": true,
        "wPromo": false
    },
    "variants_detailed": [
        {
            "type": "normal",
            "size": "Standard"
        },
        {
            "type": "reverse",
            "size": "Standard"
        },
        {
            "type": "holo",
            "size": "Standard"
        }
    ],
    "hp": 90,
    "types": [
        "Obscurité"
    ],
    "description": "On se laisse facilement éblouir par son pelage\nmagnifique et son allure élégante, mais gare\nà son caractère imprévisible et agressif.",
    "stage": "Niveau 1",
    "attacks": [
        {
            "cost": [
                "Obscurité"
            ],
            "name": "Tranche",
            "damage": 40
        }
    ],
    "weaknesses": [
        {
            "type": "Plante",
            "value": "+20"
        }
    ],
    "retreat": 1,
    "legal": {
        "standard": false,
        "expanded": false
    },
    "updated": "2025-05-17T19:27:22+02:00",
    "pricing": {
        "cardmarket": null,
        "tcgplayer": null
    }
}