{
    "category": "Pokémon",
    "id": "A1a-022",
    "illustrator": "Taiga Kayama",
    "image": "https://assets.tcgdex.net/fr/tcgp/A1a/022",
    "localId": "022",
    "name": "Khélocrok",
    "rarity": "Un Diamant",
    "set": {
        "cardCount": {
            "official": 68,
            "total": 86
        },
        "id": "A1a",
        "name": "L’Île Fabuleuse"
    },
    "variants": {
        "firstEdition": false,
        "holo": true,
        "normal": true,
        "reverse": true,
        "wPromo": false
    },
    "variants_detailed": [
        {
            "type": "normal",
            "size": "Standard"
        },
        {
            "type": "reverse",
            "size": "Standard"
        },
        {
            "type": "holo",
            "size": "Standard"
        }
    ],
    "hp": 80,
    "types": [
        "Eau"
    ],
    "description": "Son incisive continue à pousser.\nLorsqu'elle le démange, il joue avec un\nde ses congénères et lui mord la corne.",
    "stage": "De base",
    "attacks": [
        {
            "cost": [
                "Eau",
                "Incolore"
            ],
            "name": "Morsure",
            "damage": 30
        }
    ],
    "weaknesses": [
        {
            "type": "Électrique",
            "value": "+20"
        }
    ],
    "retreat": 2,
    "legal": {
        "standard": false,
        "expanded": false
    },
    "updated": "2025-05-17T19:27:22+02:00",
    "pricing": {
        "cardmarket": null,
        "tcgplayer": null
    }
}