{
    "category": "Pokémon",
    "id": "A1a-060",
    "illustrator": "KEIICHIRO ITO",
    "image": "https://assets.tcgdex.net/fr/tcgp/A1a/060",
    "localId": "060",
    "name": "Tauros",
    "rarity": "Trois Diamants",
    "set": {
        "cardCount": {
            "official": 68,
            "total": 86
        },
        "id": "A1a",
        "name": "L’Île Fabuleuse"
    },
    "variants": {
        "firstEdition": false,
        "holo": true,
        "normal": true,
        "reverse": true,
        "wPromo": false
    },
    "variants_detailed": [
        {
            "type": "normal",
            "size": "Standard"
        },
        {
            "type": "reverse",
            "size": "Standard"
        },
        {
            "type": "holo",
            "size": "Standard"
        }
    ],
    "hp": 100,
    "types": [
        "Incolore"
    ],
    "description": "Il faut prendre garde quand un Tauros fouette\nson corps avec ses queues. Cela signifie qu'il\ns'apprête à charger à une vitesse démentielle.",
    "stage": "De base",
    "attacks": [
        {
            "cost": [
                "Incolore",
                "Incolore",
                "Incolore"
            ],
            "name": "Charge Combative",
            "effect": "Si le Pokémon Actif de votre adversaire est un Pokémon-{ex}, cette attaque inflige 80 dégâts supplémentaires.",
            "damage": "40+"
        }
    ],
    "weaknesses": [
        {
            "type": "Combat",
            "value": "+20"
        }
    ],
    "retreat": 2,
    "legal": {
        "standard": false,
        "expanded": false
    },
    "updated": "2025-05-17T19:27:22+02:00",
    "pricing": {
        "cardmarket": null,
        "tcgplayer": null
    }
}