{
    "category": "Dresseur",
    "id": "A1a-065",
    "illustrator": "AYUMI ODASHIMA",
    "image": "https://assets.tcgdex.net/fr/tcgp/A1a/065",
    "localId": "065",
    "name": "Dalle Fabuleuse",
    "rarity": "Deux Diamants",
    "set": {
        "cardCount": {
            "official": 68,
            "total": 86
        },
        "id": "A1a",
        "name": "L’Île Fabuleuse"
    },
    "variants": {
        "firstEdition": false,
        "holo": true,
        "normal": true,
        "reverse": true,
        "wPromo": false
    },
    "variants_detailed": [
        {
            "type": "normal",
            "size": "Standard"
        },
        {
            "type": "reverse",
            "size": "Standard"
        },
        {
            "type": "holo",
            "size": "Standard"
        }
    ],
    "effect": "Regardez la carte du dessus de votre deck. Si cette carte est un Pokémon {P}, ajoutez-la à votre main. Si ce n'est pas un Pokémon {P}, placez-la en dessous de votre deck.",
    "trainerType": "Objet",
    "legal": {
        "standard": false,
        "expanded": false
    },
    "updated": "2025-05-17T19:27:22+02:00",
    "pricing": {
        "cardmarket": null,
        "tcgplayer": null
    }
}