{
    "category": "Pokémon",
    "id": "A1a-033",
    "illustrator": "Shigenori Negishi",
    "image": "https://assets.tcgdex.net/fr/tcgp/A1a/033",
    "localId": "033",
    "name": "Cryptéro",
    "rarity": "Deux Diamants",
    "set": {
        "cardCount": {
            "official": 68,
            "total": 86
        },
        "id": "A1a",
        "name": "L’Île Fabuleuse"
    },
    "variants": {
        "firstEdition": false,
        "holo": true,
        "normal": true,
        "reverse": true,
        "wPromo": false
    },
    "variants_detailed": [
        {
            "type": "normal",
            "size": "Standard"
        },
        {
            "type": "reverse",
            "size": "Standard"
        },
        {
            "type": "holo",
            "size": "Standard"
        }
    ],
    "hp": 80,
    "types": [
        "Psy"
    ],
    "description": "Il vole grâce à ses pouvoirs psychiques. Certains disent qu'il était\nle dieu protecteur d'une ville antique, d'autres, son messager.",
    "stage": "De base",
    "attacks": [
        {
            "cost": [
                "Psy"
            ],
            "name": "Pique-Pioche",
            "effect": "Piochez une carte.",
            "damage": 10
        }
    ],
    "weaknesses": [
        {
            "type": "Obscurité",
            "value": "+20"
        }
    ],
    "retreat": 1,
    "legal": {
        "standard": false,
        "expanded": false
    },
    "updated": "2025-05-17T19:27:22+02:00",
    "pricing": {
        "cardmarket": null,
        "tcgplayer": null
    }
}