{
    "category": "Pokémon",
    "id": "A1a-001",
    "illustrator": "Yuka Morii",
    "image": "https://assets.tcgdex.net/fr/tcgp/A1a/001",
    "localId": "001",
    "name": "Noeunoeuf",
    "rarity": "Un Diamant",
    "set": {
        "cardCount": {
            "official": 68,
            "total": 86
        },
        "id": "A1a",
        "name": "L’Île Fabuleuse"
    },
    "variants": {
        "firstEdition": false,
        "holo": true,
        "normal": true,
        "reverse": true,
        "wPromo": false
    },
    "variants_detailed": [
        {
            "type": "normal",
            "size": "Standard"
        },
        {
            "type": "reverse",
            "size": "Standard"
        },
        {
            "type": "holo",
            "size": "Standard"
        }
    ],
    "hp": 50,
    "types": [
        "Plante"
    ],
    "description": "Même s'il ressemble à un tas d'œufs,\nil s'agit bien d'un Pokémon. Il paraît qu'ils\ncommuniquent entre eux par télépathie.",
    "stage": "De base",
    "attacks": [
        {
            "cost": [
                "Incolore"
            ],
            "name": "Jaillissement",
            "effect": "Prenez une Énergie {G} de votre zone Énergie et attachez-la à ce Pokémon."
        }
    ],
    "weaknesses": [
        {
            "type": "Feu",
            "value": "+20"
        }
    ],
    "retreat": 1,
    "legal": {
        "standard": false,
        "expanded": false
    },
    "updated": "2025-05-17T19:27:22+02:00",
    "pricing": {
        "cardmarket": null,
        "tcgplayer": null
    }
}