{
    "category": "Pokémon",
    "id": "A1a-012",
    "illustrator": "sui",
    "image": "https://assets.tcgdex.net/fr/tcgp/A1a/012",
    "localId": "012",
    "name": "Magmar",
    "rarity": "Deux Diamants",
    "set": {
        "cardCount": {
            "official": 68,
            "total": 86
        },
        "id": "A1a",
        "name": "L’Île Fabuleuse"
    },
    "variants": {
        "firstEdition": false,
        "holo": true,
        "normal": true,
        "reverse": true,
        "wPromo": false
    },
    "variants_detailed": [
        {
            "type": "normal",
            "size": "Standard"
        },
        {
            "type": "reverse",
            "size": "Standard"
        },
        {
            "type": "holo",
            "size": "Standard"
        }
    ],
    "hp": 80,
    "types": [
        "Feu"
    ],
    "description": "Il achève ses proies avec ses flammes, mais\nil lui arrive de les calciner accidentellement,\nà son plus grand regret.",
    "stage": "De base",
    "attacks": [
        {
            "cost": [
                "Feu",
                "Feu"
            ],
            "name": "Déflagration",
            "effect": "Défaussez 2 Énergies {R} de ce Pokémon.",
            "damage": 80
        }
    ],
    "weaknesses": [
        {
            "type": "Eau",
            "value": "+20"
        }
    ],
    "retreat": 2,
    "legal": {
        "standard": false,
        "expanded": false
    },
    "updated": "2025-05-17T19:27:22+02:00",
    "pricing": {
        "cardmarket": null,
        "tcgplayer": null
    }
}