{
    "category": "Pokémon",
    "id": "A1a-055",
    "illustrator": "5ban Graphics",
    "image": "https://assets.tcgdex.net/fr/tcgp/A1a/055",
    "localId": "055",
    "name": "Brutapode",
    "rarity": "Deux Diamants",
    "set": {
        "cardCount": {
            "official": 68,
            "total": 86
        },
        "id": "A1a",
        "name": "L’Île Fabuleuse"
    },
    "variants": {
        "firstEdition": false,
        "holo": true,
        "normal": true,
        "reverse": true,
        "wPromo": false
    },
    "variants_detailed": [
        {
            "type": "normal",
            "size": "Standard"
        },
        {
            "type": "reverse",
            "size": "Standard"
        },
        {
            "type": "holo",
            "size": "Standard"
        }
    ],
    "hp": 140,
    "types": [
        "Obscurité"
    ],
    "description": "Après avoir saisi sa proie à l'aide des\ngriffes de son cou, il la plaque au sol puis la\ntransperce avec ses épines empoisonnées.",
    "stage": "Niveau 2",
    "attacks": [
        {
            "cost": [
                "Obscurité",
                "Incolore"
            ],
            "name": "Choc Venin",
            "effect": "Si le Pokémon Actif de votre adversaire est Empoisonné, cette attaque inflige 50 dégâts de plus.",
            "damage": "70+"
        }
    ],
    "weaknesses": [
        {
            "type": "Combat",
            "value": "+20"
        }
    ],
    "retreat": 2,
    "legal": {
        "standard": false,
        "expanded": false
    },
    "updated": "2025-05-17T19:27:22+02:00",
    "pricing": {
        "cardmarket": null,
        "tcgplayer": null
    }
}