{
    "category": "Pokémon",
    "id": "A1a-047",
    "illustrator": "kantaro",
    "image": "https://assets.tcgdex.net/fr/tcgp/A1a/047",
    "localId": "047",
    "name": "Marshadow",
    "rarity": "Trois Diamants",
    "set": {
        "cardCount": {
            "official": 68,
            "total": 86
        },
        "id": "A1a",
        "name": "L’Île Fabuleuse"
    },
    "variants": {
        "firstEdition": false,
        "holo": true,
        "normal": true,
        "reverse": true,
        "wPromo": false
    },
    "variants_detailed": [
        {
            "type": "normal",
            "size": "Standard"
        },
        {
            "type": "reverse",
            "size": "Standard"
        },
        {
            "type": "holo",
            "size": "Standard"
        }
    ],
    "hp": 80,
    "types": [
        "Combat"
    ],
    "description": "Il se fond dans l'ombre de son adversaire pour imiter sa\nforce et ses attaques. La copie surpasse alors l'original.",
    "stage": "De base",
    "attacks": [
        {
            "cost": [
                "Combat",
                "Incolore"
            ],
            "name": "Vendetta",
            "effect": "Si au moins l'un de vos Pokémon a été mis K.O. par les dégâts d'une attaque pendant le dernier tour de votre adversaire, cette attaque inflige 60 dégâts supplémentaires.",
            "damage": "40+"
        }
    ],
    "weaknesses": [
        {
            "type": "Psy",
            "value": "+20"
        }
    ],
    "retreat": 1,
    "legal": {
        "standard": false,
        "expanded": false
    },
    "updated": "2025-05-17T19:27:22+02:00",
    "pricing": {
        "cardmarket": null,
        "tcgplayer": null
    }
}