{
    "category": "Dresseur",
    "id": "A1a-064",
    "illustrator": "Toyste Beach",
    "image": "https://assets.tcgdex.net/fr/tcgp/A1a/064",
    "localId": "064",
    "name": "Flûte Pokémon",
    "rarity": "Deux Diamants",
    "set": {
        "cardCount": {
            "official": 68,
            "total": 86
        },
        "id": "A1a",
        "name": "L’Île Fabuleuse"
    },
    "variants": {
        "firstEdition": false,
        "holo": true,
        "normal": true,
        "reverse": true,
        "wPromo": false
    },
    "variants_detailed": [
        {
            "type": "normal",
            "size": "Standard"
        },
        {
            "type": "reverse",
            "size": "Standard"
        },
        {
            "type": "holo",
            "size": "Standard"
        }
    ],
    "effect": "Placez un Pokémon de base de la pile de défausse de votre adversaire sur son Banc.",
    "trainerType": "Objet",
    "legal": {
        "standard": false,
        "expanded": false
    },
    "updated": "2025-05-17T19:27:22+02:00",
    "pricing": {
        "cardmarket": null,
        "tcgplayer": null
    }
}