{
    "category": "Pokémon",
    "id": "A1a-011",
    "illustrator": "AKIRA EGAWA",
    "image": "https://assets.tcgdex.net/fr/tcgp/A1a/011",
    "localId": "011",
    "name": "Galopa",
    "rarity": "Deux Diamants",
    "set": {
        "cardCount": {
            "official": 68,
            "total": 86
        },
        "id": "A1a",
        "name": "L’Île Fabuleuse"
    },
    "variants": {
        "firstEdition": false,
        "holo": true,
        "normal": true,
        "reverse": true,
        "wPromo": false
    },
    "variants_detailed": [
        {
            "type": "normal",
            "size": "Standard"
        },
        {
            "type": "reverse",
            "size": "Standard"
        },
        {
            "type": "holo",
            "size": "Standard"
        }
    ],
    "hp": 100,
    "types": [
        "Feu"
    ],
    "description": "Ce Pokémon traverse les plaines à plus de 240 km/h,\nsa crinière flamboyante flottant au vent.",
    "stage": "Niveau 1",
    "attacks": [
        {
            "cost": [
                "Feu",
                "Incolore"
            ],
            "name": "Botte Secrète",
            "effect": "Lancez une pièce. Si c'est face, cette attaque inflige 60 dégâts de plus.",
            "damage": "40+"
        }
    ],
    "weaknesses": [
        {
            "type": "Eau",
            "value": "+20"
        }
    ],
    "retreat": 1,
    "legal": {
        "standard": false,
        "expanded": false
    },
    "updated": "2025-05-17T19:27:22+02:00",
    "pricing": {
        "cardmarket": null,
        "tcgplayer": null
    }
}