{
    "category": "Pokémon",
    "id": "A1a-024",
    "illustrator": "Jerky",
    "image": "https://assets.tcgdex.net/fr/tcgp/A1a/024",
    "localId": "024",
    "name": "Nigosier",
    "rarity": "Un Diamant",
    "set": {
        "cardCount": {
            "official": 68,
            "total": 86
        },
        "id": "A1a",
        "name": "L’Île Fabuleuse"
    },
    "variants": {
        "firstEdition": false,
        "holo": true,
        "normal": true,
        "reverse": true,
        "wPromo": false
    },
    "variants_detailed": [
        {
            "type": "normal",
            "size": "Standard"
        },
        {
            "type": "reverse",
            "size": "Standard"
        },
        {
            "type": "holo",
            "size": "Standard"
        }
    ],
    "hp": 80,
    "types": [
        "Eau"
    ],
    "description": "Il est assez puissant pour terrasser un\nennemi d'un seul coup, mais il est tellement\nnigaud qu'il oublie contre qui il se bat.",
    "stage": "De base",
    "attacks": [
        {
            "cost": [
                "Eau",
                "Eau",
                "Incolore"
            ],
            "name": "Plongée",
            "effect": "Lancez une pièce. Si c'est face, pendant le prochain tour de votre adversaire, évitez tous les dégâts et les effets d'attaques infligés à ce Pokémon.",
            "damage": 60
        }
    ],
    "weaknesses": [
        {
            "type": "Électrique",
            "value": "+20"
        }
    ],
    "retreat": 1,
    "legal": {
        "standard": false,
        "expanded": false
    },
    "updated": "2025-05-17T19:27:22+02:00",
    "pricing": {
        "cardmarket": null,
        "tcgplayer": null
    }
}