{
    "category": "Pokémon",
    "id": "A1a-045",
    "illustrator": "Masakazu Fukuda",
    "image": "https://assets.tcgdex.net/fr/tcgp/A1a/045",
    "localId": "045",
    "name": "Grolem",
    "rarity": "Trois Diamants",
    "set": {
        "cardCount": {
            "official": 68,
            "total": 86
        },
        "id": "A1a",
        "name": "L’Île Fabuleuse"
    },
    "variants": {
        "firstEdition": false,
        "holo": true,
        "normal": true,
        "reverse": true,
        "wPromo": false
    },
    "variants_detailed": [
        {
            "type": "normal",
            "size": "Standard"
        },
        {
            "type": "reverse",
            "size": "Standard"
        },
        {
            "type": "holo",
            "size": "Standard"
        }
    ],
    "hp": 160,
    "types": [
        "Combat"
    ],
    "description": "Lorsqu'il arrive à un âge avancé, il arrête de muer.\nUn Grolem ayant vécu très longtemps est recouvert\nde mousse verte.",
    "stage": "Niveau 2",
    "attacks": [
        {
            "cost": [
                "Combat",
                "Combat",
                "Combat",
                "Incolore"
            ],
            "name": "Pression de Garde",
            "effect": "Pendant le prochain tour de votre adversaire, ce Pokémon subit − 30 dégâts provenant des attaques.",
            "damage": 120
        }
    ],
    "weaknesses": [
        {
            "type": "Plante",
            "value": "+20"
        }
    ],
    "retreat": 3,
    "legal": {
        "standard": false,
        "expanded": false
    },
    "updated": "2025-05-17T19:27:22+02:00",
    "pricing": {
        "cardmarket": null,
        "tcgplayer": null
    }
}