{
    "category": "Pokémon",
    "id": "A1a-028",
    "illustrator": "MINAMINAMI Take",
    "image": "https://assets.tcgdex.net/fr/tcgp/A1a/028",
    "localId": "028",
    "name": "Statitik",
    "rarity": "Un Diamant",
    "set": {
        "cardCount": {
            "official": 68,
            "total": 86
        },
        "id": "A1a",
        "name": "L’Île Fabuleuse"
    },
    "variants": {
        "firstEdition": false,
        "holo": true,
        "normal": true,
        "reverse": true,
        "wPromo": false
    },
    "variants_detailed": [
        {
            "type": "normal",
            "size": "Standard"
        },
        {
            "type": "reverse",
            "size": "Standard"
        },
        {
            "type": "holo",
            "size": "Standard"
        }
    ],
    "hp": 40,
    "types": [
        "Électrique"
    ],
    "description": "Il s'accroche au corps des autres Pokémon\npour absorber leur électricité statique.\nIl est incapable d'en produire tout seul.",
    "stage": "De base",
    "attacks": [
        {
            "cost": [
                "Électrique"
            ],
            "name": "Piqûre",
            "damage": 30
        }
    ],
    "weaknesses": [
        {
            "type": "Combat",
            "value": "+20"
        }
    ],
    "retreat": 1,
    "legal": {
        "standard": false,
        "expanded": false
    },
    "updated": "2025-05-17T19:27:22+02:00",
    "pricing": {
        "cardmarket": null,
        "tcgplayer": null
    }
}