{
    "category": "Pokémon",
    "id": "A1a-043",
    "illustrator": "GOSSAN",
    "image": "https://assets.tcgdex.net/fr/tcgp/A1a/043",
    "localId": "043",
    "name": "Racaillou",
    "rarity": "Un Diamant",
    "set": {
        "cardCount": {
            "official": 68,
            "total": 86
        },
        "id": "A1a",
        "name": "L’Île Fabuleuse"
    },
    "variants": {
        "firstEdition": false,
        "holo": true,
        "normal": true,
        "reverse": true,
        "wPromo": false
    },
    "variants_detailed": [
        {
            "type": "normal",
            "size": "Standard"
        },
        {
            "type": "reverse",
            "size": "Standard"
        },
        {
            "type": "holo",
            "size": "Standard"
        }
    ],
    "hp": 70,
    "types": [
        "Combat"
    ],
    "description": "Les aspérités de Racaillou s'adoucissent au fil\ndes années, tout comme sa personnalité.\nIl devient tout lisse, tout rond, et tout calme.",
    "stage": "De base",
    "attacks": [
        {
            "cost": [
                "Combat",
                "Incolore"
            ],
            "name": "Poing Léger",
            "damage": 30
        }
    ],
    "weaknesses": [
        {
            "type": "Plante",
            "value": "+20"
        }
    ],
    "retreat": 2,
    "legal": {
        "standard": false,
        "expanded": false
    },
    "updated": "2025-05-17T19:27:22+02:00",
    "pricing": {
        "cardmarket": null,
        "tcgplayer": null
    }
}