{
    "category": "Pokémon",
    "id": "A1a-062",
    "illustrator": "Masako Tomii",
    "image": "https://assets.tcgdex.net/fr/tcgp/A1a/062",
    "localId": "062",
    "name": "Pijako",
    "rarity": "Un Diamant",
    "set": {
        "cardCount": {
            "official": 68,
            "total": 86
        },
        "id": "A1a",
        "name": "L’Île Fabuleuse"
    },
    "variants": {
        "firstEdition": false,
        "holo": true,
        "normal": true,
        "reverse": true,
        "wPromo": false
    },
    "variants_detailed": [
        {
            "type": "normal",
            "size": "Standard"
        },
        {
            "type": "reverse",
            "size": "Standard"
        },
        {
            "type": "holo",
            "size": "Standard"
        }
    ],
    "hp": 60,
    "types": [
        "Incolore"
    ],
    "description": "Il reproduit le cri de ses ennemis pour faire\ncroire qu'il est des leurs et éviter d'être attaqué.",
    "stage": "De base",
    "attacks": [
        {
            "cost": [
                "Incolore"
            ],
            "name": "Copie",
            "effect": "Mélangez votre main avec votre deck. Piochez une carte pour chaque carte dans la main de votre adversaire."
        }
    ],
    "weaknesses": [
        {
            "type": "Électrique",
            "value": "+20"
        }
    ],
    "retreat": 1,
    "legal": {
        "standard": false,
        "expanded": false
    },
    "updated": "2025-05-17T19:27:22+02:00",
    "pricing": {
        "cardmarket": null,
        "tcgplayer": null
    }
}