{
    "category": "Pokémon",
    "id": "A1a-056",
    "illustrator": "Ryota Murayama",
    "image": "https://assets.tcgdex.net/fr/tcgp/A1a/056",
    "localId": "056",
    "name": "Drakkarmin",
    "rarity": "Deux Diamants",
    "set": {
        "cardCount": {
            "official": 68,
            "total": 86
        },
        "id": "A1a",
        "name": "L’Île Fabuleuse"
    },
    "variants": {
        "firstEdition": false,
        "holo": true,
        "normal": true,
        "reverse": true,
        "wPromo": false
    },
    "variants_detailed": [
        {
            "type": "normal",
            "size": "Standard"
        },
        {
            "type": "reverse",
            "size": "Standard"
        },
        {
            "type": "holo",
            "size": "Standard"
        }
    ],
    "hp": 100,
    "types": [
        "Dragon"
    ],
    "description": "Il vit sous terre, mais il doit impérativement\ns'exposer au soleil, car il devient incapable\nde bouger lorsque son corps se refroidit.",
    "stage": "De base",
    "abilities": [
        {
            "type": "Talent",
            "name": "Peau Dure",
            "effect": "Si ce Pokémon est sur le Poste Actif et subit les dégâts d'une attaque d'un Pokémon de votre adversaire, le Pokémon Attaquant subit 20 dégâts."
        }
    ],
    "attacks": [
        {
            "cost": [
                "Feu",
                "Eau",
                "Incolore"
            ],
            "name": "Draco-Griffe",
            "damage": 90
        }
    ],
    "retreat": 2,
    "legal": {
        "standard": false,
        "expanded": false
    },
    "updated": "2025-05-17T19:27:22+02:00",
    "pricing": {
        "cardmarket": null,
        "tcgplayer": null
    }
}