{
    "category": "Pokémon",
    "id": "A1a-013",
    "illustrator": "kawayoo",
    "image": "https://assets.tcgdex.net/fr/tcgp/A1a/013",
    "localId": "013",
    "name": "Pyronille",
    "rarity": "Un Diamant",
    "set": {
        "cardCount": {
            "official": 68,
            "total": 86
        },
        "id": "A1a",
        "name": "L’Île Fabuleuse"
    },
    "variants": {
        "firstEdition": false,
        "holo": true,
        "normal": true,
        "reverse": true,
        "wPromo": false
    },
    "variants_detailed": [
        {
            "type": "normal",
            "size": "Standard"
        },
        {
            "type": "reverse",
            "size": "Standard"
        },
        {
            "type": "holo",
            "size": "Standard"
        }
    ],
    "hp": 80,
    "types": [
        "Feu"
    ],
    "description": "On l'appelait autrefois \" la larve qui a dérobé\nle soleil \". Les flammes qui jaillissent de ses\ncornes peuvent découper une plaque de fer.",
    "stage": "De base",
    "attacks": [
        {
            "cost": [
                "Feu",
                "Incolore"
            ],
            "name": "Fournaise",
            "damage": 30
        }
    ],
    "weaknesses": [
        {
            "type": "Eau",
            "value": "+20"
        }
    ],
    "retreat": 2,
    "legal": {
        "standard": false,
        "expanded": false
    },
    "updated": "2025-05-17T19:27:22+02:00",
    "pricing": {
        "cardmarket": null,
        "tcgplayer": null
    }
}