{
    "category": "Pokémon",
    "id": "A1a-077",
    "illustrator": "PLANETA CG Works",
    "image": "https://assets.tcgdex.net/fr/tcgp/A1a/077",
    "localId": "077",
    "name": "Mew-ex",
    "rarity": "Deux Étoiles",
    "set": {
        "cardCount": {
            "official": 68,
            "total": 86
        },
        "id": "A1a",
        "name": "L’Île Fabuleuse"
    },
    "variants": {
        "firstEdition": false,
        "holo": true,
        "normal": true,
        "reverse": true,
        "wPromo": false
    },
    "variants_detailed": [
        {
            "type": "normal",
            "size": "Standard"
        },
        {
            "type": "reverse",
            "size": "Standard"
        },
        {
            "type": "holo",
            "size": "Standard"
        }
    ],
    "hp": 130,
    "types": [
        "Psy"
    ],
    "stage": "De base",
    "suffix": "EX",
    "attacks": [
        {
            "cost": [
                "Psy"
            ],
            "name": "Piqûre Psy",
            "damage": 20
        },
        {
            "cost": [
                "Incolore",
                "Incolore",
                "Incolore"
            ],
            "name": "Piratage de Génome",
            "effect": "Choisissez l'une des attaques du Pokémon Actif de votre adversaire et utilisez-la en tant que cette attaque."
        }
    ],
    "weaknesses": [
        {
            "type": "Obscurité",
            "value": "+20"
        }
    ],
    "retreat": 1,
    "legal": {
        "standard": false,
        "expanded": false
    },
    "updated": "2025-05-17T19:27:22+02:00",
    "pricing": {
        "cardmarket": null,
        "tcgplayer": null
    }
}