{
    "category": "Dresseur",
    "id": "A1a-080",
    "illustrator": "Yuu Nishida",
    "image": "https://assets.tcgdex.net/fr/tcgp/A1a/080",
    "localId": "080",
    "name": "Jeune Explorateur",
    "rarity": "Deux Étoiles",
    "set": {
        "cardCount": {
            "official": 68,
            "total": 86
        },
        "id": "A1a",
        "name": "L’Île Fabuleuse"
    },
    "variants": {
        "firstEdition": false,
        "holo": true,
        "normal": true,
        "reverse": true,
        "wPromo": false
    },
    "variants_detailed": [
        {
            "type": "normal",
            "size": "Standard"
        },
        {
            "type": "reverse",
            "size": "Standard"
        },
        {
            "type": "holo",
            "size": "Standard"
        }
    ],
    "effect": "Ajoutez votre Mew-ex sur le Poste Actif à votre main.",
    "trainerType": "Supporter",
    "legal": {
        "standard": false,
        "expanded": false
    },
    "updated": "2025-05-17T19:27:22+02:00",
    "pricing": {
        "cardmarket": null,
        "tcgplayer": null
    }
}