{
    "category": "Pokémon",
    "id": "A1a-008",
    "illustrator": "Mizue",
    "image": "https://assets.tcgdex.net/fr/tcgp/A1a/008",
    "localId": "008",
    "name": "Lampignon",
    "rarity": "Deux Diamants",
    "set": {
        "cardCount": {
            "official": 68,
            "total": 86
        },
        "id": "A1a",
        "name": "L’Île Fabuleuse"
    },
    "variants": {
        "firstEdition": false,
        "holo": true,
        "normal": true,
        "reverse": true,
        "wPromo": false
    },
    "variants_detailed": [
        {
            "type": "normal",
            "size": "Standard"
        },
        {
            "type": "reverse",
            "size": "Standard"
        },
        {
            "type": "holo",
            "size": "Standard"
        }
    ],
    "hp": 90,
    "types": [
        "Plante"
    ],
    "description": "Il attire ses proies et les endort grâce au\nclignotement de ses spores. Il aspire ensuite\nleur énergie vitale du bout de ses doigts.",
    "stage": "Niveau 1",
    "attacks": [
        {
            "cost": [
                "Plante",
                "Plante"
            ],
            "name": "Spores Scintillantes",
            "effect": "Le Pokémon Actif de votre adversaire est maintenant Endormi.",
            "damage": 50
        }
    ],
    "weaknesses": [
        {
            "type": "Feu",
            "value": "+20"
        }
    ],
    "retreat": 2,
    "legal": {
        "standard": false,
        "expanded": false
    },
    "updated": "2025-05-17T19:27:22+02:00",
    "pricing": {
        "cardmarket": null,
        "tcgplayer": null
    }
}