{
    "category": "Dresseur",
    "id": "A1a-081",
    "illustrator": "Ryuta Fuse",
    "image": "https://assets.tcgdex.net/fr/tcgp/A1a/081",
    "localId": "081",
    "name": "Blue",
    "rarity": "Deux Étoiles",
    "set": {
        "cardCount": {
            "official": 68,
            "total": 86
        },
        "id": "A1a",
        "name": "L’Île Fabuleuse"
    },
    "variants": {
        "firstEdition": false,
        "holo": true,
        "normal": true,
        "reverse": true,
        "wPromo": false
    },
    "variants_detailed": [
        {
            "type": "normal",
            "size": "Standard"
        },
        {
            "type": "reverse",
            "size": "Standard"
        },
        {
            "type": "holo",
            "size": "Standard"
        }
    ],
    "effect": "Pendant le prochain tour de votre adversaire, tous vos Pokémon subissent − 10 dégâts provenant des attaques des Pokémon de votre adversaire.",
    "trainerType": "Supporter",
    "legal": {
        "standard": false,
        "expanded": false
    },
    "updated": "2025-05-17T19:27:22+02:00",
    "pricing": {
        "cardmarket": null,
        "tcgplayer": null
    }
}