{
    "category": "Pokémon",
    "id": "A1a-025",
    "illustrator": "Naoyo Kimura",
    "image": "https://assets.tcgdex.net/fr/tcgp/A1a/025",
    "localId": "025",
    "name": "Pikachu",
    "rarity": "Un Diamant",
    "set": {
        "cardCount": {
            "official": 68,
            "total": 86
        },
        "id": "A1a",
        "name": "L’Île Fabuleuse"
    },
    "variants": {
        "firstEdition": false,
        "holo": true,
        "normal": true,
        "reverse": true,
        "wPromo": false
    },
    "variants_detailed": [
        {
            "type": "normal",
            "size": "Standard"
        },
        {
            "type": "reverse",
            "size": "Standard"
        },
        {
            "type": "holo",
            "size": "Standard"
        }
    ],
    "hp": 60,
    "types": [
        "Électrique"
    ],
    "description": "Quand il s'énerve, il libère instantanément\nl'énergie emmagasinée dans les poches de\nses joues.",
    "stage": "De base",
    "attacks": [
        {
            "cost": [
                "Électrique"
            ],
            "name": "Cercle Électrik",
            "effect": "Cette attaque inflige 10 dégâts pour chaque Pokémon {L} sur votre Banc.",
            "damage": "10×"
        }
    ],
    "weaknesses": [
        {
            "type": "Combat",
            "value": "+20"
        }
    ],
    "retreat": 1,
    "legal": {
        "standard": false,
        "expanded": false
    },
    "updated": "2025-05-17T19:27:22+02:00",
    "pricing": {
        "cardmarket": null,
        "tcgplayer": null
    }
}