{
    "category": "Pokémon",
    "id": "A1a-072",
    "illustrator": "aspara",
    "image": "https://assets.tcgdex.net/fr/tcgp/A1a/072",
    "localId": "072",
    "name": "Aquali",
    "rarity": "Une Étoile",
    "set": {
        "cardCount": {
            "official": 68,
            "total": 86
        },
        "id": "A1a",
        "name": "L’Île Fabuleuse"
    },
    "variants": {
        "firstEdition": false,
        "holo": true,
        "normal": true,
        "reverse": true,
        "wPromo": false
    },
    "variants_detailed": [
        {
            "type": "normal",
            "size": "Standard"
        },
        {
            "type": "reverse",
            "size": "Standard"
        },
        {
            "type": "holo",
            "size": "Standard"
        }
    ],
    "hp": 120,
    "types": [
        "Eau"
    ],
    "description": "Il vit au bord de l'eau. Sa queue semblable à celle\nd'un poisson lui donne l'apparence d'une sirène.",
    "stage": "Niveau 1",
    "abilities": [
        {
            "type": "Talent",
            "name": "Surlavage",
            "effect": "Autant de fois que vous le voulez pendant votre tour, vous pouvez déplacer une Énergie {W} de l'un de vos Pokémon {W} de Banc vers votre Pokémon {W} Actif."
        }
    ],
    "attacks": [
        {
            "cost": [
                "Eau",
                "Incolore",
                "Incolore"
            ],
            "name": "Grosse Vague",
            "damage": 60
        }
    ],
    "weaknesses": [
        {
            "type": "Électrique",
            "value": "+20"
        }
    ],
    "retreat": 2,
    "legal": {
        "standard": false,
        "expanded": false
    },
    "updated": "2025-05-17T19:27:22+02:00",
    "pricing": {
        "cardmarket": null,
        "tcgplayer": null
    }
}