{
    "category": "Pokémon",
    "id": "A1a-021",
    "illustrator": "Sekio",
    "image": "https://assets.tcgdex.net/fr/tcgp/A1a/021",
    "localId": "021",
    "name": "Luminéon",
    "rarity": "Deux Diamants",
    "set": {
        "cardCount": {
            "official": 68,
            "total": 86
        },
        "id": "A1a",
        "name": "L’Île Fabuleuse"
    },
    "variants": {
        "firstEdition": false,
        "holo": true,
        "normal": true,
        "reverse": true,
        "wPromo": false
    },
    "variants_detailed": [
        {
            "type": "normal",
            "size": "Standard"
        },
        {
            "type": "reverse",
            "size": "Standard"
        },
        {
            "type": "holo",
            "size": "Standard"
        }
    ],
    "hp": 80,
    "types": [
        "Eau"
    ],
    "description": "La lumière qu'il émet pour attirer ses\nproies attire également ses prédateurs,\ndes Pokémon poissons féroces.",
    "stage": "Niveau 1",
    "attacks": [
        {
            "cost": [
                "Eau",
                "Eau"
            ],
            "name": "Aqua-Paquebot",
            "effect": "Cette attaque inflige 50 dégâts à un des Pokémon de Banc de votre adversaire."
        }
    ],
    "weaknesses": [
        {
            "type": "Électrique",
            "value": "+20"
        }
    ],
    "retreat": 0,
    "legal": {
        "standard": false,
        "expanded": false
    },
    "updated": "2025-05-17T19:27:22+02:00",
    "pricing": {
        "cardmarket": null,
        "tcgplayer": null
    }
}