{
    "category": "Dresseur",
    "id": "A1a-063",
    "illustrator": "Toyste Beach",
    "image": "https://assets.tcgdex.net/fr/tcgp/A1a/063",
    "localId": "063",
    "name": "Vieil Ambre",
    "rarity": "Un Diamant",
    "set": {
        "cardCount": {
            "official": 68,
            "total": 86
        },
        "id": "A1a",
        "name": "L’Île Fabuleuse"
    },
    "variants": {
        "firstEdition": false,
        "holo": true,
        "normal": true,
        "reverse": true,
        "wPromo": false
    },
    "variants_detailed": [
        {
            "type": "normal",
            "size": "Standard"
        },
        {
            "type": "reverse",
            "size": "Standard"
        },
        {
            "type": "holo",
            "size": "Standard"
        }
    ],
    "effect": "Jouez cette carte comme si c'était un Pokémon {C} de base avec 40 PV. N'importe quand pendant votre tour, vous pouvez défausser cette carte du jeu. Cette carte ne peut pas battre en retraite.",
    "trainerType": "Objet",
    "legal": {
        "standard": false,
        "expanded": false
    },
    "updated": "2025-05-17T19:27:22+02:00",
    "pricing": {
        "cardmarket": null,
        "tcgplayer": null
    }
}