{
    "category": "Pokémon",
    "id": "A1a-053",
    "illustrator": "Yukiko Baba",
    "image": "https://assets.tcgdex.net/fr/tcgp/A1a/053",
    "localId": "053",
    "name": "Venipatte",
    "rarity": "Un Diamant",
    "set": {
        "cardCount": {
            "official": 68,
            "total": 86
        },
        "id": "A1a",
        "name": "L’Île Fabuleuse"
    },
    "variants": {
        "firstEdition": false,
        "holo": true,
        "normal": true,
        "reverse": true,
        "wPromo": false
    },
    "variants_detailed": [
        {
            "type": "normal",
            "size": "Standard"
        },
        {
            "type": "reverse",
            "size": "Standard"
        },
        {
            "type": "holo",
            "size": "Standard"
        }
    ],
    "hp": 60,
    "types": [
        "Obscurité"
    ],
    "description": "Bien qu'appartenant à des espèces similaires,\nles Venipatte et les Grillepattes se livrent\nà des conflits violents lorsqu'ils se croisent.",
    "stage": "De base",
    "attacks": [
        {
            "cost": [
                "Obscurité"
            ],
            "name": "Collision",
            "damage": 20
        }
    ],
    "weaknesses": [
        {
            "type": "Combat",
            "value": "+20"
        }
    ],
    "retreat": 1,
    "legal": {
        "standard": false,
        "expanded": false
    },
    "updated": "2025-05-17T19:27:22+02:00",
    "pricing": {
        "cardmarket": null,
        "tcgplayer": null
    }
}