{
    "category": "Pokémon",
    "id": "A1a-023",
    "illustrator": "nisimono",
    "image": "https://assets.tcgdex.net/fr/tcgp/A1a/023",
    "localId": "023",
    "name": "Torgamord",
    "rarity": "Deux Diamants",
    "set": {
        "cardCount": {
            "official": 68,
            "total": 86
        },
        "id": "A1a",
        "name": "L’Île Fabuleuse"
    },
    "variants": {
        "firstEdition": false,
        "holo": true,
        "normal": true,
        "reverse": true,
        "wPromo": false
    },
    "variants_detailed": [
        {
            "type": "normal",
            "size": "Standard"
        },
        {
            "type": "reverse",
            "size": "Standard"
        },
        {
            "type": "holo",
            "size": "Standard"
        }
    ],
    "hp": 130,
    "types": [
        "Eau"
    ],
    "description": "Ce Pokémon très agressif peut\nfacilement broyer des rochers grâce à\nson énorme mâchoire en dents de scie.",
    "stage": "Niveau 1",
    "attacks": [
        {
            "cost": [
                "Eau",
                "Eau",
                "Eau"
            ],
            "name": "Mâchouille",
            "effect": "Lancez une pièce. Si c'est face, défaussez au hasard une Énergie du Pokémon Actif de votre adversaire.",
            "damage": 70
        }
    ],
    "weaknesses": [
        {
            "type": "Électrique",
            "value": "+20"
        }
    ],
    "retreat": 3,
    "legal": {
        "standard": false,
        "expanded": false
    },
    "updated": "2025-05-17T19:27:22+02:00",
    "pricing": {
        "cardmarket": null,
        "tcgplayer": null
    }
}