{
    "category": "Pokémon",
    "id": "A1a-037",
    "illustrator": "Cona Nitanda",
    "image": "https://assets.tcgdex.net/fr/tcgp/A1a/037",
    "localId": "037",
    "name": "Floette",
    "rarity": "Un Diamant",
    "set": {
        "cardCount": {
            "official": 68,
            "total": 86
        },
        "id": "A1a",
        "name": "L’Île Fabuleuse"
    },
    "variants": {
        "firstEdition": false,
        "holo": true,
        "normal": true,
        "reverse": true,
        "wPromo": false
    },
    "variants_detailed": [
        {
            "type": "normal",
            "size": "Standard"
        },
        {
            "type": "reverse",
            "size": "Standard"
        },
        {
            "type": "holo",
            "size": "Standard"
        }
    ],
    "hp": 70,
    "types": [
        "Psy"
    ],
    "description": "Ce Pokémon parvient à canaliser le peu d'énergie\nencore présent dans les fleurs fanées pour leur\nredonner du tonus. Il tient une fleur rouge.",
    "stage": "Niveau 1",
    "attacks": [
        {
            "cost": [
                "Psy"
            ],
            "name": "Feuille Sangsue",
            "effect": "Soignez 10 dégâts de ce Pokémon.",
            "damage": 40
        }
    ],
    "weaknesses": [
        {
            "type": "Métal",
            "value": "+20"
        }
    ],
    "retreat": 1,
    "legal": {
        "standard": false,
        "expanded": false
    },
    "updated": "2025-05-17T19:27:22+02:00",
    "pricing": {
        "cardmarket": null,
        "tcgplayer": null
    }
}