{
    "category": "Pokémon",
    "id": "A1a-007",
    "illustrator": "Saya Tsuruta",
    "image": "https://assets.tcgdex.net/fr/tcgp/A1a/007",
    "localId": "007",
    "name": "Spododo",
    "rarity": "Un Diamant",
    "set": {
        "cardCount": {
            "official": 68,
            "total": 86
        },
        "id": "A1a",
        "name": "L’Île Fabuleuse"
    },
    "variants": {
        "firstEdition": false,
        "holo": true,
        "normal": true,
        "reverse": true,
        "wPromo": false
    },
    "variants_detailed": [
        {
            "type": "normal",
            "size": "Standard"
        },
        {
            "type": "reverse",
            "size": "Standard"
        },
        {
            "type": "holo",
            "size": "Standard"
        }
    ],
    "hp": 60,
    "types": [
        "Plante"
    ],
    "description": "Ses chapeaux sont délicieux, et les Pokémon\nde la forêt s'en délectent. Heureusement pour lui,\nses couvre-chefs repoussent en une nuit.",
    "stage": "De base",
    "attacks": [
        {
            "cost": [
                "Plante"
            ],
            "name": "Collision",
            "damage": 20
        }
    ],
    "weaknesses": [
        {
            "type": "Feu",
            "value": "+20"
        }
    ],
    "retreat": 1,
    "legal": {
        "standard": false,
        "expanded": false
    },
    "updated": "2025-05-17T19:27:22+02:00",
    "pricing": {
        "cardmarket": null,
        "tcgplayer": null
    }
}