{
    "category": "Pokémon",
    "id": "A1a-050",
    "illustrator": "Mousho",
    "image": "https://assets.tcgdex.net/fr/tcgp/A1a/050",
    "localId": "050",
    "name": "Smogogo",
    "rarity": "Deux Diamants",
    "set": {
        "cardCount": {
            "official": 68,
            "total": 86
        },
        "id": "A1a",
        "name": "L’Île Fabuleuse"
    },
    "variants": {
        "firstEdition": false,
        "holo": true,
        "normal": true,
        "reverse": true,
        "wPromo": false
    },
    "variants_detailed": [
        {
            "type": "normal",
            "size": "Standard"
        },
        {
            "type": "reverse",
            "size": "Standard"
        },
        {
            "type": "holo",
            "size": "Standard"
        }
    ],
    "hp": 110,
    "types": [
        "Obscurité"
    ],
    "description": "Si l'un des deux Smogo se gonfle, l'autre se dégonfle.\nIls mélangent leurs gaz en permanence.",
    "stage": "Niveau 1",
    "attacks": [
        {
            "cost": [
                "Obscurité",
                "Obscurité"
            ],
            "name": "Brouillard",
            "effect": "Pendant le prochain tour de votre adversaire, si le Pokémon Défenseur essaie d'utiliser une attaque, votre adversaire lance une pièce. Si c'est pile, l'attaque n'est pas lancée.",
            "damage": 50
        }
    ],
    "weaknesses": [
        {
            "type": "Combat",
            "value": "+20"
        }
    ],
    "retreat": 3,
    "legal": {
        "standard": false,
        "expanded": false
    },
    "updated": "2025-05-17T19:27:22+02:00",
    "pricing": {
        "cardmarket": null,
        "tcgplayer": null
    }
}