{
    "category": "Pokémon",
    "id": "A1a-036",
    "illustrator": "Cona Nitanda",
    "image": "https://assets.tcgdex.net/fr/tcgp/A1a/036",
    "localId": "036",
    "name": "Flabébé",
    "rarity": "Un Diamant",
    "set": {
        "cardCount": {
            "official": 68,
            "total": 86
        },
        "id": "A1a",
        "name": "L’Île Fabuleuse"
    },
    "variants": {
        "firstEdition": false,
        "holo": true,
        "normal": true,
        "reverse": true,
        "wPromo": false
    },
    "variants_detailed": [
        {
            "type": "normal",
            "size": "Standard"
        },
        {
            "type": "reverse",
            "size": "Standard"
        },
        {
            "type": "holo",
            "size": "Standard"
        }
    ],
    "hp": 40,
    "types": [
        "Psy"
    ],
    "description": "Ce Pokémon parvient à extraire l'énergie\ncachée des fleurs sauvages. Il aime\nparticulièrement les fleurs rouges.",
    "stage": "De base",
    "attacks": [
        {
            "cost": [
                "Psy"
            ],
            "name": "Regard Hypnotique",
            "effect": "Le Pokémon Actif de votre adversaire est maintenant Endormi."
        }
    ],
    "weaknesses": [
        {
            "type": "Métal",
            "value": "+20"
        }
    ],
    "retreat": 1,
    "legal": {
        "standard": false,
        "expanded": false
    },
    "updated": "2025-05-17T19:27:22+02:00",
    "pricing": {
        "cardmarket": null,
        "tcgplayer": null
    }
}