{
    "category": "Pokémon",
    "id": "A1a-014",
    "illustrator": "DOM",
    "image": "https://assets.tcgdex.net/fr/tcgp/A1a/014",
    "localId": "014",
    "name": "Pyrax",
    "rarity": "Trois Diamants",
    "set": {
        "cardCount": {
            "official": 68,
            "total": 86
        },
        "id": "A1a",
        "name": "L’Île Fabuleuse"
    },
    "variants": {
        "firstEdition": false,
        "holo": true,
        "normal": true,
        "reverse": true,
        "wPromo": false
    },
    "variants_detailed": [
        {
            "type": "normal",
            "size": "Standard"
        },
        {
            "type": "reverse",
            "size": "Standard"
        },
        {
            "type": "holo",
            "size": "Standard"
        }
    ],
    "hp": 120,
    "types": [
        "Feu"
    ],
    "description": "Son corps brûlant le rend impopulaire dans les\nrégions chaudes. Toutefois, on le vénère comme\nl'incarnation du soleil dans les régions froides.",
    "stage": "Niveau 1",
    "attacks": [
        {
            "cost": [
                "Feu",
                "Feu",
                "Incolore"
            ],
            "name": "Cendres volcaniques",
            "effect": "Défaussez 2 Énergie {R} de ce Pokémon. Cette attaque inflige 80 dégâts à l'un des Pokémon de votre adversaire."
        }
    ],
    "weaknesses": [
        {
            "type": "Eau",
            "value": "+20"
        }
    ],
    "retreat": 2,
    "legal": {
        "standard": false,
        "expanded": false
    },
    "updated": "2025-05-17T19:27:22+02:00",
    "pricing": {
        "cardmarket": null,
        "tcgplayer": null
    }
}