{
    "category": "Pokémon",
    "id": "A1a-058",
    "illustrator": "Taiga Kayama",
    "image": "https://assets.tcgdex.net/fr/tcgp/A1a/058",
    "localId": "058",
    "name": "Roucoups",
    "rarity": "Un Diamant",
    "set": {
        "cardCount": {
            "official": 68,
            "total": 86
        },
        "id": "A1a",
        "name": "L’Île Fabuleuse"
    },
    "variants": {
        "firstEdition": false,
        "holo": true,
        "normal": true,
        "reverse": true,
        "wPromo": false
    },
    "variants_detailed": [
        {
            "type": "normal",
            "size": "Standard"
        },
        {
            "type": "reverse",
            "size": "Standard"
        },
        {
            "type": "holo",
            "size": "Standard"
        }
    ],
    "hp": 90,
    "types": [
        "Incolore"
    ],
    "description": "Grâce à ses griffes très puissantes, il est capable de transporter\ndes Noeunoeuf vers un nid éloigné de plus de 100 km.",
    "stage": "Niveau 1",
    "attacks": [
        {
            "cost": [
                "Incolore",
                "Incolore",
                "Incolore"
            ],
            "name": "Cru-Ailes",
            "damage": 50
        }
    ],
    "weaknesses": [
        {
            "type": "Électrique",
            "value": "+20"
        }
    ],
    "retreat": 1,
    "legal": {
        "standard": false,
        "expanded": false
    },
    "updated": "2025-05-17T19:27:22+02:00",
    "pricing": {
        "cardmarket": null,
        "tcgplayer": null
    }
}