{
    "category": "Pokémon",
    "id": "A1a-017",
    "illustrator": "Mitsuhiro Arita",
    "image": "https://assets.tcgdex.net/fr/tcgp/A1a/017",
    "localId": "017",
    "name": "Magicarpe",
    "rarity": "Un Diamant",
    "set": {
        "cardCount": {
            "official": 68,
            "total": 86
        },
        "id": "A1a",
        "name": "L’Île Fabuleuse"
    },
    "variants": {
        "firstEdition": false,
        "holo": true,
        "normal": true,
        "reverse": true,
        "wPromo": false
    },
    "variants_detailed": [
        {
            "type": "normal",
            "size": "Standard"
        },
        {
            "type": "reverse",
            "size": "Standard"
        },
        {
            "type": "holo",
            "size": "Standard"
        }
    ],
    "hp": 30,
    "types": [
        "Eau"
    ],
    "description": "Un Pokémon tout à fait pathétique. En de très\nrares occasions, il est capable de sauter haut,\nmais jamais à plus de deux mètres.",
    "stage": "De base",
    "attacks": [
        {
            "cost": [
                "Eau"
            ],
            "name": "Bondir",
            "effect": "Échangez ce Pokémon contre l'un de vos Pokémon de Banc."
        }
    ],
    "weaknesses": [
        {
            "type": "Électrique",
            "value": "+20"
        }
    ],
    "retreat": 1,
    "legal": {
        "standard": false,
        "expanded": false
    },
    "updated": "2025-05-17T19:27:22+02:00",
    "pricing": {
        "cardmarket": null,
        "tcgplayer": null
    }
}