{
    "category": "Pokémon",
    "id": "A1a-054",
    "illustrator": "Shin Nagasawa",
    "image": "https://assets.tcgdex.net/fr/tcgp/A1a/054",
    "localId": "054",
    "name": "Scobolide",
    "rarity": "Un Diamant",
    "set": {
        "cardCount": {
            "official": 68,
            "total": 86
        },
        "id": "A1a",
        "name": "L’Île Fabuleuse"
    },
    "variants": {
        "firstEdition": false,
        "holo": true,
        "normal": true,
        "reverse": true,
        "wPromo": false
    },
    "variants_detailed": [
        {
            "type": "normal",
            "size": "Standard"
        },
        {
            "type": "reverse",
            "size": "Standard"
        },
        {
            "type": "holo",
            "size": "Standard"
        }
    ],
    "hp": 90,
    "types": [
        "Obscurité"
    ],
    "description": "Il se propulse sur ses ennemis en tournant\ntrès vite sur lui-même. Il peut ainsi atteindre\nune vitesse d'environ 100 km/h.",
    "stage": "Niveau 1",
    "attacks": [
        {
            "cost": [
                "Obscurité"
            ],
            "name": "Dard-Venin",
            "effect": "Le Pokémon Actif de votre adversaire est maintenant Empoisonné.",
            "damage": 20
        }
    ],
    "weaknesses": [
        {
            "type": "Combat",
            "value": "+20"
        }
    ],
    "retreat": 2,
    "legal": {
        "standard": false,
        "expanded": false
    },
    "updated": "2025-05-17T19:27:22+02:00",
    "pricing": {
        "cardmarket": null,
        "tcgplayer": null
    }
}