{
    "category": "Pokémon",
    "id": "A1a-073",
    "illustrator": "Yuu Nishida",
    "image": "https://assets.tcgdex.net/fr/tcgp/A1a/073",
    "localId": "073",
    "name": "Dedenne",
    "rarity": "Une Étoile",
    "set": {
        "cardCount": {
            "official": 68,
            "total": 86
        },
        "id": "A1a",
        "name": "L’Île Fabuleuse"
    },
    "variants": {
        "firstEdition": false,
        "holo": true,
        "normal": true,
        "reverse": true,
        "wPromo": false
    },
    "variants_detailed": [
        {
            "type": "normal",
            "size": "Standard"
        },
        {
            "type": "reverse",
            "size": "Standard"
        },
        {
            "type": "holo",
            "size": "Standard"
        }
    ],
    "hp": 60,
    "types": [
        "Électrique"
    ],
    "description": "Son corps étant petit et son organe générateur\nd'électricité peu développé, il se recharge en\naspirant l'électricité des maisons avec sa queue.",
    "stage": "De base",
    "attacks": [
        {
            "cost": [
                "Électrique"
            ],
            "name": "Éclair",
            "effect": "Lancez une pièce. Si c'est face, le Pokémon Actif de votre adversaire est maintenant Paralysé.",
            "damage": 10
        }
    ],
    "weaknesses": [
        {
            "type": "Combat",
            "value": "+20"
        }
    ],
    "retreat": 1,
    "legal": {
        "standard": false,
        "expanded": false
    },
    "updated": "2025-05-17T19:27:22+02:00",
    "pricing": {
        "cardmarket": null,
        "tcgplayer": null
    }
}