{
    "category": "Pokémon",
    "id": "A1a-035",
    "illustrator": "sowsow",
    "image": "https://assets.tcgdex.net/fr/tcgp/A1a/035",
    "localId": "035",
    "name": "Neitram",
    "rarity": "Deux Diamants",
    "set": {
        "cardCount": {
            "official": 68,
            "total": 86
        },
        "id": "A1a",
        "name": "L’Île Fabuleuse"
    },
    "variants": {
        "firstEdition": false,
        "holo": true,
        "normal": true,
        "reverse": true,
        "wPromo": false
    },
    "variants_detailed": [
        {
            "type": "normal",
            "size": "Standard"
        },
        {
            "type": "reverse",
            "size": "Standard"
        },
        {
            "type": "holo",
            "size": "Standard"
        }
    ],
    "hp": 90,
    "types": [
        "Psy"
    ],
    "description": "À chaque fois que Neitram se matérialise dans une pâture,\nun Moumouflon disparaît dans des circonstances mystérieuses.",
    "stage": "Niveau 1",
    "attacks": [
        {
            "cost": [
                "Psy"
            ],
            "name": "Emprise Mentale",
            "effect": "Cette attaque inflige 20 dégâts supplémentaires pour chaque Pokémon de Banc de votre adversaire.",
            "damage": "10+"
        }
    ],
    "weaknesses": [
        {
            "type": "Obscurité",
            "value": "+20"
        }
    ],
    "retreat": 1,
    "legal": {
        "standard": false,
        "expanded": false
    },
    "updated": "2025-05-17T19:27:22+02:00",
    "pricing": {
        "cardmarket": null,
        "tcgplayer": null
    }
}