{
    "category": "Pokémon",
    "id": "A1a-018",
    "illustrator": "PLANETA CG Works",
    "image": "https://assets.tcgdex.net/fr/tcgp/A1a/018",
    "localId": "018",
    "name": "Léviator-ex",
    "rarity": "Quatre Diamants",
    "set": {
        "cardCount": {
            "official": 68,
            "total": 86
        },
        "id": "A1a",
        "name": "L’Île Fabuleuse"
    },
    "variants": {
        "firstEdition": false,
        "holo": true,
        "normal": true,
        "reverse": true,
        "wPromo": false
    },
    "variants_detailed": [
        {
            "type": "normal",
            "size": "Standard"
        },
        {
            "type": "reverse",
            "size": "Standard"
        },
        {
            "type": "holo",
            "size": "Standard"
        }
    ],
    "hp": 180,
    "types": [
        "Eau"
    ],
    "stage": "Niveau 1",
    "suffix": "EX",
    "attacks": [
        {
            "cost": [
                "Eau",
                "Eau",
                "Eau",
                "Incolore"
            ],
            "name": "Tourbillon Tempétueux",
            "effect": "Défaussez une Énergie au hasard parmi celles attachées à tous les Pokémon en jeu (les vôtres et ceux de votre adversaire).",
            "damage": 140
        }
    ],
    "weaknesses": [
        {
            "type": "Électrique",
            "value": "+20"
        }
    ],
    "retreat": 3,
    "legal": {
        "standard": false,
        "expanded": false
    },
    "updated": "2025-05-17T19:27:22+02:00",
    "pricing": {
        "cardmarket": null,
        "tcgplayer": null
    }
}