{
    "category": "Pokémon",
    "id": "A1a-084",
    "illustrator": "danciao",
    "image": "https://assets.tcgdex.net/fr/tcgp/A1a/084",
    "localId": "084",
    "name": "Ptéra-ex",
    "rarity": "Deux Étoiles",
    "set": {
        "cardCount": {
            "official": 68,
            "total": 86
        },
        "id": "A1a",
        "name": "L’Île Fabuleuse"
    },
    "variants": {
        "firstEdition": false,
        "holo": true,
        "normal": true,
        "reverse": true,
        "wPromo": false
    },
    "variants_detailed": [
        {
            "type": "normal",
            "size": "Standard"
        },
        {
            "type": "reverse",
            "size": "Standard"
        },
        {
            "type": "holo",
            "size": "Standard"
        }
    ],
    "hp": 140,
    "types": [
        "Combat"
    ],
    "stage": "Niveau 1",
    "suffix": "EX",
    "abilities": [
        {
            "type": "Talent",
            "name": "Ordre Primitif",
            "effect": "Votre adversaire ne peut pas jouer de Pokémon de sa main sur le Pokémon Actif pour le faire évoluer."
        }
    ],
    "attacks": [
        {
            "cost": [
                "Combat",
                "Incolore"
            ],
            "name": "Écras'Terre",
            "damage": 80
        }
    ],
    "weaknesses": [
        {
            "type": "Électrique",
            "value": "+20"
        }
    ],
    "retreat": 1,
    "legal": {
        "standard": false,
        "expanded": false
    },
    "updated": "2025-07-08T11:31:53+02:00",
    "pricing": {
        "cardmarket": null,
        "tcgplayer": null
    }
}