{
    "category": "Pokémon",
    "id": "A1a-009",
    "illustrator": "Hasuno",
    "image": "https://assets.tcgdex.net/fr/tcgp/A1a/009",
    "localId": "009",
    "name": "Sinistrail",
    "rarity": "Deux Diamants",
    "set": {
        "cardCount": {
            "official": 68,
            "total": 86
        },
        "id": "A1a",
        "name": "L’Île Fabuleuse"
    },
    "variants": {
        "firstEdition": false,
        "holo": true,
        "normal": true,
        "reverse": true,
        "wPromo": false
    },
    "variants_detailed": [
        {
            "type": "normal",
            "size": "Standard"
        },
        {
            "type": "reverse",
            "size": "Standard"
        },
        {
            "type": "holo",
            "size": "Standard"
        }
    ],
    "hp": 100,
    "types": [
        "Plante"
    ],
    "description": "Ce Pokémon Spectre naît lorsque les algues\ndérivant au fond de l'océan se fixent sur\ndes morceaux d'épaves de navire.",
    "stage": "De base",
    "attacks": [
        {
            "cost": [
                "Plante"
            ],
            "name": "Fouet d'Énergie",
            "effect": "Si ce Pokémon a au moins 3 Énergies {G} de plus, cette attaque inflige 70 dégâts supplémentaires.",
            "damage": "20+"
        }
    ],
    "weaknesses": [
        {
            "type": "Feu",
            "value": "+20"
        }
    ],
    "retreat": 2,
    "legal": {
        "standard": false,
        "expanded": false
    },
    "updated": "2025-05-17T19:27:22+02:00",
    "pricing": {
        "cardmarket": null,
        "tcgplayer": null
    }
}