{
    "category": "Pokémon",
    "id": "A1a-026",
    "illustrator": "hncl",
    "image": "https://assets.tcgdex.net/fr/tcgp/A1a/026",
    "localId": "026",
    "name": "Raichu",
    "rarity": "Trois Diamants",
    "set": {
        "cardCount": {
            "official": 68,
            "total": 86
        },
        "id": "A1a",
        "name": "L’Île Fabuleuse"
    },
    "variants": {
        "firstEdition": false,
        "holo": true,
        "normal": true,
        "reverse": true,
        "wPromo": false
    },
    "variants_detailed": [
        {
            "type": "normal",
            "size": "Standard"
        },
        {
            "type": "reverse",
            "size": "Standard"
        },
        {
            "type": "holo",
            "size": "Standard"
        }
    ],
    "hp": 120,
    "types": [
        "Électrique"
    ],
    "description": "Il se protège des décharges grâce à sa queue,\nqui dissipe l'électricité dans le sol.",
    "stage": "Niveau 1",
    "attacks": [
        {
            "cost": [
                "Électrique",
                "Électrique",
                "Électrique"
            ],
            "name": "Electrochok",
            "effect": "Cette attaque inflige aussi 20 dégâts à chaque Pokémon de Banc de votre adversaire.",
            "damage": 60
        }
    ],
    "weaknesses": [
        {
            "type": "Combat",
            "value": "+20"
        }
    ],
    "retreat": 2,
    "legal": {
        "standard": false,
        "expanded": false
    },
    "updated": "2025-05-17T19:27:22+02:00",
    "pricing": {
        "cardmarket": null,
        "tcgplayer": null
    }
}