{
    "category": "Pokémon",
    "id": "A2-026",
    "illustrator": "Oswaldo KATO",
    "image": "https://assets.tcgdex.net/fr/tcgp/A2/026",
    "localId": "026",
    "name": "Volcaropod",
    "rarity": "Deux Diamants",
    "set": {
        "cardCount": {
            "official": 140,
            "total": 207
        },
        "id": "A2",
        "name": "Choc Spatio-Temporel"
    },
    "variants": {
        "firstEdition": false,
        "holo": true,
        "normal": true,
        "reverse": true,
        "wPromo": false
    },
    "variants_detailed": [
        {
            "type": "normal",
            "size": "Standard"
        },
        {
            "type": "reverse",
            "size": "Standard"
        },
        {
            "type": "holo",
            "size": "Standard"
        }
    ],
    "hp": 120,
    "types": [
        "Feu"
    ],
    "description": "Sa coquille, très fragile, projette régulièrement\ndes flammes qui circulent dans son corps.",
    "stage": "Niveau 1",
    "attacks": [
        {
            "cost": [
                "Feu",
                "Incolore"
            ],
            "name": "Flammes Calcinantes",
            "effect": "Le Pokémon Actif de votre adversaire est maintenant Brûlé.",
            "damage": 30
        }
    ],
    "weaknesses": [
        {
            "type": "Eau",
            "value": "+20"
        }
    ],
    "retreat": 3,
    "legal": {
        "standard": false,
        "expanded": false
    },
    "boosters": [
        {
            "id": "boo_A2-palkia",
            "name": "Palkia"
        },
        {
            "id": "boo_A2-dialga",
            "name": "Dialga"
        }
    ],
    "updated": "2025-05-18T00:53:26+02:00",
    "pricing": {
        "cardmarket": null,
        "tcgplayer": null
    }
}