{
    "category": "Pokémon",
    "id": "A2-023",
    "illustrator": "Hiroki Asanuma",
    "image": "https://assets.tcgdex.net/fr/tcgp/A2/023",
    "localId": "023",
    "name": "Magmar",
    "rarity": "Un Diamant",
    "set": {
        "cardCount": {
            "official": 140,
            "total": 207
        },
        "id": "A2",
        "name": "Choc Spatio-Temporel"
    },
    "variants": {
        "firstEdition": false,
        "holo": true,
        "normal": true,
        "reverse": true,
        "wPromo": false
    },
    "variants_detailed": [
        {
            "type": "normal",
            "size": "Standard"
        },
        {
            "type": "reverse",
            "size": "Standard"
        },
        {
            "type": "holo",
            "size": "Standard"
        }
    ],
    "hp": 80,
    "types": [
        "Feu"
    ],
    "description": "Il achève ses proies avec ses flammes, mais\nil lui arrive de les calciner accidentellement,\nà son plus grand regret.",
    "stage": "De base",
    "attacks": [
        {
            "cost": [
                "Feu"
            ],
            "name": "Attisement",
            "effect": "Prenez une Énergie {R} de votre zone Énergie et attachez-la à ce Pokémon."
        }
    ],
    "weaknesses": [
        {
            "type": "Eau",
            "value": "+20"
        }
    ],
    "retreat": 2,
    "legal": {
        "standard": false,
        "expanded": false
    },
    "boosters": [
        {
            "id": "boo_A2-palkia",
            "name": "Palkia"
        }
    ],
    "updated": "2025-05-18T00:53:26+02:00",
    "pricing": {
        "cardmarket": null,
        "tcgplayer": null
    }
}