{
    "category": "Pokémon",
    "id": "A2-078",
    "illustrator": "AKIRA EGAWA",
    "image": "https://assets.tcgdex.net/fr/tcgp/A2/078",
    "localId": "078",
    "name": "Giratina",
    "rarity": "Trois Diamants",
    "set": {
        "cardCount": {
            "official": 140,
            "total": 207
        },
        "id": "A2",
        "name": "Choc Spatio-Temporel"
    },
    "variants": {
        "firstEdition": false,
        "holo": true,
        "normal": true,
        "reverse": true,
        "wPromo": false
    },
    "variants_detailed": [
        {
            "type": "normal",
            "size": "Standard"
        },
        {
            "type": "reverse",
            "size": "Standard"
        },
        {
            "type": "holo",
            "size": "Standard"
        }
    ],
    "hp": 120,
    "types": [
        "Psy"
    ],
    "description": "Il vit dans le Monde Distorsion,\nun monde à l'opposé du nôtre\nqui échappe au sens commun.",
    "stage": "De base",
    "abilities": [
        {
            "type": "Talent",
            "name": "Lévitation",
            "effect": "Si de l'Énergie est attachée à ce Pokémon, il n'a aucun Coût de Retraite."
        }
    ],
    "attacks": [
        {
            "cost": [
                "Psy",
                "Psy",
                "Incolore"
            ],
            "name": "Tir Effrayant",
            "damage": 70
        }
    ],
    "weaknesses": [
        {
            "type": "Obscurité",
            "value": "+20"
        }
    ],
    "retreat": 3,
    "legal": {
        "standard": false,
        "expanded": false
    },
    "boosters": [
        {
            "id": "boo_A2-palkia",
            "name": "Palkia"
        }
    ],
    "updated": "2025-05-18T00:53:26+02:00",
    "pricing": {
        "cardmarket": null,
        "tcgplayer": null
    }
}