{
    "category": "Pokémon",
    "id": "A2-048",
    "illustrator": "MAHOU",
    "image": "https://assets.tcgdex.net/fr/tcgp/A2/048",
    "localId": "048",
    "name": "Motisma Froid",
    "rarity": "Un Diamant",
    "set": {
        "cardCount": {
            "official": 140,
            "total": 207
        },
        "id": "A2",
        "name": "Choc Spatio-Temporel"
    },
    "variants": {
        "firstEdition": false,
        "holo": true,
        "normal": true,
        "reverse": true,
        "wPromo": false
    },
    "variants_detailed": [
        {
            "type": "normal",
            "size": "Standard"
        },
        {
            "type": "reverse",
            "size": "Standard"
        },
        {
            "type": "holo",
            "size": "Standard"
        }
    ],
    "hp": 80,
    "types": [
        "Eau"
    ],
    "description": "Ce Motisma a pris possession d'un réfrigérateur.\nIl gèle les alentours grâce à l'air froid qu'il produit,\npuis il saute gaiement dans tous les sens.",
    "stage": "De base",
    "attacks": [
        {
            "cost": [
                "Eau",
                "Eau"
            ],
            "name": "Blizzard",
            "effect": "Cette attaque inflige aussi 10 dégâts à chaque Pokémon de Banc de votre adversaire.",
            "damage": 30
        }
    ],
    "weaknesses": [
        {
            "type": "Métal",
            "value": "+20"
        }
    ],
    "retreat": 1,
    "legal": {
        "standard": false,
        "expanded": false
    },
    "boosters": [
        {
            "id": "boo_A2-palkia",
            "name": "Palkia"
        },
        {
            "id": "boo_A2-dialga",
            "name": "Dialga"
        }
    ],
    "updated": "2025-05-18T00:53:26+02:00",
    "pricing": {
        "cardmarket": null,
        "tcgplayer": null
    }
}