{
    "category": "Pokémon",
    "id": "A2-056",
    "illustrator": "Shin Nagasawa",
    "image": "https://assets.tcgdex.net/fr/tcgp/A2/056",
    "localId": "056",
    "name": "Élektek",
    "rarity": "Un Diamant",
    "set": {
        "cardCount": {
            "official": 140,
            "total": 207
        },
        "id": "A2",
        "name": "Choc Spatio-Temporel"
    },
    "variants": {
        "firstEdition": false,
        "holo": true,
        "normal": true,
        "reverse": true,
        "wPromo": false
    },
    "variants_detailed": [
        {
            "type": "normal",
            "size": "Standard"
        },
        {
            "type": "reverse",
            "size": "Standard"
        },
        {
            "type": "holo",
            "size": "Standard"
        }
    ],
    "hp": 80,
    "types": [
        "Électrique"
    ],
    "description": "De nombreuses centrales électriques gardent\ndes Pokémon Sol à proximité afin d'empêcher\nles Élektek de leur voler de l'électricité.",
    "stage": "De base",
    "attacks": [
        {
            "cost": [
                "Électrique"
            ],
            "name": "Chargeur",
            "effect": "Prenez une Énergie {L} de votre zone Énergie et attachez-la à ce Pokémon."
        }
    ],
    "weaknesses": [
        {
            "type": "Combat",
            "value": "+20"
        }
    ],
    "retreat": 2,
    "legal": {
        "standard": false,
        "expanded": false
    },
    "boosters": [
        {
            "id": "boo_A2-dialga",
            "name": "Dialga"
        }
    ],
    "updated": "2025-05-18T00:53:26+02:00",
    "pricing": {
        "cardmarket": null,
        "tcgplayer": null
    }
}