{
    "category": "Pokémon",
    "id": "A2-030",
    "illustrator": "Kedamahadaitai Yawarakai",
    "image": "https://assets.tcgdex.net/fr/tcgp/A2/030",
    "localId": "030",
    "name": "Motisma Chaleur",
    "rarity": "Un Diamant",
    "set": {
        "cardCount": {
            "official": 140,
            "total": 207
        },
        "id": "A2",
        "name": "Choc Spatio-Temporel"
    },
    "variants": {
        "firstEdition": false,
        "holo": true,
        "normal": true,
        "reverse": true,
        "wPromo": false
    },
    "variants_detailed": [
        {
            "type": "normal",
            "size": "Standard"
        },
        {
            "type": "reverse",
            "size": "Standard"
        },
        {
            "type": "holo",
            "size": "Standard"
        }
    ],
    "hp": 80,
    "types": [
        "Feu"
    ],
    "description": "Si le four dont il prend possession ne fonctionne\npas bien, Motisma perdra sa vitalité.",
    "stage": "De base",
    "attacks": [
        {
            "cost": [
                "Feu",
                "Incolore"
            ],
            "name": "Souffle Ardent",
            "effect": "Lancez une pièce. Si c'est face, cette attaque inflige 30 dégâts de plus.",
            "damage": "30+"
        }
    ],
    "weaknesses": [
        {
            "type": "Eau",
            "value": "+20"
        }
    ],
    "retreat": 1,
    "legal": {
        "standard": false,
        "expanded": false
    },
    "boosters": [
        {
            "id": "boo_A2-palkia",
            "name": "Palkia"
        },
        {
            "id": "boo_A2-dialga",
            "name": "Dialga"
        }
    ],
    "updated": "2025-05-18T00:53:26+02:00",
    "pricing": {
        "cardmarket": null,
        "tcgplayer": null
    }
}