{
    "category": "Pokémon",
    "id": "A2-074",
    "illustrator": "Miki Tanaka",
    "image": "https://assets.tcgdex.net/fr/tcgp/A2/074",
    "localId": "074",
    "name": "Grodrive",
    "rarity": "Deux Diamants",
    "set": {
        "cardCount": {
            "official": 140,
            "total": 207
        },
        "id": "A2",
        "name": "Choc Spatio-Temporel"
    },
    "variants": {
        "firstEdition": false,
        "holo": true,
        "normal": true,
        "reverse": true,
        "wPromo": false
    },
    "variants_detailed": [
        {
            "type": "normal",
            "size": "Standard"
        },
        {
            "type": "reverse",
            "size": "Standard"
        },
        {
            "type": "holo",
            "size": "Standard"
        }
    ],
    "hp": 100,
    "types": [
        "Psy"
    ],
    "description": "Ce Pokémon, qui flotte silencieusement au crépuscule,\nserait né des âmes des défunts rongés par les regrets.",
    "stage": "Niveau 1",
    "attacks": [
        {
            "cost": [
                "Psy",
                "Psy"
            ],
            "name": "Coup de Ballon",
            "damage": 60
        }
    ],
    "weaknesses": [
        {
            "type": "Électrique",
            "value": "+20"
        }
    ],
    "retreat": 1,
    "legal": {
        "standard": false,
        "expanded": false
    },
    "boosters": [
        {
            "id": "boo_A2-dialga",
            "name": "Dialga"
        }
    ],
    "updated": "2025-05-18T00:53:26+02:00",
    "pricing": {
        "cardmarket": null,
        "tcgplayer": null
    }
}