{
    "category": "Pokémon",
    "id": "A2-010",
    "illustrator": "OOYAMA",
    "image": "https://assets.tcgdex.net/fr/tcgp/A2/010",
    "localId": "010",
    "name": "Tortipouss",
    "rarity": "Un Diamant",
    "set": {
        "cardCount": {
            "official": 140,
            "total": 207
        },
        "id": "A2",
        "name": "Choc Spatio-Temporel"
    },
    "variants": {
        "firstEdition": false,
        "holo": true,
        "normal": true,
        "reverse": true,
        "wPromo": false
    },
    "variants_detailed": [
        {
            "type": "normal",
            "size": "Standard"
        },
        {
            "type": "reverse",
            "size": "Standard"
        },
        {
            "type": "holo",
            "size": "Standard"
        }
    ],
    "hp": 80,
    "types": [
        "Plante"
    ],
    "description": "Il s'expose à la lumière du soleil pour que\nson corps l'assimile par photosynthèse.\nSa carapace est composée de terre durcie.",
    "stage": "De base",
    "attacks": [
        {
            "cost": [
                "Plante",
                "Incolore"
            ],
            "name": "Morsure",
            "damage": 30
        }
    ],
    "weaknesses": [
        {
            "type": "Feu",
            "value": "+20"
        }
    ],
    "retreat": 2,
    "legal": {
        "standard": false,
        "expanded": false
    },
    "boosters": [
        {
            "id": "boo_A2-palkia",
            "name": "Palkia"
        }
    ],
    "updated": "2025-05-18T00:53:26+02:00",
    "pricing": {
        "cardmarket": null,
        "tcgplayer": null
    }
}