{
    "category": "Pokémon",
    "id": "A2-085",
    "illustrator": "sowsow",
    "image": "https://assets.tcgdex.net/fr/tcgp/A2/085",
    "localId": "085",
    "name": "Kapoera",
    "rarity": "Un Diamant",
    "set": {
        "cardCount": {
            "official": 140,
            "total": 207
        },
        "id": "A2",
        "name": "Choc Spatio-Temporel"
    },
    "variants": {
        "firstEdition": false,
        "holo": true,
        "normal": true,
        "reverse": true,
        "wPromo": false
    },
    "variants_detailed": [
        {
            "type": "normal",
            "size": "Standard"
        },
        {
            "type": "reverse",
            "size": "Standard"
        },
        {
            "type": "holo",
            "size": "Standard"
        }
    ],
    "hp": 80,
    "types": [
        "Combat"
    ],
    "description": "Il assène des coups de pied tout en tournant sur lui-même.\nIl va parfois si vite qu'il commence à s'enfoncer dans le sol.",
    "stage": "De base",
    "attacks": [
        {
            "cost": [
                "Combat",
                "Combat"
            ],
            "name": "Attaque Tournante",
            "damage": 50
        }
    ],
    "weaknesses": [
        {
            "type": "Psy",
            "value": "+20"
        }
    ],
    "retreat": 1,
    "legal": {
        "standard": false,
        "expanded": false
    },
    "boosters": [
        {
            "id": "boo_A2-dialga",
            "name": "Dialga"
        }
    ],
    "updated": "2025-05-18T00:53:26+02:00",
    "pricing": {
        "cardmarket": null,
        "tcgplayer": null
    }
}