{
    "category": "Pokémon",
    "id": "A2-061",
    "illustrator": "PLANETA Tsuji",
    "image": "https://assets.tcgdex.net/fr/tcgp/A2/061",
    "localId": "061",
    "name": "Pachirisu-ex",
    "rarity": "Quatre Diamants",
    "set": {
        "cardCount": {
            "official": 140,
            "total": 207
        },
        "id": "A2",
        "name": "Choc Spatio-Temporel"
    },
    "variants": {
        "firstEdition": false,
        "holo": true,
        "normal": true,
        "reverse": true,
        "wPromo": false
    },
    "variants_detailed": [
        {
            "type": "normal",
            "size": "Standard"
        },
        {
            "type": "reverse",
            "size": "Standard"
        },
        {
            "type": "holo",
            "size": "Standard"
        }
    ],
    "hp": 120,
    "types": [
        "Électrique"
    ],
    "stage": "De base",
    "suffix": "EX",
    "attacks": [
        {
            "cost": [
                "Électrique",
                "Électrique"
            ],
            "name": "Gadget'incelles",
            "effect": "Si un Outil Pokémon est attaché à ce Pokémon, cette attaque inflige 40 dégâts supplémentaires.",
            "damage": "40+"
        }
    ],
    "weaknesses": [
        {
            "type": "Combat",
            "value": "+20"
        }
    ],
    "retreat": 1,
    "legal": {
        "standard": false,
        "expanded": false
    },
    "boosters": [
        {
            "id": "boo_A2-dialga",
            "name": "Dialga"
        }
    ],
    "updated": "2025-05-18T00:53:26+02:00",
    "pricing": {
        "cardmarket": null,
        "tcgplayer": null
    }
}