{
    "category": "Pokémon",
    "id": "A2-019",
    "illustrator": "Anesaki Dynamic",
    "image": "https://assets.tcgdex.net/fr/tcgp/A2/019",
    "localId": "019",
    "name": "Vortente",
    "rarity": "Deux Diamants",
    "set": {
        "cardCount": {
            "official": 140,
            "total": 207
        },
        "id": "A2",
        "name": "Choc Spatio-Temporel"
    },
    "variants": {
        "firstEdition": false,
        "holo": true,
        "normal": true,
        "reverse": true,
        "wPromo": false
    },
    "variants_detailed": [
        {
            "type": "normal",
            "size": "Standard"
        },
        {
            "type": "reverse",
            "size": "Standard"
        },
        {
            "type": "holo",
            "size": "Standard"
        }
    ],
    "hp": 90,
    "types": [
        "Plante"
    ],
    "description": "Il attire sa proie avec sa salive odorante avant\nde la croquer. Il lui faut une journée pour l'avaler.",
    "stage": "De base",
    "attacks": [
        {
            "cost": [
                "Plante",
                "Plante",
                "Incolore"
            ],
            "name": "Martinet",
            "effect": "Lancez une pièce. Si c'est face, cette attaque inflige 50 dégâts de plus.",
            "damage": "40+"
        }
    ],
    "weaknesses": [
        {
            "type": "Feu",
            "value": "+20"
        }
    ],
    "retreat": 1,
    "legal": {
        "standard": false,
        "expanded": false
    },
    "boosters": [
        {
            "id": "boo_A2-palkia",
            "name": "Palkia"
        }
    ],
    "updated": "2025-05-18T00:53:26+02:00",
    "pricing": {
        "cardmarket": null,
        "tcgplayer": null
    }
}