{
    "category": "Pokémon",
    "id": "A2-097",
    "illustrator": "Hideki Ishikawa",
    "image": "https://assets.tcgdex.net/fr/tcgp/A2/097",
    "localId": "097",
    "name": "Corboss",
    "rarity": "Deux Diamants",
    "set": {
        "cardCount": {
            "official": 140,
            "total": 207
        },
        "id": "A2",
        "name": "Choc Spatio-Temporel"
    },
    "variants": {
        "firstEdition": false,
        "holo": true,
        "normal": true,
        "reverse": true,
        "wPromo": false
    },
    "variants_detailed": [
        {
            "type": "normal",
            "size": "Standard"
        },
        {
            "type": "reverse",
            "size": "Standard"
        },
        {
            "type": "holo",
            "size": "Standard"
        }
    ],
    "hp": 100,
    "types": [
        "Obscurité"
    ],
    "description": "Ce Pokémon impitoyable ne tolère aucun\néchec de la part de ses sbires, les Cornèbre.",
    "stage": "Niveau 1",
    "attacks": [
        {
            "cost": [
                "Obscurité",
                "Obscurité"
            ],
            "name": "Plongeon Contrôlé",
            "effect": "Cette attaque inflige 50 dégâts à l'un des Pokémon de votre adversaire."
        }
    ],
    "weaknesses": [
        {
            "type": "Électrique",
            "value": "+20"
        }
    ],
    "retreat": 2,
    "legal": {
        "standard": false,
        "expanded": false
    },
    "boosters": [
        {
            "id": "boo_A2-dialga",
            "name": "Dialga"
        }
    ],
    "updated": "2025-05-18T00:53:26+02:00",
    "pricing": {
        "cardmarket": null,
        "tcgplayer": null
    }
}