{
    "category": "Pokémon",
    "id": "A2-014",
    "illustrator": "Naoyo Kimura",
    "image": "https://assets.tcgdex.net/fr/tcgp/A2/014",
    "localId": "014",
    "name": "Mélokrik",
    "rarity": "Un Diamant",
    "set": {
        "cardCount": {
            "official": 140,
            "total": 207
        },
        "id": "A2",
        "name": "Choc Spatio-Temporel"
    },
    "variants": {
        "firstEdition": false,
        "holo": true,
        "normal": true,
        "reverse": true,
        "wPromo": false
    },
    "variants_detailed": [
        {
            "type": "normal",
            "size": "Standard"
        },
        {
            "type": "reverse",
            "size": "Standard"
        },
        {
            "type": "holo",
            "size": "Standard"
        }
    ],
    "hp": 90,
    "types": [
        "Plante"
    ],
    "description": "Les cavités de son corps amplifient les sons,\nce qui lui permet d'émettre un cri mélodieux.",
    "stage": "Niveau 1",
    "attacks": [
        {
            "cost": [
                "Plante",
                "Incolore"
            ],
            "name": "Mélodie Envoûtante",
            "effect": "Le Pokémon Actif de votre adversaire est maintenant Confus.",
            "damage": 50
        }
    ],
    "weaknesses": [
        {
            "type": "Feu",
            "value": "+20"
        }
    ],
    "retreat": 1,
    "legal": {
        "standard": false,
        "expanded": false
    },
    "boosters": [
        {
            "id": "boo_A2-palkia",
            "name": "Palkia"
        }
    ],
    "updated": "2025-05-18T00:53:26+02:00",
    "pricing": {
        "cardmarket": null,
        "tcgplayer": null
    }
}