{
    "category": "Pokémon",
    "id": "A2-042",
    "illustrator": "Shigenori Negishi",
    "image": "https://assets.tcgdex.net/fr/tcgp/A2/042",
    "localId": "042",
    "name": "Écayon",
    "rarity": "Un Diamant",
    "set": {
        "cardCount": {
            "official": 140,
            "total": 207
        },
        "id": "A2",
        "name": "Choc Spatio-Temporel"
    },
    "variants": {
        "firstEdition": false,
        "holo": true,
        "normal": true,
        "reverse": true,
        "wPromo": false
    },
    "variants_detailed": [
        {
            "type": "normal",
            "size": "Standard"
        },
        {
            "type": "reverse",
            "size": "Standard"
        },
        {
            "type": "holo",
            "size": "Standard"
        }
    ],
    "hp": 50,
    "types": [
        "Eau"
    ],
    "description": "La ligne qui fait le tour de son corps emmagasine\nl'énergie solaire et brille intensément la nuit.",
    "stage": "De base",
    "attacks": [
        {
            "cost": [
                "Eau"
            ],
            "name": "Nage Élégante",
            "effect": "Lancez une pièce. Si c'est face, pendant le prochain tour de votre adversaire, évitez tous les dégâts et les effets d'attaques infligés à ce Pokémon.",
            "damage": 10
        }
    ],
    "weaknesses": [
        {
            "type": "Électrique",
            "value": "+20"
        }
    ],
    "retreat": 1,
    "legal": {
        "standard": false,
        "expanded": false
    },
    "boosters": [
        {
            "id": "boo_A2-palkia",
            "name": "Palkia"
        },
        {
            "id": "boo_A2-dialga",
            "name": "Dialga"
        }
    ],
    "updated": "2025-05-18T00:53:26+02:00",
    "pricing": {
        "cardmarket": null,
        "tcgplayer": null
    }
}