{
    "category": "Pokémon",
    "id": "A2-064",
    "illustrator": "Kanako Eo",
    "image": "https://assets.tcgdex.net/fr/tcgp/A2/064",
    "localId": "064",
    "name": "Togetic",
    "rarity": "Deux Diamants",
    "set": {
        "cardCount": {
            "official": 140,
            "total": 207
        },
        "id": "A2",
        "name": "Choc Spatio-Temporel"
    },
    "variants": {
        "firstEdition": false,
        "holo": true,
        "normal": true,
        "reverse": true,
        "wPromo": false
    },
    "variants_detailed": [
        {
            "type": "normal",
            "size": "Standard"
        },
        {
            "type": "reverse",
            "size": "Standard"
        },
        {
            "type": "holo",
            "size": "Standard"
        }
    ],
    "hp": 80,
    "types": [
        "Psy"
    ],
    "description": "On dit qu'il se montre aux personnes dotées\nd'un cœur pur pour leur apporter joie et bonheur.",
    "stage": "Niveau 1",
    "attacks": [
        {
            "cost": [
                "Psy"
            ],
            "name": "Vent Féérique",
            "damage": 40
        }
    ],
    "weaknesses": [
        {
            "type": "Métal",
            "value": "+20"
        }
    ],
    "retreat": 1,
    "legal": {
        "standard": false,
        "expanded": false
    },
    "boosters": [
        {
            "id": "boo_A2-palkia",
            "name": "Palkia"
        },
        {
            "id": "boo_A2-dialga",
            "name": "Dialga"
        }
    ],
    "updated": "2025-05-18T00:53:26+02:00",
    "pricing": {
        "cardmarket": null,
        "tcgplayer": null
    }
}