{
    "category": "Pokémon",
    "id": "A2-012",
    "illustrator": "kawayoo",
    "image": "https://assets.tcgdex.net/fr/tcgp/A2/012",
    "localId": "012",
    "name": "Torterra",
    "rarity": "Trois Diamants",
    "set": {
        "cardCount": {
            "official": 140,
            "total": 207
        },
        "id": "A2",
        "name": "Choc Spatio-Temporel"
    },
    "variants": {
        "firstEdition": false,
        "holo": true,
        "normal": true,
        "reverse": true,
        "wPromo": false
    },
    "variants_detailed": [
        {
            "type": "normal",
            "size": "Standard"
        },
        {
            "type": "reverse",
            "size": "Standard"
        },
        {
            "type": "holo",
            "size": "Standard"
        }
    ],
    "hp": 160,
    "types": [
        "Plante"
    ],
    "description": "Autrefois, les gens croyaient que le monde\nreposait sur le dos d'un gigantesque Torterra.",
    "stage": "Niveau 2",
    "attacks": [
        {
            "cost": [
                "Plante",
                "Plante",
                "Incolore",
                "Incolore"
            ],
            "name": "Végé-Attaque",
            "effect": "Pendant votre prochain tour, ce Pokémon ne peut pas utiliser Végé-Attaque.",
            "damage": 150
        }
    ],
    "weaknesses": [
        {
            "type": "Feu",
            "value": "+20"
        }
    ],
    "retreat": 4,
    "legal": {
        "standard": false,
        "expanded": false
    },
    "boosters": [
        {
            "id": "boo_A2-palkia",
            "name": "Palkia"
        }
    ],
    "updated": "2025-05-18T00:53:26+02:00",
    "pricing": {
        "cardmarket": null,
        "tcgplayer": null
    }
}