{
    "category": "Pokémon",
    "id": "A2-093",
    "illustrator": "Akira Komayama",
    "image": "https://assets.tcgdex.net/fr/tcgp/A2/093",
    "localId": "093",
    "name": "Hippopotas",
    "rarity": "Un Diamant",
    "set": {
        "cardCount": {
            "official": 140,
            "total": 207
        },
        "id": "A2",
        "name": "Choc Spatio-Temporel"
    },
    "variants": {
        "firstEdition": false,
        "holo": true,
        "normal": true,
        "reverse": true,
        "wPromo": false
    },
    "variants_detailed": [
        {
            "type": "normal",
            "size": "Standard"
        },
        {
            "type": "reverse",
            "size": "Standard"
        },
        {
            "type": "holo",
            "size": "Standard"
        }
    ],
    "hp": 80,
    "types": [
        "Combat"
    ],
    "description": "Ce Pokémon peut obturer ses narines et avancer dans le sable\navec aisance. Il vit en colonies d'environ dix individus.",
    "stage": "De base",
    "attacks": [
        {
            "cost": [
                "Combat",
                "Combat",
                "Incolore"
            ],
            "name": "Roulé-Boulé",
            "damage": 60
        }
    ],
    "weaknesses": [
        {
            "type": "Plante",
            "value": "+20"
        }
    ],
    "retreat": 3,
    "legal": {
        "standard": false,
        "expanded": false
    },
    "boosters": [
        {
            "id": "boo_A2-palkia",
            "name": "Palkia"
        }
    ],
    "updated": "2025-05-18T00:53:26+02:00",
    "pricing": {
        "cardmarket": null,
        "tcgplayer": null
    }
}