{
    "category": "Pokémon",
    "id": "A2-009",
    "illustrator": "Masakazu Fukuda",
    "image": "https://assets.tcgdex.net/fr/tcgp/A2/009",
    "localId": "009",
    "name": "Roserade",
    "rarity": "Deux Diamants",
    "set": {
        "cardCount": {
            "official": 140,
            "total": 207
        },
        "id": "A2",
        "name": "Choc Spatio-Temporel"
    },
    "variants": {
        "firstEdition": false,
        "holo": true,
        "normal": true,
        "reverse": true,
        "wPromo": false
    },
    "variants_detailed": [
        {
            "type": "normal",
            "size": "Standard"
        },
        {
            "type": "reverse",
            "size": "Standard"
        },
        {
            "type": "holo",
            "size": "Standard"
        }
    ],
    "hp": 100,
    "types": [
        "Plante"
    ],
    "description": "Après avoir troublé les sens de ses adversaires\navec le parfum exquis de ses fleurs, il les frappe\nviolemment avec ses fouets ornés d'épines.",
    "stage": "Niveau 1",
    "attacks": [
        {
            "cost": [
                "Plante",
                "Incolore"
            ],
            "name": "Fouet Empoisonné",
            "effect": "Le Pokémon Actif de votre adversaire est maintenant Empoisonné.",
            "damage": 50
        }
    ],
    "weaknesses": [
        {
            "type": "Feu",
            "value": "+20"
        }
    ],
    "retreat": 2,
    "legal": {
        "standard": false,
        "expanded": false
    },
    "boosters": [
        {
            "id": "boo_A2-palkia",
            "name": "Palkia"
        },
        {
            "id": "boo_A2-dialga",
            "name": "Dialga"
        }
    ],
    "updated": "2025-05-18T00:53:26+02:00",
    "pricing": {
        "cardmarket": null,
        "tcgplayer": null
    }
}