{
    "category": "Pokémon",
    "id": "A2-029",
    "illustrator": "PLANETA CG Works",
    "image": "https://assets.tcgdex.net/fr/tcgp/A2/029",
    "localId": "029",
    "name": "Simiabraz-ex",
    "rarity": "Quatre Diamants",
    "set": {
        "cardCount": {
            "official": 140,
            "total": 207
        },
        "id": "A2",
        "name": "Choc Spatio-Temporel"
    },
    "variants": {
        "firstEdition": false,
        "holo": true,
        "normal": true,
        "reverse": true,
        "wPromo": false
    },
    "variants_detailed": [
        {
            "type": "normal",
            "size": "Standard"
        },
        {
            "type": "reverse",
            "size": "Standard"
        },
        {
            "type": "holo",
            "size": "Standard"
        }
    ],
    "hp": 170,
    "types": [
        "Feu"
    ],
    "stage": "Niveau 2",
    "suffix": "EX",
    "attacks": [
        {
            "cost": [
                "Feu",
                "Feu"
            ],
            "name": "Boutefeu",
            "effect": "Défaussez toutes les Énergies {R} de ce Pokémon.",
            "damage": 140
        }
    ],
    "weaknesses": [
        {
            "type": "Eau",
            "value": "+20"
        }
    ],
    "retreat": 0,
    "legal": {
        "standard": false,
        "expanded": false
    },
    "boosters": [
        {
            "id": "boo_A2-palkia",
            "name": "Palkia"
        }
    ],
    "updated": "2025-05-18T00:53:26+02:00",
    "pricing": {
        "cardmarket": null,
        "tcgplayer": null
    }
}