{
    "category": "Pokémon",
    "id": "A2-034",
    "illustrator": "Tomokazu Komiya",
    "image": "https://assets.tcgdex.net/fr/tcgp/A2/034",
    "localId": "034",
    "name": "Regice",
    "rarity": "Deux Diamants",
    "set": {
        "cardCount": {
            "official": 140,
            "total": 207
        },
        "id": "A2",
        "name": "Choc Spatio-Temporel"
    },
    "variants": {
        "firstEdition": false,
        "holo": true,
        "normal": true,
        "reverse": true,
        "wPromo": false
    },
    "variants_detailed": [
        {
            "type": "normal",
            "size": "Standard"
        },
        {
            "type": "reverse",
            "size": "Standard"
        },
        {
            "type": "holo",
            "size": "Standard"
        }
    ],
    "hp": 110,
    "types": [
        "Eau"
    ],
    "description": "Regice gèle quiconque s'approche de lui en un instant\navec de l'air glacé pouvant atteindre -200 °C.",
    "stage": "De base",
    "abilities": [
        {
            "type": "Talent",
            "name": "Corps de Cristal",
            "effect": "Évitez tous les effets d'attaques utilisées par les Pokémon de votre adversaire infligés à ce Pokémon."
        }
    ],
    "attacks": [
        {
            "cost": [
                "Eau",
                "Eau"
            ],
            "name": "Impact Glacial",
            "damage": 50
        }
    ],
    "weaknesses": [
        {
            "type": "Métal",
            "value": "+20"
        }
    ],
    "retreat": 2,
    "legal": {
        "standard": false,
        "expanded": false
    },
    "boosters": [
        {
            "id": "boo_A2-palkia",
            "name": "Palkia"
        }
    ],
    "updated": "2025-05-18T00:53:26+02:00",
    "pricing": {
        "cardmarket": null,
        "tcgplayer": null
    }
}