{
    "category": "Pokémon",
    "id": "A2-060",
    "illustrator": "Hitoshi Ariga",
    "image": "https://assets.tcgdex.net/fr/tcgp/A2/060",
    "localId": "060",
    "name": "Luxray",
    "rarity": "Trois Diamants",
    "set": {
        "cardCount": {
            "official": 140,
            "total": 207
        },
        "id": "A2",
        "name": "Choc Spatio-Temporel"
    },
    "variants": {
        "firstEdition": false,
        "holo": true,
        "normal": true,
        "reverse": true,
        "wPromo": false
    },
    "variants_detailed": [
        {
            "type": "normal",
            "size": "Standard"
        },
        {
            "type": "reverse",
            "size": "Standard"
        },
        {
            "type": "holo",
            "size": "Standard"
        }
    ],
    "hp": 130,
    "types": [
        "Électrique"
    ],
    "description": "Il est capable de voir à travers les murs pour chasser\ndes proies ou retrouver ses petits s'ils s'égarent.",
    "stage": "Niveau 2",
    "attacks": [
        {
            "cost": [
                "Électrique",
                "Électrique",
                "Électrique"
            ],
            "name": "Flèche Survoltée",
            "effect": "Défaussez toutes les Énergies {L} de ce Pokémon. Cette attaque inflige 120 dégâts à l'un des Pokémon de votre adversaire."
        }
    ],
    "weaknesses": [
        {
            "type": "Combat",
            "value": "+20"
        }
    ],
    "retreat": 0,
    "legal": {
        "standard": false,
        "expanded": false
    },
    "boosters": [
        {
            "id": "boo_A2-dialga",
            "name": "Dialga"
        }
    ],
    "updated": "2025-05-18T00:53:26+02:00",
    "pricing": {
        "cardmarket": null,
        "tcgplayer": null
    }
}