{
    "category": "Pokémon",
    "id": "A2-032",
    "illustrator": "Suwama Chiaki",
    "image": "https://assets.tcgdex.net/fr/tcgp/A2/032",
    "localId": "032",
    "name": "Cochignon",
    "rarity": "Deux Diamants",
    "set": {
        "cardCount": {
            "official": 140,
            "total": 207
        },
        "id": "A2",
        "name": "Choc Spatio-Temporel"
    },
    "variants": {
        "firstEdition": false,
        "holo": true,
        "normal": true,
        "reverse": true,
        "wPromo": false
    },
    "variants_detailed": [
        {
            "type": "normal",
            "size": "Standard"
        },
        {
            "type": "reverse",
            "size": "Standard"
        },
        {
            "type": "holo",
            "size": "Standard"
        }
    ],
    "hp": 110,
    "types": [
        "Eau"
    ],
    "description": "S'il charge un ennemi, les poils de son dos\nse dressent. Il est très sensible au bruit.",
    "stage": "Niveau 1",
    "abilities": [
        {
            "type": "Talent",
            "name": "Isograisse",
            "effect": "Ce Pokémon subit − 20 dégâts provenant des attaques des Pokémon {R} ou {W}."
        }
    ],
    "attacks": [
        {
            "cost": [
                "Eau",
                "Eau",
                "Incolore"
            ],
            "name": "Enfoncement",
            "damage": 60
        }
    ],
    "weaknesses": [
        {
            "type": "Métal",
            "value": "+20"
        }
    ],
    "retreat": 3,
    "legal": {
        "standard": false,
        "expanded": false
    },
    "boosters": [
        {
            "id": "boo_A2-dialga",
            "name": "Dialga"
        }
    ],
    "updated": "2025-05-18T00:53:26+02:00",
    "pricing": {
        "cardmarket": null,
        "tcgplayer": null
    }
}