{
    "category": "Pokémon",
    "id": "A2-053",
    "illustrator": "Yoshinobu Saito",
    "image": "https://assets.tcgdex.net/fr/tcgp/A2/053",
    "localId": "053",
    "name": "Magnézone",
    "rarity": "Trois Diamants",
    "set": {
        "cardCount": {
            "official": 140,
            "total": 207
        },
        "id": "A2",
        "name": "Choc Spatio-Temporel"
    },
    "variants": {
        "firstEdition": false,
        "holo": true,
        "normal": true,
        "reverse": true,
        "wPromo": false
    },
    "variants_detailed": [
        {
            "type": "normal",
            "size": "Standard"
        },
        {
            "type": "reverse",
            "size": "Standard"
        },
        {
            "type": "holo",
            "size": "Standard"
        }
    ],
    "hp": 140,
    "types": [
        "Électrique"
    ],
    "description": "Il parcourt le ciel en émettant et en\nrecevant des ondes bien mystérieuses.",
    "stage": "Niveau 2",
    "attacks": [
        {
            "cost": [
                "Électrique",
                "Incolore",
                "Incolore"
            ],
            "name": "Grondement de Tonnerre",
            "effect": "Défaussez une Énergie {L} de ce Pokémon.",
            "damage": 110
        }
    ],
    "weaknesses": [
        {
            "type": "Combat",
            "value": "+20"
        }
    ],
    "retreat": 2,
    "legal": {
        "standard": false,
        "expanded": false
    },
    "boosters": [
        {
            "id": "boo_A2-palkia",
            "name": "Palkia"
        },
        {
            "id": "boo_A2-dialga",
            "name": "Dialga"
        }
    ],
    "updated": "2025-05-18T00:53:26+02:00",
    "pricing": {
        "cardmarket": null,
        "tcgplayer": null
    }
}