{
    "category": "Pokémon",
    "id": "A2-077",
    "illustrator": "AKIRA EGAWA",
    "image": "https://assets.tcgdex.net/fr/tcgp/A2/077",
    "localId": "077",
    "name": "Créfadet",
    "rarity": "Deux Diamants",
    "set": {
        "cardCount": {
            "official": 140,
            "total": 207
        },
        "id": "A2",
        "name": "Choc Spatio-Temporel"
    },
    "variants": {
        "firstEdition": false,
        "holo": true,
        "normal": true,
        "reverse": true,
        "wPromo": false
    },
    "variants_detailed": [
        {
            "type": "normal",
            "size": "Standard"
        },
        {
            "type": "reverse",
            "size": "Standard"
        },
        {
            "type": "holo",
            "size": "Standard"
        }
    ],
    "hp": 70,
    "types": [
        "Psy"
    ],
    "description": "On l'appelle \" être de la volonté \". Il dort au fond\nd'un lac pour maintenir l'équilibre du monde.",
    "stage": "De base",
    "attacks": [
        {
            "cost": [
                "Psy"
            ],
            "name": "Flèche Psy",
            "effect": "Cette attaque inflige 20 dégâts à l'un des Pokémon de votre adversaire."
        }
    ],
    "weaknesses": [
        {
            "type": "Obscurité",
            "value": "+20"
        }
    ],
    "retreat": 1,
    "legal": {
        "standard": false,
        "expanded": false
    },
    "boosters": [
        {
            "id": "boo_A2-palkia",
            "name": "Palkia"
        },
        {
            "id": "boo_A2-dialga",
            "name": "Dialga"
        }
    ],
    "updated": "2025-05-18T00:53:26+02:00",
    "pricing": {
        "cardmarket": null,
        "tcgplayer": null
    }
}