{
    "category": "Pokémon",
    "id": "A2-072",
    "illustrator": "Suwama Chiaki",
    "image": "https://assets.tcgdex.net/fr/tcgp/A2/072",
    "localId": "072",
    "name": "Noctunoir",
    "rarity": "Trois Diamants",
    "set": {
        "cardCount": {
            "official": 140,
            "total": 207
        },
        "id": "A2",
        "name": "Choc Spatio-Temporel"
    },
    "variants": {
        "firstEdition": false,
        "holo": true,
        "normal": true,
        "reverse": true,
        "wPromo": false
    },
    "variants_detailed": [
        {
            "type": "normal",
            "size": "Standard"
        },
        {
            "type": "reverse",
            "size": "Standard"
        },
        {
            "type": "holo",
            "size": "Standard"
        }
    ],
    "hp": 130,
    "types": [
        "Psy"
    ],
    "description": "Nul ne sait s'il est doté d'une volonté propre.\nLes ondes du monde des esprits le poussent\nà conduire humains et Pokémon vers l'au-delà.",
    "stage": "Niveau 2",
    "abilities": [
        {
            "type": "Talent",
            "name": "Crevasse d'Ombre",
            "effect": "Autant de fois que vous le voulez pendant votre tour, vous pouvez choisir un de vos Pokémon qui a subi des dégâts et déplacer ses dégâts vers ce Pokémon."
        }
    ],
    "attacks": [
        {
            "cost": [
                "Psy",
                "Incolore",
                "Incolore"
            ],
            "name": "Dévoreur d'Âmes",
            "damage": 70
        }
    ],
    "weaknesses": [
        {
            "type": "Obscurité",
            "value": "+20"
        }
    ],
    "retreat": 2,
    "legal": {
        "standard": false,
        "expanded": false
    },
    "boosters": [
        {
            "id": "boo_A2-dialga",
            "name": "Dialga"
        }
    ],
    "updated": "2025-05-18T00:53:26+02:00",
    "pricing": {
        "cardmarket": null,
        "tcgplayer": null
    }
}