{
    "category": "Pokémon",
    "id": "A2-022",
    "illustrator": "Narumi Sato",
    "image": "https://assets.tcgdex.net/fr/tcgp/A2/022",
    "localId": "022",
    "name": "Shaymin",
    "rarity": "Trois Diamants",
    "set": {
        "cardCount": {
            "official": 140,
            "total": 207
        },
        "id": "A2",
        "name": "Choc Spatio-Temporel"
    },
    "variants": {
        "firstEdition": false,
        "holo": true,
        "normal": true,
        "reverse": true,
        "wPromo": false
    },
    "variants_detailed": [
        {
            "type": "normal",
            "size": "Standard"
        },
        {
            "type": "reverse",
            "size": "Standard"
        },
        {
            "type": "holo",
            "size": "Standard"
        }
    ],
    "hp": 60,
    "types": [
        "Plante"
    ],
    "description": "Il peut dissoudre les toxines dans l'air pour transformer\nun désert en un champ de fleurs luxuriantes.",
    "stage": "De base",
    "abilities": [
        {
            "type": "Talent",
            "name": "Jardin Fleuri Parfumé",
            "effect": "Une fois pendant votre tour, vous pouvez soigner 10 dégâts de chacun de vos Pokémon."
        }
    ],
    "attacks": [
        {
            "cost": [
                "Plante",
                "Incolore"
            ],
            "name": "Flop",
            "damage": 30
        }
    ],
    "weaknesses": [
        {
            "type": "Feu",
            "value": "+20"
        }
    ],
    "retreat": 1,
    "legal": {
        "standard": false,
        "expanded": false
    },
    "boosters": [
        {
            "id": "boo_A2-dialga",
            "name": "Dialga"
        }
    ],
    "updated": "2025-05-18T00:53:26+02:00",
    "pricing": {
        "cardmarket": null,
        "tcgplayer": null
    }
}