{
    "category": "Pokémon",
    "id": "A2-052",
    "illustrator": "Yumi",
    "image": "https://assets.tcgdex.net/fr/tcgp/A2/052",
    "localId": "052",
    "name": "Magnéton",
    "rarity": "Deux Diamants",
    "set": {
        "cardCount": {
            "official": 140,
            "total": 207
        },
        "id": "A2",
        "name": "Choc Spatio-Temporel"
    },
    "variants": {
        "firstEdition": false,
        "holo": true,
        "normal": true,
        "reverse": true,
        "wPromo": false
    },
    "variants_detailed": [
        {
            "type": "normal",
            "size": "Standard"
        },
        {
            "type": "reverse",
            "size": "Standard"
        },
        {
            "type": "holo",
            "size": "Standard"
        }
    ],
    "hp": 80,
    "types": [
        "Électrique"
    ],
    "description": "Le lien magnétique qui rattache ces trois Magnéti est si puissant\nqu'il fait mal aux oreilles si on s'en approche trop.",
    "stage": "Niveau 1",
    "attacks": [
        {
            "cost": [
                "Électrique",
                "Électrique"
            ],
            "name": "Boule Éclair",
            "damage": 50
        }
    ],
    "weaknesses": [
        {
            "type": "Combat",
            "value": "+20"
        }
    ],
    "retreat": 1,
    "legal": {
        "standard": false,
        "expanded": false
    },
    "boosters": [
        {
            "id": "boo_A2-palkia",
            "name": "Palkia"
        },
        {
            "id": "boo_A2-dialga",
            "name": "Dialga"
        }
    ],
    "updated": "2025-05-18T00:53:26+02:00",
    "pricing": {
        "cardmarket": null,
        "tcgplayer": null
    }
}