{
    "category": "Pokémon",
    "id": "A2-073",
    "illustrator": "Atsuko Nishida",
    "image": "https://assets.tcgdex.net/fr/tcgp/A2/073",
    "localId": "073",
    "name": "Baudrive",
    "rarity": "Un Diamant",
    "set": {
        "cardCount": {
            "official": 140,
            "total": 207
        },
        "id": "A2",
        "name": "Choc Spatio-Temporel"
    },
    "variants": {
        "firstEdition": false,
        "holo": true,
        "normal": true,
        "reverse": true,
        "wPromo": false
    },
    "variants_detailed": [
        {
            "type": "normal",
            "size": "Standard"
        },
        {
            "type": "reverse",
            "size": "Standard"
        },
        {
            "type": "holo",
            "size": "Standard"
        }
    ],
    "hp": 50,
    "types": [
        "Psy"
    ],
    "description": "On dit que les jeunes enfants qui agrippent Baudrive après\nl'avoir pris pour un ballon disparaissent sans laisser de traces.",
    "stage": "De base",
    "attacks": [
        {
            "cost": [
                "Psy"
            ],
            "name": "Développement",
            "effect": "Pendant le prochain tour de votre adversaire, ce Pokémon subit − 20 dégâts provenant des attaques.",
            "damage": 10
        }
    ],
    "weaknesses": [
        {
            "type": "Électrique",
            "value": "+20"
        }
    ],
    "retreat": 1,
    "legal": {
        "standard": false,
        "expanded": false
    },
    "boosters": [
        {
            "id": "boo_A2-dialga",
            "name": "Dialga"
        }
    ],
    "updated": "2025-05-18T00:53:26+02:00",
    "pricing": {
        "cardmarket": null,
        "tcgplayer": null
    }
}