{
    "category": "Pokémon",
    "id": "A2-095",
    "illustrator": "PLANETA CG Works",
    "image": "https://assets.tcgdex.net/fr/tcgp/A2/095",
    "localId": "095",
    "name": "Gallame-ex",
    "rarity": "Quatre Diamants",
    "set": {
        "cardCount": {
            "official": 140,
            "total": 207
        },
        "id": "A2",
        "name": "Choc Spatio-Temporel"
    },
    "variants": {
        "firstEdition": false,
        "holo": true,
        "normal": true,
        "reverse": true,
        "wPromo": false
    },
    "variants_detailed": [
        {
            "type": "normal",
            "size": "Standard"
        },
        {
            "type": "reverse",
            "size": "Standard"
        },
        {
            "type": "holo",
            "size": "Standard"
        }
    ],
    "hp": 170,
    "types": [
        "Combat"
    ],
    "stage": "Niveau 2",
    "suffix": "EX",
    "attacks": [
        {
            "cost": [
                "Combat",
                "Combat"
            ],
            "name": "Lame Énergisée",
            "effect": "Cette attaque inflige 20 dégâts de plus pour chaque Énergie attachée au Pokémon Actif de votre adversaire.",
            "damage": "70+"
        }
    ],
    "weaknesses": [
        {
            "type": "Psy",
            "value": "+20"
        }
    ],
    "retreat": 1,
    "legal": {
        "standard": false,
        "expanded": false
    },
    "boosters": [
        {
            "id": "boo_A2-dialga",
            "name": "Dialga"
        }
    ],
    "updated": "2025-05-18T00:53:26+02:00",
    "pricing": {
        "cardmarket": null,
        "tcgplayer": null
    }
}