{
    "category": "Pokémon",
    "id": "A2-080",
    "illustrator": "otumami",
    "image": "https://assets.tcgdex.net/fr/tcgp/A2/080",
    "localId": "080",
    "name": "Rhinocorne",
    "rarity": "Un Diamant",
    "set": {
        "cardCount": {
            "official": 140,
            "total": 207
        },
        "id": "A2",
        "name": "Choc Spatio-Temporel"
    },
    "variants": {
        "firstEdition": false,
        "holo": true,
        "normal": true,
        "reverse": true,
        "wPromo": false
    },
    "variants_detailed": [
        {
            "type": "normal",
            "size": "Standard"
        },
        {
            "type": "reverse",
            "size": "Standard"
        },
        {
            "type": "holo",
            "size": "Standard"
        }
    ],
    "hp": 80,
    "types": [
        "Combat"
    ],
    "description": "Costaud, mais pas très intelligent, ce Pokémon est capable\nde détruire un immeuble entier en fonçant dessus.",
    "stage": "De base",
    "attacks": [
        {
            "cost": [
                "Combat",
                "Incolore"
            ],
            "name": "Koud'Korne",
            "damage": 40
        }
    ],
    "weaknesses": [
        {
            "type": "Plante",
            "value": "+20"
        }
    ],
    "retreat": 3,
    "legal": {
        "standard": false,
        "expanded": false
    },
    "boosters": [
        {
            "id": "boo_A2-palkia",
            "name": "Palkia"
        }
    ],
    "updated": "2025-05-18T00:53:26+02:00",
    "pricing": {
        "cardmarket": null,
        "tcgplayer": null
    }
}