{
    "category": "Pokémon",
    "id": "A2-082",
    "illustrator": "Naoki Saito",
    "image": "https://assets.tcgdex.net/fr/tcgp/A2/082",
    "localId": "082",
    "name": "Rhinastoc",
    "rarity": "Trois Diamants",
    "set": {
        "cardCount": {
            "official": 140,
            "total": 207
        },
        "id": "A2",
        "name": "Choc Spatio-Temporel"
    },
    "variants": {
        "firstEdition": false,
        "holo": true,
        "normal": true,
        "reverse": true,
        "wPromo": false
    },
    "variants_detailed": [
        {
            "type": "normal",
            "size": "Standard"
        },
        {
            "type": "reverse",
            "size": "Standard"
        },
        {
            "type": "holo",
            "size": "Standard"
        }
    ],
    "hp": 160,
    "types": [
        "Combat"
    ],
    "description": "Il met des rochers ou des Nodulithe dans le creux de ses mains\net les tire comme des obus. Il peut ainsi en charger trois par bras.",
    "stage": "Niveau 2",
    "attacks": [
        {
            "cost": [
                "Combat",
                "Combat",
                "Combat",
                "Incolore"
            ],
            "name": "Frappe Montagneuse",
            "effect": "Défaussez les 3 premières cartes du dessus de votre deck.",
            "damage": 150
        }
    ],
    "weaknesses": [
        {
            "type": "Plante",
            "value": "+20"
        }
    ],
    "retreat": 4,
    "legal": {
        "standard": false,
        "expanded": false
    },
    "boosters": [
        {
            "id": "boo_A2-palkia",
            "name": "Palkia"
        }
    ],
    "updated": "2025-05-18T00:53:26+02:00",
    "pricing": {
        "cardmarket": null,
        "tcgplayer": null
    }
}