{
    "category": "Pokémon",
    "id": "A2-079",
    "illustrator": "Masako Tomii",
    "image": "https://assets.tcgdex.net/fr/tcgp/A2/079",
    "localId": "079",
    "name": "Cresselia",
    "rarity": "Trois Diamants",
    "set": {
        "cardCount": {
            "official": 140,
            "total": 207
        },
        "id": "A2",
        "name": "Choc Spatio-Temporel"
    },
    "variants": {
        "firstEdition": false,
        "holo": true,
        "normal": true,
        "reverse": true,
        "wPromo": false
    },
    "variants_detailed": [
        {
            "type": "normal",
            "size": "Standard"
        },
        {
            "type": "reverse",
            "size": "Standard"
        },
        {
            "type": "holo",
            "size": "Standard"
        }
    ],
    "hp": 110,
    "types": [
        "Psy"
    ],
    "description": "Ses ailes libèrent un rideau de particules brillantes.\nCe Pokémon symboliserait le croissant de lune.",
    "stage": "De base",
    "attacks": [
        {
            "cost": [
                "Psy",
                "Psy"
            ],
            "name": "Soin au Clair de Lune",
            "effect": "Soignez 20 dégâts de ce Pokémon.",
            "damage": 50
        }
    ],
    "weaknesses": [
        {
            "type": "Obscurité",
            "value": "+20"
        }
    ],
    "retreat": 2,
    "legal": {
        "standard": false,
        "expanded": false
    },
    "boosters": [
        {
            "id": "boo_A2-palkia",
            "name": "Palkia"
        }
    ],
    "updated": "2025-05-18T00:53:26+02:00",
    "pricing": {
        "cardmarket": null,
        "tcgplayer": null
    }
}