{
    "category": "Pokémon",
    "id": "A2-081",
    "illustrator": "Oswaldo KATO",
    "image": "https://assets.tcgdex.net/fr/tcgp/A2/081",
    "localId": "081",
    "name": "Rhinoféros",
    "rarity": "Deux Diamants",
    "set": {
        "cardCount": {
            "official": 140,
            "total": 207
        },
        "id": "A2",
        "name": "Choc Spatio-Temporel"
    },
    "variants": {
        "firstEdition": false,
        "holo": true,
        "normal": true,
        "reverse": true,
        "wPromo": false
    },
    "variants_detailed": [
        {
            "type": "normal",
            "size": "Standard"
        },
        {
            "type": "reverse",
            "size": "Standard"
        },
        {
            "type": "holo",
            "size": "Standard"
        }
    ],
    "hp": 110,
    "types": [
        "Combat"
    ],
    "description": "L'évolution a permis à ce Pokémon de marcher\nsur ses pattes postérieures. Il peut faire des trous\ndans les rochers en utilisant sa corne.",
    "stage": "Niveau 1",
    "attacks": [
        {
            "cost": [
                "Combat",
                "Combat",
                "Incolore"
            ],
            "name": "Réduire en Poussière",
            "damage": 70
        }
    ],
    "weaknesses": [
        {
            "type": "Plante",
            "value": "+20"
        }
    ],
    "retreat": 3,
    "legal": {
        "standard": false,
        "expanded": false
    },
    "boosters": [
        {
            "id": "boo_A2-palkia",
            "name": "Palkia"
        }
    ],
    "updated": "2025-05-18T00:53:26+02:00",
    "pricing": {
        "cardmarket": null,
        "tcgplayer": null
    }
}