{
    "category": "Pokémon",
    "id": "A2-028",
    "illustrator": "Masakazu Fukuda",
    "image": "https://assets.tcgdex.net/fr/tcgp/A2/028",
    "localId": "028",
    "name": "Chimpenfeu",
    "rarity": "Deux Diamants",
    "set": {
        "cardCount": {
            "official": 140,
            "total": 207
        },
        "id": "A2",
        "name": "Choc Spatio-Temporel"
    },
    "variants": {
        "firstEdition": false,
        "holo": true,
        "normal": true,
        "reverse": true,
        "wPromo": false
    },
    "variants_detailed": [
        {
            "type": "normal",
            "size": "Standard"
        },
        {
            "type": "reverse",
            "size": "Standard"
        },
        {
            "type": "holo",
            "size": "Standard"
        }
    ],
    "hp": 80,
    "types": [
        "Feu"
    ],
    "description": "Il contrôle habilement l'intensité de la flamme\nde sa queue pour maintenir une distance idéale\nentre lui et ses adversaires lors des combats.",
    "stage": "Niveau 1",
    "attacks": [
        {
            "cost": [
                "Feu"
            ],
            "name": "Poing de Feu",
            "damage": 30
        }
    ],
    "weaknesses": [
        {
            "type": "Eau",
            "value": "+20"
        }
    ],
    "retreat": 1,
    "legal": {
        "standard": false,
        "expanded": false
    },
    "boosters": [
        {
            "id": "boo_A2-palkia",
            "name": "Palkia"
        }
    ],
    "updated": "2025-05-18T00:53:26+02:00",
    "pricing": {
        "cardmarket": null,
        "tcgplayer": null
    }
}