{
    "category": "Pokémon",
    "id": "A2-003",
    "illustrator": "Naoyo Kimura",
    "image": "https://assets.tcgdex.net/fr/tcgp/A2/003",
    "localId": "003",
    "name": "Joliflor",
    "rarity": "Deux Diamants",
    "set": {
        "cardCount": {
            "official": 140,
            "total": 207
        },
        "id": "A2",
        "name": "Choc Spatio-Temporel"
    },
    "variants": {
        "firstEdition": false,
        "holo": true,
        "normal": true,
        "reverse": true,
        "wPromo": false
    },
    "variants_detailed": [
        {
            "type": "normal",
            "size": "Standard"
        },
        {
            "type": "reverse",
            "size": "Standard"
        },
        {
            "type": "holo",
            "size": "Standard"
        }
    ],
    "hp": 130,
    "types": [
        "Plante"
    ],
    "description": "Ce Pokémon vit en nombre dans les tropiques.\nQuand il danse, ses pétales frottent les uns\ncontre les autres et émettent un son mélodieux.",
    "stage": "Niveau 2",
    "attacks": [
        {
            "cost": [
                "Plante",
                "Plante"
            ],
            "name": "Enjambée de Feuillage",
            "damage": 80
        }
    ],
    "weaknesses": [
        {
            "type": "Feu",
            "value": "+20"
        }
    ],
    "retreat": 1,
    "legal": {
        "standard": false,
        "expanded": false
    },
    "boosters": [
        {
            "id": "boo_A2-palkia",
            "name": "Palkia"
        },
        {
            "id": "boo_A2-dialga",
            "name": "Dialga"
        }
    ],
    "updated": "2025-05-18T00:53:26+02:00",
    "pricing": {
        "cardmarket": null,
        "tcgplayer": null
    }
}