{
    "category": "Pokémon",
    "id": "A2-062",
    "illustrator": "Krgc",
    "image": "https://assets.tcgdex.net/fr/tcgp/A2/062",
    "localId": "062",
    "name": "Motisma",
    "rarity": "Un Diamant",
    "set": {
        "cardCount": {
            "official": 140,
            "total": 207
        },
        "id": "A2",
        "name": "Choc Spatio-Temporel"
    },
    "variants": {
        "firstEdition": false,
        "holo": true,
        "normal": true,
        "reverse": true,
        "wPromo": false
    },
    "variants_detailed": [
        {
            "type": "normal",
            "size": "Standard"
        },
        {
            "type": "reverse",
            "size": "Standard"
        },
        {
            "type": "holo",
            "size": "Standard"
        }
    ],
    "hp": 70,
    "types": [
        "Électrique"
    ],
    "description": "Son corps semblable à de l'électricité lui permet\nde prendre le contrôle de certains appareils\nménagers pour jouer des tours aux autres.",
    "stage": "De base",
    "attacks": [
        {
            "cost": [
                "Incolore"
            ],
            "name": "Laser d'Assaut",
            "effect": "Si un Outil Pokémon est attaché au Pokémon Actif de votre adversaire, cette attaque inflige 30 dégâts supplémentaires.",
            "damage": "20+"
        }
    ],
    "weaknesses": [
        {
            "type": "Combat",
            "value": "+20"
        }
    ],
    "retreat": 1,
    "legal": {
        "standard": false,
        "expanded": false
    },
    "boosters": [
        {
            "id": "boo_A2-palkia",
            "name": "Palkia"
        }
    ],
    "updated": "2025-05-18T00:53:26+02:00",
    "pricing": {
        "cardmarket": null,
        "tcgplayer": null
    }
}