{
    "category": "Pokémon",
    "id": "A2-011",
    "illustrator": "Sumiyoshi Kizuki",
    "image": "https://assets.tcgdex.net/fr/tcgp/A2/011",
    "localId": "011",
    "name": "Boskara",
    "rarity": "Deux Diamants",
    "set": {
        "cardCount": {
            "official": 140,
            "total": 207
        },
        "id": "A2",
        "name": "Choc Spatio-Temporel"
    },
    "variants": {
        "firstEdition": false,
        "holo": true,
        "normal": true,
        "reverse": true,
        "wPromo": false
    },
    "variants_detailed": [
        {
            "type": "normal",
            "size": "Standard"
        },
        {
            "type": "reverse",
            "size": "Standard"
        },
        {
            "type": "holo",
            "size": "Standard"
        }
    ],
    "hp": 100,
    "types": [
        "Plante"
    ],
    "description": "Il vit en forêt près de l'eau. En journée, il la\nquitte pour dorer sa carapace feuillue au soleil.",
    "stage": "Niveau 1",
    "attacks": [
        {
            "cost": [
                "Plante",
                "Plante",
                "Incolore"
            ],
            "name": "Tranch'Herbe",
            "damage": 60
        }
    ],
    "weaknesses": [
        {
            "type": "Feu",
            "value": "+20"
        }
    ],
    "retreat": 3,
    "legal": {
        "standard": false,
        "expanded": false
    },
    "boosters": [
        {
            "id": "boo_A2-palkia",
            "name": "Palkia"
        }
    ],
    "updated": "2025-05-18T00:53:26+02:00",
    "pricing": {
        "cardmarket": null,
        "tcgplayer": null
    }
}