{
    "category": "Pokémon",
    "id": "A2-046",
    "illustrator": "Naoyo Kimura",
    "image": "https://assets.tcgdex.net/fr/tcgp/A2/046",
    "localId": "046",
    "name": "Givrali",
    "rarity": "Trois Diamants",
    "set": {
        "cardCount": {
            "official": 140,
            "total": 207
        },
        "id": "A2",
        "name": "Choc Spatio-Temporel"
    },
    "variants": {
        "firstEdition": false,
        "holo": true,
        "normal": true,
        "reverse": true,
        "wPromo": false
    },
    "variants_detailed": [
        {
            "type": "normal",
            "size": "Standard"
        },
        {
            "type": "reverse",
            "size": "Standard"
        },
        {
            "type": "holo",
            "size": "Standard"
        }
    ],
    "hp": 90,
    "types": [
        "Eau"
    ],
    "description": "Il peut contrôler la température de son corps à volonté\net créer des cristaux de glace en gelant l'humidité de l'air.",
    "stage": "Niveau 1",
    "attacks": [
        {
            "cost": [
                "Eau",
                "Eau"
            ],
            "name": "Laser Glace",
            "effect": "Lancez une pièce. Si c'est face, le Pokémon Actif de votre adversaire est maintenant Paralysé.",
            "damage": 60
        }
    ],
    "weaknesses": [
        {
            "type": "Métal",
            "value": "+20"
        }
    ],
    "retreat": 1,
    "legal": {
        "standard": false,
        "expanded": false
    },
    "boosters": [
        {
            "id": "boo_A2-palkia",
            "name": "Palkia"
        }
    ],
    "updated": "2025-05-18T00:53:26+02:00",
    "pricing": {
        "cardmarket": null,
        "tcgplayer": null
    }
}