{
    "category": "Pokémon",
    "id": "A2-094",
    "illustrator": "KEIICHIRO ITO",
    "image": "https://assets.tcgdex.net/fr/tcgp/A2/094",
    "localId": "094",
    "name": "Hippodocus",
    "rarity": "Deux Diamants",
    "set": {
        "cardCount": {
            "official": 140,
            "total": 207
        },
        "id": "A2",
        "name": "Choc Spatio-Temporel"
    },
    "variants": {
        "firstEdition": false,
        "holo": true,
        "normal": true,
        "reverse": true,
        "wPromo": false
    },
    "variants_detailed": [
        {
            "type": "normal",
            "size": "Standard"
        },
        {
            "type": "reverse",
            "size": "Standard"
        },
        {
            "type": "holo",
            "size": "Standard"
        }
    ],
    "hp": 140,
    "types": [
        "Combat"
    ],
    "description": "Ce Pokémon s'énerve facilement. Il ouvre ses mâchoires\nau maximum pour intimider ses adversaires.",
    "stage": "Niveau 1",
    "attacks": [
        {
            "cost": [
                "Combat",
                "Combat",
                "Combat",
                "Incolore"
            ],
            "name": "Pression Tellurique",
            "damage": 120
        }
    ],
    "weaknesses": [
        {
            "type": "Plante",
            "value": "+20"
        }
    ],
    "retreat": 4,
    "legal": {
        "standard": false,
        "expanded": false
    },
    "boosters": [
        {
            "id": "boo_A2-palkia",
            "name": "Palkia"
        }
    ],
    "updated": "2025-05-18T00:53:26+02:00",
    "pricing": {
        "cardmarket": null,
        "tcgplayer": null
    }
}