{
    "category": "Pokémon",
    "id": "A2-039",
    "illustrator": "Kanako Eo",
    "image": "https://assets.tcgdex.net/fr/tcgp/A2/039",
    "localId": "039",
    "name": "Mustéflott",
    "rarity": "Deux Diamants",
    "set": {
        "cardCount": {
            "official": 140,
            "total": 207
        },
        "id": "A2",
        "name": "Choc Spatio-Temporel"
    },
    "variants": {
        "firstEdition": false,
        "holo": true,
        "normal": true,
        "reverse": true,
        "wPromo": false
    },
    "variants_detailed": [
        {
            "type": "normal",
            "size": "Standard"
        },
        {
            "type": "reverse",
            "size": "Standard"
        },
        {
            "type": "holo",
            "size": "Standard"
        }
    ],
    "hp": 90,
    "types": [
        "Eau"
    ],
    "description": "Il gonfle sa bouée pour permettre aux gens de\nmonter sur son dos et il la dégonfle pour plonger.",
    "stage": "Niveau 1",
    "attacks": [
        {
            "cost": [
                "Eau"
            ],
            "name": "Vis Express",
            "effect": "Lancez une pièce. Si c'est face, cette attaque inflige 30 dégâts de plus.",
            "damage": "30+"
        }
    ],
    "weaknesses": [
        {
            "type": "Électrique",
            "value": "+20"
        }
    ],
    "retreat": 1,
    "legal": {
        "standard": false,
        "expanded": false
    },
    "boosters": [
        {
            "id": "boo_A2-palkia",
            "name": "Palkia"
        },
        {
            "id": "boo_A2-dialga",
            "name": "Dialga"
        }
    ],
    "updated": "2025-05-18T00:53:26+02:00",
    "pricing": {
        "cardmarket": null,
        "tcgplayer": null
    }
}