{
    "category": "Pokémon",
    "id": "A2-044",
    "illustrator": "match",
    "image": "https://assets.tcgdex.net/fr/tcgp/A2/044",
    "localId": "044",
    "name": "Blizzi",
    "rarity": "Un Diamant",
    "set": {
        "cardCount": {
            "official": 140,
            "total": 207
        },
        "id": "A2",
        "name": "Choc Spatio-Temporel"
    },
    "variants": {
        "firstEdition": false,
        "holo": true,
        "normal": true,
        "reverse": true,
        "wPromo": false
    },
    "variants_detailed": [
        {
            "type": "normal",
            "size": "Standard"
        },
        {
            "type": "reverse",
            "size": "Standard"
        },
        {
            "type": "holo",
            "size": "Standard"
        }
    ],
    "hp": 70,
    "types": [
        "Eau"
    ],
    "description": "Il s'aventure jusqu'au pied des montagnes en hiver,\nmais se réfugie sur les pics neigeux au printemps.",
    "stage": "De base",
    "attacks": [
        {
            "cost": [
                "Eau"
            ],
            "name": "Éclats Glace",
            "effect": "Si le Pokémon Actif de votre adversaire est un Pokémon {F}, cette attaque inflige 30 dégâts supplémentaires.",
            "damage": "10+"
        }
    ],
    "weaknesses": [
        {
            "type": "Métal",
            "value": "+20"
        }
    ],
    "retreat": 2,
    "legal": {
        "standard": false,
        "expanded": false
    },
    "boosters": [
        {
            "id": "boo_A2-palkia",
            "name": "Palkia"
        },
        {
            "id": "boo_A2-dialga",
            "name": "Dialga"
        }
    ],
    "updated": "2025-05-18T00:53:26+02:00",
    "pricing": {
        "cardmarket": null,
        "tcgplayer": null
    }
}