{
    "category": "Pokémon",
    "id": "A2-076",
    "illustrator": "AKIRA EGAWA",
    "image": "https://assets.tcgdex.net/fr/tcgp/A2/076",
    "localId": "076",
    "name": "Créfollet",
    "rarity": "Trois Diamants",
    "set": {
        "cardCount": {
            "official": 140,
            "total": 207
        },
        "id": "A2",
        "name": "Choc Spatio-Temporel"
    },
    "variants": {
        "firstEdition": false,
        "holo": true,
        "normal": true,
        "reverse": true,
        "wPromo": false
    },
    "variants_detailed": [
        {
            "type": "normal",
            "size": "Standard"
        },
        {
            "type": "reverse",
            "size": "Standard"
        },
        {
            "type": "holo",
            "size": "Standard"
        }
    ],
    "hp": 70,
    "types": [
        "Psy"
    ],
    "description": "On l'appelle \" être de l'émotion \". Il enseigne aux\nhommes la beauté de la tristesse, la douleur et la joie.",
    "stage": "De base",
    "attacks": [
        {
            "cost": [
                "Psy",
                "Psy",
                "Psy"
            ],
            "name": "Explosion Suprême",
            "effect": "Vous ne pouvez utiliser cette attaque que si vous avez Créhelf et Créfadet sur votre Banc. Défaussez toutes les Énergies de ce Pokémon.",
            "damage": 160
        }
    ],
    "weaknesses": [
        {
            "type": "Obscurité",
            "value": "+20"
        }
    ],
    "retreat": 1,
    "legal": {
        "standard": false,
        "expanded": false
    },
    "boosters": [
        {
            "id": "boo_A2-palkia",
            "name": "Palkia"
        },
        {
            "id": "boo_A2-dialga",
            "name": "Dialga"
        }
    ],
    "updated": "2025-05-18T00:53:26+02:00",
    "pricing": {
        "cardmarket": null,
        "tcgplayer": null
    }
}