{
    "category": "Pokémon",
    "id": "A2-041",
    "illustrator": "Aya Kusube",
    "image": "https://assets.tcgdex.net/fr/tcgp/A2/041",
    "localId": "041",
    "name": "Tritosor",
    "rarity": "Deux Diamants",
    "set": {
        "cardCount": {
            "official": 140,
            "total": 207
        },
        "id": "A2",
        "name": "Choc Spatio-Temporel"
    },
    "variants": {
        "firstEdition": false,
        "holo": true,
        "normal": true,
        "reverse": true,
        "wPromo": false
    },
    "variants_detailed": [
        {
            "type": "normal",
            "size": "Standard"
        },
        {
            "type": "reverse",
            "size": "Standard"
        },
        {
            "type": "holo",
            "size": "Standard"
        }
    ],
    "hp": 120,
    "types": [
        "Eau"
    ],
    "description": "On le rencontre généralement sur les côtes, mais\nquand il pleut suffisamment longtemps, on peut\nl'apercevoir dans les montagnes, loin de la mer.",
    "stage": "Niveau 1",
    "attacks": [
        {
            "cost": [
                "Eau",
                "Incolore",
                "Incolore"
            ],
            "name": "Ocroupi",
            "effect": "Cette attaque inflige aussi 20 dégâts à un des Pokémon de Banc de votre adversaire.",
            "damage": 60
        }
    ],
    "weaknesses": [
        {
            "type": "Électrique",
            "value": "+20"
        }
    ],
    "retreat": 3,
    "legal": {
        "standard": false,
        "expanded": false
    },
    "boosters": [
        {
            "id": "boo_A2-palkia",
            "name": "Palkia"
        }
    ],
    "updated": "2025-05-18T00:53:26+02:00",
    "pricing": {
        "cardmarket": null,
        "tcgplayer": null
    }
}