{
    "category": "Pokémon",
    "id": "A2-037",
    "illustrator": "Satoshi Shirai",
    "image": "https://assets.tcgdex.net/fr/tcgp/A2/037",
    "localId": "037",
    "name": "Pingoléon",
    "rarity": "Trois Diamants",
    "set": {
        "cardCount": {
            "official": 140,
            "total": 207
        },
        "id": "A2",
        "name": "Choc Spatio-Temporel"
    },
    "variants": {
        "firstEdition": false,
        "holo": true,
        "normal": true,
        "reverse": true,
        "wPromo": false
    },
    "variants_detailed": [
        {
            "type": "normal",
            "size": "Standard"
        },
        {
            "type": "reverse",
            "size": "Standard"
        },
        {
            "type": "holo",
            "size": "Standard"
        }
    ],
    "hp": 150,
    "types": [
        "Eau"
    ],
    "description": "Il nage aussi vite qu'un hors-bord. Le tranchant de\nses ailes peut fendre un bloc de glace à la dérive.",
    "stage": "Niveau 2",
    "attacks": [
        {
            "cost": [
                "Eau",
                "Eau",
                "Incolore"
            ],
            "name": "Aqua-Jet",
            "effect": "Cette attaque inflige aussi 30 dégâts à un des Pokémon de Banc de votre adversaire.",
            "damage": 80
        }
    ],
    "weaknesses": [
        {
            "type": "Électrique",
            "value": "+20"
        }
    ],
    "retreat": 2,
    "legal": {
        "standard": false,
        "expanded": false
    },
    "boosters": [
        {
            "id": "boo_A2-palkia",
            "name": "Palkia"
        }
    ],
    "updated": "2025-05-18T00:53:26+02:00",
    "pricing": {
        "cardmarket": null,
        "tcgplayer": null
    }
}