{
    "category": "Pokémon",
    "id": "A2-059",
    "illustrator": "Naoki Saito",
    "image": "https://assets.tcgdex.net/fr/tcgp/A2/059",
    "localId": "059",
    "name": "Luxio",
    "rarity": "Deux Diamants",
    "set": {
        "cardCount": {
            "official": 140,
            "total": 207
        },
        "id": "A2",
        "name": "Choc Spatio-Temporel"
    },
    "variants": {
        "firstEdition": false,
        "holo": true,
        "normal": true,
        "reverse": true,
        "wPromo": false
    },
    "variants_detailed": [
        {
            "type": "normal",
            "size": "Standard"
        },
        {
            "type": "reverse",
            "size": "Standard"
        },
        {
            "type": "holo",
            "size": "Standard"
        }
    ],
    "hp": 90,
    "types": [
        "Électrique"
    ],
    "description": "Le courant qui circule à la pointe de ses griffes\naiguisées est tellement puissant que ses ennemis\nperdent connaissance au moindre effleurement.",
    "stage": "Niveau 1",
    "attacks": [
        {
            "cost": [
                "Électrique",
                "Incolore"
            ],
            "name": "Griffes Électriques",
            "damage": 40
        }
    ],
    "weaknesses": [
        {
            "type": "Combat",
            "value": "+20"
        }
    ],
    "retreat": 1,
    "legal": {
        "standard": false,
        "expanded": false
    },
    "boosters": [
        {
            "id": "boo_A2-dialga",
            "name": "Dialga"
        }
    ],
    "updated": "2025-05-18T00:53:26+02:00",
    "pricing": {
        "cardmarket": null,
        "tcgplayer": null
    }
}