{
    "category": "Pokémon",
    "id": "A2-092",
    "illustrator": "nagimiso",
    "image": "https://assets.tcgdex.net/fr/tcgp/A2/092",
    "localId": "092",
    "name": "Lucario",
    "rarity": "Trois Diamants",
    "set": {
        "cardCount": {
            "official": 140,
            "total": 207
        },
        "id": "A2",
        "name": "Choc Spatio-Temporel"
    },
    "variants": {
        "firstEdition": false,
        "holo": true,
        "normal": true,
        "reverse": true,
        "wPromo": false
    },
    "variants_detailed": [
        {
            "type": "normal",
            "size": "Standard"
        },
        {
            "type": "reverse",
            "size": "Standard"
        },
        {
            "type": "holo",
            "size": "Standard"
        }
    ],
    "hp": 100,
    "types": [
        "Combat"
    ],
    "description": "On dit qu'il peut repérer ses ennemis, même\nlorsqu'ils sont invisibles, car il ressent leur aura.",
    "stage": "Niveau 1",
    "abilities": [
        {
            "type": "Talent",
            "name": "Entraînement au Combat",
            "effect": "Les attaques de vos Pokémon {F} infligent + 20 dégâts au Pokémon Actif de votre adversaire."
        }
    ],
    "attacks": [
        {
            "cost": [
                "Combat",
                "Combat"
            ],
            "name": "Coup Sous-Marin",
            "damage": 40
        }
    ],
    "weaknesses": [
        {
            "type": "Psy",
            "value": "+20"
        }
    ],
    "retreat": 2,
    "legal": {
        "standard": false,
        "expanded": false
    },
    "boosters": [
        {
            "id": "boo_A2-dialga",
            "name": "Dialga"
        }
    ],
    "updated": "2025-05-18T00:53:26+02:00",
    "pricing": {
        "cardmarket": null,
        "tcgplayer": null
    }
}