{
    "category": "Pokémon",
    "id": "A2-040",
    "illustrator": "Teeziro",
    "image": "https://assets.tcgdex.net/fr/tcgp/A2/040",
    "localId": "040",
    "name": "Sancoki",
    "rarity": "Un Diamant",
    "set": {
        "cardCount": {
            "official": 140,
            "total": 207
        },
        "id": "A2",
        "name": "Choc Spatio-Temporel"
    },
    "variants": {
        "firstEdition": false,
        "holo": true,
        "normal": true,
        "reverse": true,
        "wPromo": false
    },
    "variants_detailed": [
        {
            "type": "normal",
            "size": "Standard"
        },
        {
            "type": "reverse",
            "size": "Standard"
        },
        {
            "type": "holo",
            "size": "Standard"
        }
    ],
    "hp": 70,
    "types": [
        "Eau"
    ],
    "description": "Il avait autrefois une coquille sur le dos. C'est un proche parent\nde Kokiyas et d'autres espèces de Pokémon similaires.",
    "stage": "De base",
    "attacks": [
        {
            "cost": [
                "Eau",
                "Incolore"
            ],
            "name": "Coud'Boue",
            "damage": 30
        }
    ],
    "weaknesses": [
        {
            "type": "Électrique",
            "value": "+20"
        }
    ],
    "retreat": 2,
    "legal": {
        "standard": false,
        "expanded": false
    },
    "boosters": [
        {
            "id": "boo_A2-palkia",
            "name": "Palkia"
        }
    ],
    "updated": "2025-05-18T00:53:26+02:00",
    "pricing": {
        "cardmarket": null,
        "tcgplayer": null
    }
}