{
    "category": "Pokémon",
    "id": "A2-054",
    "illustrator": "Midori Harada",
    "image": "https://assets.tcgdex.net/fr/tcgp/A2/054",
    "localId": "054",
    "name": "Voltorbe",
    "rarity": "Un Diamant",
    "set": {
        "cardCount": {
            "official": 140,
            "total": 207
        },
        "id": "A2",
        "name": "Choc Spatio-Temporel"
    },
    "variants": {
        "firstEdition": false,
        "holo": true,
        "normal": true,
        "reverse": true,
        "wPromo": false
    },
    "variants_detailed": [
        {
            "type": "normal",
            "size": "Standard"
        },
        {
            "type": "reverse",
            "size": "Standard"
        },
        {
            "type": "holo",
            "size": "Standard"
        }
    ],
    "hp": 60,
    "types": [
        "Électrique"
    ],
    "description": "Il se déplace en roulant. Si le sol est cabossé,\nles chocs le font exploser.",
    "stage": "De base",
    "attacks": [
        {
            "cost": [
                "Électrique"
            ],
            "name": "Grosse Explosion",
            "effect": "Ce Pokémon s'inflige aussi 10 dégâts.",
            "damage": 30
        }
    ],
    "weaknesses": [
        {
            "type": "Combat",
            "value": "+20"
        }
    ],
    "retreat": 1,
    "legal": {
        "standard": false,
        "expanded": false
    },
    "boosters": [
        {
            "id": "boo_A2-palkia",
            "name": "Palkia"
        },
        {
            "id": "boo_A2-dialga",
            "name": "Dialga"
        }
    ],
    "updated": "2025-05-18T00:53:26+02:00",
    "pricing": {
        "cardmarket": null,
        "tcgplayer": null
    }
}