{
    "category": "Pokémon",
    "id": "A2-049",
    "illustrator": "PLANETA CG Works",
    "image": "https://assets.tcgdex.net/fr/tcgp/A2/049",
    "localId": "049",
    "name": "Palkia-ex",
    "rarity": "Quatre Diamants",
    "set": {
        "cardCount": {
            "official": 140,
            "total": 207
        },
        "id": "A2",
        "name": "Choc Spatio-Temporel"
    },
    "variants": {
        "firstEdition": false,
        "holo": true,
        "normal": true,
        "reverse": true,
        "wPromo": false
    },
    "variants_detailed": [
        {
            "type": "normal",
            "size": "Standard"
        },
        {
            "type": "reverse",
            "size": "Standard"
        },
        {
            "type": "holo",
            "size": "Standard"
        }
    ],
    "hp": 150,
    "types": [
        "Eau"
    ],
    "stage": "De base",
    "suffix": "EX",
    "attacks": [
        {
            "cost": [
                "Eau"
            ],
            "name": "Tranche",
            "damage": 30
        },
        {
            "cost": [
                "Eau",
                "Eau",
                "Eau",
                "Incolore"
            ],
            "name": "Tempête Dimensionnelle",
            "effect": "Défaussez 3 Énergies {W} de ce Pokémon. Cette attaque inflige aussi 20 dégâts à chacun des Pokémon de Banc de votre adversaire.",
            "damage": 150
        }
    ],
    "weaknesses": [
        {
            "type": "Électrique",
            "value": "+20"
        }
    ],
    "retreat": 2,
    "legal": {
        "standard": false,
        "expanded": false
    },
    "boosters": [
        {
            "id": "boo_A2-palkia",
            "name": "Palkia"
        }
    ],
    "updated": "2025-05-18T00:53:26+02:00",
    "pricing": {
        "cardmarket": null,
        "tcgplayer": null
    }
}