{
    "category": "Pokémon",
    "id": "A2-058",
    "illustrator": "Shibuzoh.",
    "image": "https://assets.tcgdex.net/fr/tcgp/A2/058",
    "localId": "058",
    "name": "Lixy",
    "rarity": "Un Diamant",
    "set": {
        "cardCount": {
            "official": 140,
            "total": 207
        },
        "id": "A2",
        "name": "Choc Spatio-Temporel"
    },
    "variants": {
        "firstEdition": false,
        "holo": true,
        "normal": true,
        "reverse": true,
        "wPromo": false
    },
    "variants_detailed": [
        {
            "type": "normal",
            "size": "Standard"
        },
        {
            "type": "reverse",
            "size": "Standard"
        },
        {
            "type": "holo",
            "size": "Standard"
        }
    ],
    "hp": 60,
    "types": [
        "Électrique"
    ],
    "description": "Ses muscles génèrent un courant électrique lorsqu'ils\ntravaillent. Son corps s'illumine en cas de danger.",
    "stage": "De base",
    "attacks": [
        {
            "cost": [
                "Électrique"
            ],
            "name": "Cachette",
            "effect": "Lancez une pièce. Si c'est face, pendant le prochain tour de votre adversaire, évitez tous les dégâts et les effets d'attaques infligés à ce Pokémon."
        }
    ],
    "weaknesses": [
        {
            "type": "Combat",
            "value": "+20"
        }
    ],
    "retreat": 1,
    "legal": {
        "standard": false,
        "expanded": false
    },
    "boosters": [
        {
            "id": "boo_A2-dialga",
            "name": "Dialga"
        }
    ],
    "updated": "2025-05-18T00:53:26+02:00",
    "pricing": {
        "cardmarket": null,
        "tcgplayer": null
    }
}