{
    "category": "Pokémon",
    "id": "A2-025",
    "illustrator": "Naoyo Kimura",
    "image": "https://assets.tcgdex.net/fr/tcgp/A2/025",
    "localId": "025",
    "name": "Limagma",
    "rarity": "Un Diamant",
    "set": {
        "cardCount": {
            "official": 140,
            "total": 207
        },
        "id": "A2",
        "name": "Choc Spatio-Temporel"
    },
    "variants": {
        "firstEdition": false,
        "holo": true,
        "normal": true,
        "reverse": true,
        "wPromo": false
    },
    "variants_detailed": [
        {
            "type": "normal",
            "size": "Standard"
        },
        {
            "type": "reverse",
            "size": "Standard"
        },
        {
            "type": "holo",
            "size": "Standard"
        }
    ],
    "hp": 70,
    "types": [
        "Feu"
    ],
    "description": "Commun dans les régions volcaniques, il se déplace\nsans cesse pour trouver des endroits chauds.",
    "stage": "De base",
    "attacks": [
        {
            "cost": [
                "Feu"
            ],
            "name": "Flamboiement",
            "damage": 20
        }
    ],
    "weaknesses": [
        {
            "type": "Eau",
            "value": "+20"
        }
    ],
    "retreat": 2,
    "legal": {
        "standard": false,
        "expanded": false
    },
    "boosters": [
        {
            "id": "boo_A2-palkia",
            "name": "Palkia"
        },
        {
            "id": "boo_A2-dialga",
            "name": "Dialga"
        }
    ],
    "updated": "2025-05-18T00:53:26+02:00",
    "pricing": {
        "cardmarket": null,
        "tcgplayer": null
    }
}