{
    "category": "Pokémon",
    "id": "A2-024",
    "illustrator": "KEIICHIRO ITO",
    "image": "https://assets.tcgdex.net/fr/tcgp/A2/024",
    "localId": "024",
    "name": "Maganon",
    "rarity": "Trois Diamants",
    "set": {
        "cardCount": {
            "official": 140,
            "total": 207
        },
        "id": "A2",
        "name": "Choc Spatio-Temporel"
    },
    "variants": {
        "firstEdition": false,
        "holo": true,
        "normal": true,
        "reverse": true,
        "wPromo": false
    },
    "variants_detailed": [
        {
            "type": "normal",
            "size": "Standard"
        },
        {
            "type": "reverse",
            "size": "Standard"
        },
        {
            "type": "holo",
            "size": "Standard"
        }
    ],
    "hp": 130,
    "types": [
        "Feu"
    ],
    "description": "Quand il inspire profondément, les flammes dans son\nventre gagnent en intensité et atteignent les 2 000 °C.",
    "stage": "Niveau 1",
    "attacks": [
        {
            "cost": [
                "Feu",
                "Feu",
                "Feu",
                "Feu"
            ],
            "name": "Enfer Explosif",
            "effect": "Le Pokémon Actif de votre adversaire est maintenant Brûlé.",
            "damage": 100
        }
    ],
    "weaknesses": [
        {
            "type": "Eau",
            "value": "+20"
        }
    ],
    "retreat": 3,
    "legal": {
        "standard": false,
        "expanded": false
    },
    "boosters": [
        {
            "id": "boo_A2-palkia",
            "name": "Palkia"
        }
    ],
    "updated": "2025-05-18T00:53:26+02:00",
    "pricing": {
        "cardmarket": null,
        "tcgplayer": null
    }
}