{
    "category": "Pokémon",
    "id": "A2-005",
    "illustrator": "kodama",
    "image": "https://assets.tcgdex.net/fr/tcgp/A2/005",
    "localId": "005",
    "name": "Bouldeneu",
    "rarity": "Deux Diamants",
    "set": {
        "cardCount": {
            "official": 140,
            "total": 207
        },
        "id": "A2",
        "name": "Choc Spatio-Temporel"
    },
    "variants": {
        "firstEdition": false,
        "holo": true,
        "normal": true,
        "reverse": true,
        "wPromo": false
    },
    "variants_detailed": [
        {
            "type": "normal",
            "size": "Standard"
        },
        {
            "type": "reverse",
            "size": "Standard"
        },
        {
            "type": "holo",
            "size": "Standard"
        }
    ],
    "hp": 130,
    "types": [
        "Plante"
    ],
    "description": "La science a récemment découvert que\nles deux bras qu'il peut allonger à volonté\nsont en fait des lianes entrelacées.",
    "stage": "Niveau 1",
    "attacks": [
        {
            "cost": [
                "Plante",
                "Plante",
                "Plante",
                "Incolore"
            ],
            "name": "Méga-Sangsue",
            "effect": "Soignez 30 dégâts de ce Pokémon.",
            "damage": 90
        }
    ],
    "weaknesses": [
        {
            "type": "Feu",
            "value": "+20"
        }
    ],
    "retreat": 3,
    "legal": {
        "standard": false,
        "expanded": false
    },
    "boosters": [
        {
            "id": "boo_A2-dialga",
            "name": "Dialga"
        }
    ],
    "updated": "2025-05-18T00:53:26+02:00",
    "pricing": {
        "cardmarket": null,
        "tcgplayer": null
    }
}