{
    "category": "Pokémon",
    "id": "A2-057",
    "illustrator": "kawayoo",
    "image": "https://assets.tcgdex.net/fr/tcgp/A2/057",
    "localId": "057",
    "name": "Élekable",
    "rarity": "Trois Diamants",
    "set": {
        "cardCount": {
            "official": 140,
            "total": 207
        },
        "id": "A2",
        "name": "Choc Spatio-Temporel"
    },
    "variants": {
        "firstEdition": false,
        "holo": true,
        "normal": true,
        "reverse": true,
        "wPromo": false
    },
    "variants_detailed": [
        {
            "type": "normal",
            "size": "Standard"
        },
        {
            "type": "reverse",
            "size": "Standard"
        },
        {
            "type": "holo",
            "size": "Standard"
        }
    ],
    "hp": 120,
    "types": [
        "Électrique"
    ],
    "description": "La quantité d'électricité qu'il génère est\nproportionnelle à son pouls. Quand il livre\nun combat, son voltage augmente aussitôt.",
    "stage": "Niveau 1",
    "attacks": [
        {
            "cost": [
                "Électrique",
                "Électrique"
            ],
            "name": "Voltage Amplifié",
            "effect": "Si ce Pokémon a au moins 2 Énergies {L} de plus, cette attaque inflige 80 dégâts supplémentaires.",
            "damage": "40+"
        }
    ],
    "weaknesses": [
        {
            "type": "Combat",
            "value": "+20"
        }
    ],
    "retreat": 3,
    "legal": {
        "standard": false,
        "expanded": false
    },
    "boosters": [
        {
            "id": "boo_A2-dialga",
            "name": "Dialga"
        }
    ],
    "updated": "2025-05-18T00:53:26+02:00",
    "pricing": {
        "cardmarket": null,
        "tcgplayer": null
    }
}