{
    "category": "Pokémon",
    "id": "A2-068",
    "illustrator": "Miki Tanaka",
    "image": "https://assets.tcgdex.net/fr/tcgp/A2/068",
    "localId": "068",
    "name": "Tarsal",
    "rarity": "Un Diamant",
    "set": {
        "cardCount": {
            "official": 140,
            "total": 207
        },
        "id": "A2",
        "name": "Choc Spatio-Temporel"
    },
    "variants": {
        "firstEdition": false,
        "holo": true,
        "normal": true,
        "reverse": true,
        "wPromo": false
    },
    "variants_detailed": [
        {
            "type": "normal",
            "size": "Standard"
        },
        {
            "type": "reverse",
            "size": "Standard"
        },
        {
            "type": "holo",
            "size": "Standard"
        }
    ],
    "hp": 60,
    "types": [
        "Psy"
    ],
    "description": "Il perçoit très précisément les émotions humaines\ngrâce aux cornes rouges sur sa tête.",
    "stage": "De base",
    "attacks": [
        {
            "cost": [
                "Incolore"
            ],
            "name": "Téléport",
            "effect": "Échangez ce Pokémon contre l'un de vos Pokémon de Banc."
        }
    ],
    "weaknesses": [
        {
            "type": "Obscurité",
            "value": "+20"
        }
    ],
    "retreat": 1,
    "legal": {
        "standard": false,
        "expanded": false
    },
    "boosters": [
        {
            "id": "boo_A2-dialga",
            "name": "Dialga"
        }
    ],
    "updated": "2025-05-18T00:53:26+02:00",
    "pricing": {
        "cardmarket": null,
        "tcgplayer": null
    }
}