{
    "category": "Pokémon",
    "id": "A2-050",
    "illustrator": "MINAMINAMI Take",
    "image": "https://assets.tcgdex.net/fr/tcgp/A2/050",
    "localId": "050",
    "name": "Manaphy",
    "rarity": "Deux Diamants",
    "set": {
        "cardCount": {
            "official": 140,
            "total": 207
        },
        "id": "A2",
        "name": "Choc Spatio-Temporel"
    },
    "variants": {
        "firstEdition": false,
        "holo": true,
        "normal": true,
        "reverse": true,
        "wPromo": false
    },
    "variants_detailed": [
        {
            "type": "normal",
            "size": "Standard"
        },
        {
            "type": "reverse",
            "size": "Standard"
        },
        {
            "type": "holo",
            "size": "Standard"
        }
    ],
    "hp": 50,
    "types": [
        "Eau"
    ],
    "description": "Il est né avec le pouvoir incroyable de créer\ndes liens avec n'importe quel Pokémon.",
    "stage": "De base",
    "attacks": [
        {
            "cost": [
                "Eau"
            ],
            "name": "Cadeau de l'Océan",
            "effect": "Choisissez 2 de vos Pokémon de Banc. Pour chacun de ces Pokémon, prenez une Énergie {W} de votre zone Énergie et attachez-la à ce Pokémon."
        }
    ],
    "weaknesses": [
        {
            "type": "Électrique",
            "value": "+20"
        }
    ],
    "retreat": 1,
    "legal": {
        "standard": false,
        "expanded": false
    },
    "boosters": [
        {
            "id": "boo_A2-palkia",
            "name": "Palkia"
        }
    ],
    "updated": "2025-05-18T00:53:26+02:00",
    "pricing": {
        "cardmarket": null,
        "tcgplayer": null
    }
}