{
    "category": "Pokémon",
    "id": "A2-002",
    "illustrator": "Shibuzoh.",
    "image": "https://assets.tcgdex.net/fr/tcgp/A2/002",
    "localId": "002",
    "name": "Ortide",
    "rarity": "Un Diamant",
    "set": {
        "cardCount": {
            "official": 140,
            "total": 207
        },
        "id": "A2",
        "name": "Choc Spatio-Temporel"
    },
    "variants": {
        "firstEdition": false,
        "holo": true,
        "normal": true,
        "reverse": true,
        "wPromo": false
    },
    "variants_detailed": [
        {
            "type": "normal",
            "size": "Standard"
        },
        {
            "type": "reverse",
            "size": "Standard"
        },
        {
            "type": "holo",
            "size": "Standard"
        }
    ],
    "hp": 80,
    "types": [
        "Plante"
    ],
    "description": "Ses pistils sécrètent une odeur incroyablement fétide qui fait\nperdre connaissance à ses adversaires jusqu'à 2 km à la ronde.",
    "stage": "Niveau 1",
    "attacks": [
        {
            "cost": [
                "Plante"
            ],
            "name": "Tranch'Herbe",
            "damage": 30
        }
    ],
    "weaknesses": [
        {
            "type": "Feu",
            "value": "+20"
        }
    ],
    "retreat": 2,
    "legal": {
        "standard": false,
        "expanded": false
    },
    "boosters": [
        {
            "id": "boo_A2-palkia",
            "name": "Palkia"
        },
        {
            "id": "boo_A2-dialga",
            "name": "Dialga"
        }
    ],
    "updated": "2025-05-18T00:53:26+02:00",
    "pricing": {
        "cardmarket": null,
        "tcgplayer": null
    }
}