{
    "category": "Pokémon",
    "id": "A2-033",
    "illustrator": "match",
    "image": "https://assets.tcgdex.net/fr/tcgp/A2/033",
    "localId": "033",
    "name": "Mammochon",
    "rarity": "Trois Diamants",
    "set": {
        "cardCount": {
            "official": 140,
            "total": 207
        },
        "id": "A2",
        "name": "Choc Spatio-Temporel"
    },
    "variants": {
        "firstEdition": false,
        "holo": true,
        "normal": true,
        "reverse": true,
        "wPromo": false
    },
    "variants_detailed": [
        {
            "type": "normal",
            "size": "Standard"
        },
        {
            "type": "reverse",
            "size": "Standard"
        },
        {
            "type": "holo",
            "size": "Standard"
        }
    ],
    "hp": 160,
    "types": [
        "Eau"
    ],
    "description": "On le retrouve dessiné sur des fresques\nmurales vieilles de 10 000 ans. On a cru pendant\nun temps que son espèce s'était éteinte.",
    "stage": "Niveau 2",
    "abilities": [
        {
            "type": "Talent",
            "name": "Isograisse",
            "effect": "Ce Pokémon subit − 30 dégâts provenant des attaques des Pokémon {R} ou {W}."
        }
    ],
    "attacks": [
        {
            "cost": [
                "Eau",
                "Eau",
                "Incolore",
                "Incolore"
            ],
            "name": "Aplatissement Givré",
            "damage": 120
        }
    ],
    "weaknesses": [
        {
            "type": "Métal",
            "value": "+20"
        }
    ],
    "retreat": 4,
    "legal": {
        "standard": false,
        "expanded": false
    },
    "boosters": [
        {
            "id": "boo_A2-dialga",
            "name": "Dialga"
        }
    ],
    "updated": "2025-05-18T00:53:26+02:00",
    "pricing": {
        "cardmarket": null,
        "tcgplayer": null
    }
}