{
    "category": "Pokémon",
    "id": "A2-018",
    "illustrator": "chibi",
    "image": "https://assets.tcgdex.net/fr/tcgp/A2/018",
    "localId": "018",
    "name": "Apireine",
    "rarity": "Deux Diamants",
    "set": {
        "cardCount": {
            "official": 140,
            "total": 207
        },
        "id": "A2",
        "name": "Choc Spatio-Temporel"
    },
    "variants": {
        "firstEdition": false,
        "holo": true,
        "normal": true,
        "reverse": true,
        "wPromo": false
    },
    "variants_detailed": [
        {
            "type": "normal",
            "size": "Standard"
        },
        {
            "type": "reverse",
            "size": "Standard"
        },
        {
            "type": "holo",
            "size": "Standard"
        }
    ],
    "hp": 100,
    "types": [
        "Plante"
    ],
    "description": "Son abdomen abrite ses petits, qu'il\ncontrôle grâce à des phéromones.",
    "stage": "Niveau 1",
    "attacks": [
        {
            "cost": [
                "Plante",
                "Plante"
            ],
            "name": "Transpercement",
            "damage": 70
        }
    ],
    "weaknesses": [
        {
            "type": "Feu",
            "value": "+20"
        }
    ],
    "retreat": 2,
    "legal": {
        "standard": false,
        "expanded": false
    },
    "boosters": [
        {
            "id": "boo_A2-dialga",
            "name": "Dialga"
        }
    ],
    "updated": "2025-05-18T00:53:26+02:00",
    "pricing": {
        "cardmarket": null,
        "tcgplayer": null
    }
}