{
    "category": "Pokémon",
    "id": "A2-071",
    "illustrator": "Sumiyoshi Kizuki",
    "image": "https://assets.tcgdex.net/fr/tcgp/A2/071",
    "localId": "071",
    "name": "Téraclope",
    "rarity": "Deux Diamants",
    "set": {
        "cardCount": {
            "official": 140,
            "total": 207
        },
        "id": "A2",
        "name": "Choc Spatio-Temporel"
    },
    "variants": {
        "firstEdition": false,
        "holo": true,
        "normal": true,
        "reverse": true,
        "wPromo": false
    },
    "variants_detailed": [
        {
            "type": "normal",
            "size": "Standard"
        },
        {
            "type": "reverse",
            "size": "Standard"
        },
        {
            "type": "holo",
            "size": "Standard"
        }
    ],
    "hp": 90,
    "types": [
        "Psy"
    ],
    "description": "Il cherche des feux follets pour les avaler.\nCe qu'il se passe alors à l'intérieur\nde son corps vide est un mystère.",
    "stage": "Niveau 1",
    "attacks": [
        {
            "cost": [
                "Psy",
                "Incolore",
                "Incolore"
            ],
            "name": "Coup de Poing Psy",
            "damage": 50
        }
    ],
    "weaknesses": [
        {
            "type": "Obscurité",
            "value": "+20"
        }
    ],
    "retreat": 2,
    "legal": {
        "standard": false,
        "expanded": false
    },
    "boosters": [
        {
            "id": "boo_A2-dialga",
            "name": "Dialga"
        }
    ],
    "updated": "2025-05-18T00:53:26+02:00",
    "pricing": {
        "cardmarket": null,
        "tcgplayer": null
    }
}