{
    "category": "Pokémon",
    "id": "A2-089",
    "illustrator": "Yoshinobu Saito",
    "image": "https://assets.tcgdex.net/fr/tcgp/A2/089",
    "localId": "089",
    "name": "Charkos",
    "rarity": "Trois Diamants",
    "set": {
        "cardCount": {
            "official": 140,
            "total": 207
        },
        "id": "A2",
        "name": "Choc Spatio-Temporel"
    },
    "variants": {
        "firstEdition": false,
        "holo": true,
        "normal": true,
        "reverse": true,
        "wPromo": false
    },
    "variants_detailed": [
        {
            "type": "normal",
            "size": "Standard"
        },
        {
            "type": "reverse",
            "size": "Standard"
        },
        {
            "type": "holo",
            "size": "Standard"
        }
    ],
    "hp": 150,
    "types": [
        "Combat"
    ],
    "description": "Il y a bien longtemps, les hommes fabriquaient\ndes casques plus solides que l'acier à partir\nde crânes de Charkos fossilisés.",
    "stage": "Niveau 2",
    "attacks": [
        {
            "cost": [
                "Combat"
            ],
            "name": "Fracass'Tête",
            "effect": "Si le Pokémon de l'adversaire est mis K.O. par les dégâts de cette attaque, ce Pokémon s'inflige aussi 50 dégâts.",
            "damage": 130
        }
    ],
    "weaknesses": [
        {
            "type": "Plante",
            "value": "+20"
        }
    ],
    "retreat": 2,
    "legal": {
        "standard": false,
        "expanded": false
    },
    "boosters": [
        {
            "id": "boo_A2-dialga",
            "name": "Dialga"
        }
    ],
    "updated": "2025-05-18T00:53:26+02:00",
    "pricing": {
        "cardmarket": null,
        "tcgplayer": null
    }
}