{
    "category": "Pokémon",
    "id": "A2-047",
    "illustrator": "Saboteri",
    "image": "https://assets.tcgdex.net/fr/tcgp/A2/047",
    "localId": "047",
    "name": "Motisma Lavage",
    "rarity": "Un Diamant",
    "set": {
        "cardCount": {
            "official": 140,
            "total": 207
        },
        "id": "A2",
        "name": "Choc Spatio-Temporel"
    },
    "variants": {
        "firstEdition": false,
        "holo": true,
        "normal": true,
        "reverse": true,
        "wPromo": false
    },
    "variants_detailed": [
        {
            "type": "normal",
            "size": "Standard"
        },
        {
            "type": "reverse",
            "size": "Standard"
        },
        {
            "type": "holo",
            "size": "Standard"
        }
    ],
    "hp": 80,
    "types": [
        "Eau"
    ],
    "description": "Ce Motisma a pris possession d'une machine à laver.\nIl provoque des inondations puis hoche la tête d'un air satisfait.",
    "stage": "De base",
    "attacks": [
        {
            "cost": [
                "Eau"
            ],
            "name": "Grosse Vague",
            "damage": 30
        }
    ],
    "weaknesses": [
        {
            "type": "Électrique",
            "value": "+20"
        }
    ],
    "retreat": 2,
    "legal": {
        "standard": false,
        "expanded": false
    },
    "boosters": [
        {
            "id": "boo_A2-palkia",
            "name": "Palkia"
        },
        {
            "id": "boo_A2-dialga",
            "name": "Dialga"
        }
    ],
    "updated": "2025-05-18T00:53:26+02:00",
    "pricing": {
        "cardmarket": null,
        "tcgplayer": null
    }
}