{
    "category": "Pokémon",
    "id": "A2-065",
    "illustrator": "kawayoo",
    "image": "https://assets.tcgdex.net/fr/tcgp/A2/065",
    "localId": "065",
    "name": "Togekiss",
    "rarity": "Trois Diamants",
    "set": {
        "cardCount": {
            "official": 140,
            "total": 207
        },
        "id": "A2",
        "name": "Choc Spatio-Temporel"
    },
    "variants": {
        "firstEdition": false,
        "holo": true,
        "normal": true,
        "reverse": true,
        "wPromo": false
    },
    "variants_detailed": [
        {
            "type": "normal",
            "size": "Standard"
        },
        {
            "type": "reverse",
            "size": "Standard"
        },
        {
            "type": "holo",
            "size": "Standard"
        }
    ],
    "hp": 140,
    "types": [
        "Psy"
    ],
    "description": "Il ne se montre jamais en temps de guerre ou de\nconflit. Ces derniers temps, il est rare de le croiser.",
    "stage": "Niveau 2",
    "attacks": [
        {
            "cost": [
                "Psy",
                "Psy"
            ],
            "name": "Boost Atomisant",
            "effect": "Pendant votre prochain tour, l'attaque Boost Atomisant de ce Pokémon inflige + 60 dégâts.",
            "damage": 60
        }
    ],
    "weaknesses": [
        {
            "type": "Métal",
            "value": "+20"
        }
    ],
    "retreat": 1,
    "legal": {
        "standard": false,
        "expanded": false
    },
    "boosters": [
        {
            "id": "boo_A2-palkia",
            "name": "Palkia"
        },
        {
            "id": "boo_A2-dialga",
            "name": "Dialga"
        }
    ],
    "updated": "2025-05-18T00:53:26+02:00",
    "pricing": {
        "cardmarket": null,
        "tcgplayer": null
    }
}