{
    "category": "Pokémon",
    "id": "A2-087",
    "illustrator": "Tomokazu Komiya",
    "image": "https://assets.tcgdex.net/fr/tcgp/A2/087",
    "localId": "087",
    "name": "Regirock",
    "rarity": "Deux Diamants",
    "set": {
        "cardCount": {
            "official": 140,
            "total": 207
        },
        "id": "A2",
        "name": "Choc Spatio-Temporel"
    },
    "variants": {
        "firstEdition": false,
        "holo": true,
        "normal": true,
        "reverse": true,
        "wPromo": false
    },
    "variants_detailed": [
        {
            "type": "normal",
            "size": "Standard"
        },
        {
            "type": "reverse",
            "size": "Standard"
        },
        {
            "type": "holo",
            "size": "Standard"
        }
    ],
    "hp": 120,
    "types": [
        "Combat"
    ],
    "description": "Il est entièrement composé de pierre. Si jamais une partie\nde son corps s'effrite, il la répare en y collant des rochers.",
    "stage": "De base",
    "abilities": [
        {
            "type": "Talent",
            "name": "Exosquelette",
            "effect": "Ce Pokémon subit − 20 dégâts provenant des attaques."
        }
    ],
    "attacks": [
        {
            "cost": [
                "Combat",
                "Combat",
                "Combat",
                "Incolore"
            ],
            "name": "Rocher Écrasant",
            "damage": 100
        }
    ],
    "weaknesses": [
        {
            "type": "Plante",
            "value": "+20"
        }
    ],
    "retreat": 3,
    "legal": {
        "standard": false,
        "expanded": false
    },
    "boosters": [
        {
            "id": "boo_A2-palkia",
            "name": "Palkia"
        },
        {
            "id": "boo_A2-dialga",
            "name": "Dialga"
        }
    ],
    "updated": "2025-05-18T00:53:26+02:00",
    "pricing": {
        "cardmarket": null,
        "tcgplayer": null
    }
}