{
    "category": "Pokémon",
    "id": "A2-008",
    "illustrator": "kirisAki",
    "image": "https://assets.tcgdex.net/fr/tcgp/A2/008",
    "localId": "008",
    "name": "Rosélia",
    "rarity": "Un Diamant",
    "set": {
        "cardCount": {
            "official": 140,
            "total": 207
        },
        "id": "A2",
        "name": "Choc Spatio-Temporel"
    },
    "variants": {
        "firstEdition": false,
        "holo": true,
        "normal": true,
        "reverse": true,
        "wPromo": false
    },
    "variants_detailed": [
        {
            "type": "normal",
            "size": "Standard"
        },
        {
            "type": "reverse",
            "size": "Standard"
        },
        {
            "type": "holo",
            "size": "Standard"
        }
    ],
    "hp": 70,
    "types": [
        "Plante"
    ],
    "description": "Ses fleurs dégagent un parfum relaxant. Plus cet\narôme est fort, meilleure est la santé de Rosélia.",
    "stage": "De base",
    "attacks": [
        {
            "cost": [
                "Plante"
            ],
            "name": "Dard",
            "damage": 20
        }
    ],
    "weaknesses": [
        {
            "type": "Feu",
            "value": "+20"
        }
    ],
    "retreat": 1,
    "legal": {
        "standard": false,
        "expanded": false
    },
    "boosters": [
        {
            "id": "boo_A2-palkia",
            "name": "Palkia"
        },
        {
            "id": "boo_A2-dialga",
            "name": "Dialga"
        }
    ],
    "updated": "2025-05-18T00:53:26+02:00",
    "pricing": {
        "cardmarket": null,
        "tcgplayer": null
    }
}