{
    "category": "Pokémon",
    "id": "A2-084",
    "illustrator": "Mizue",
    "image": "https://assets.tcgdex.net/fr/tcgp/A2/084",
    "localId": "084",
    "name": "Scorvol",
    "rarity": "Deux Diamants",
    "set": {
        "cardCount": {
            "official": 140,
            "total": 207
        },
        "id": "A2",
        "name": "Choc Spatio-Temporel"
    },
    "variants": {
        "firstEdition": false,
        "holo": true,
        "normal": true,
        "reverse": true,
        "wPromo": false
    },
    "variants_detailed": [
        {
            "type": "normal",
            "size": "Standard"
        },
        {
            "type": "reverse",
            "size": "Standard"
        },
        {
            "type": "holo",
            "size": "Standard"
        }
    ],
    "hp": 100,
    "types": [
        "Combat"
    ],
    "description": "Il guette sa proie, pendu à une branche la tête\nen bas, et s'en saisit à la première occasion.",
    "stage": "Niveau 1",
    "attacks": [
        {
            "cost": [
                "Combat"
            ],
            "name": "Acrobatie",
            "effect": "Lancez 2 pièces. Cette attaque inflige 20 dégâts supplémentaires pour chaque côté face.",
            "damage": "20+"
        }
    ],
    "weaknesses": [
        {
            "type": "Plante",
            "value": "+20"
        }
    ],
    "retreat": 2,
    "legal": {
        "standard": false,
        "expanded": false
    },
    "boosters": [
        {
            "id": "boo_A2-dialga",
            "name": "Dialga"
        }
    ],
    "updated": "2025-05-18T00:53:26+02:00",
    "pricing": {
        "cardmarket": null,
        "tcgplayer": null
    }
}