{
    "category": "Pokémon",
    "id": "A2-017",
    "illustrator": "Yukiko Baba",
    "image": "https://assets.tcgdex.net/fr/tcgp/A2/017",
    "localId": "017",
    "name": "Apitrini",
    "rarity": "Un Diamant",
    "set": {
        "cardCount": {
            "official": 140,
            "total": 207
        },
        "id": "A2",
        "name": "Choc Spatio-Temporel"
    },
    "variants": {
        "firstEdition": false,
        "holo": true,
        "normal": true,
        "reverse": true,
        "wPromo": false
    },
    "variants_detailed": [
        {
            "type": "normal",
            "size": "Standard"
        },
        {
            "type": "reverse",
            "size": "Standard"
        },
        {
            "type": "holo",
            "size": "Standard"
        }
    ],
    "hp": 50,
    "types": [
        "Plante"
    ],
    "description": "À la nuit tombée, les Apitrini s'agglutinent\npar grappes de cent pour dormir.",
    "stage": "De base",
    "attacks": [
        {
            "cost": [
                "Incolore"
            ],
            "name": "Appel à la Famille",
            "effect": "Placez un Pokémon de base au hasard de votre deck sur votre Banc."
        }
    ],
    "weaknesses": [
        {
            "type": "Feu",
            "value": "+20"
        }
    ],
    "retreat": 1,
    "legal": {
        "standard": false,
        "expanded": false
    },
    "boosters": [
        {
            "id": "boo_A2-dialga",
            "name": "Dialga"
        }
    ],
    "updated": "2025-05-18T00:53:26+02:00",
    "pricing": {
        "cardmarket": null,
        "tcgplayer": null
    }
}