{
    "category": "Pokémon",
    "id": "A2-108",
    "illustrator": "Hajime Kusajima",
    "image": "https://assets.tcgdex.net/fr/tcgp/A2/108",
    "localId": "108",
    "name": "Coatox",
    "rarity": "Deux Diamants",
    "set": {
        "cardCount": {
            "official": 140,
            "total": 207
        },
        "id": "A2",
        "name": "Choc Spatio-Temporel"
    },
    "variants": {
        "firstEdition": false,
        "holo": true,
        "normal": true,
        "reverse": true,
        "wPromo": false
    },
    "variants_detailed": [
        {
            "type": "normal",
            "size": "Standard"
        },
        {
            "type": "reverse",
            "size": "Standard"
        },
        {
            "type": "holo",
            "size": "Standard"
        }
    ],
    "hp": 90,
    "types": [
        "Obscurité"
    ],
    "description": "Il esquive avec souplesse les attaques de ses\nadversaires tout en bondissant dans leur direction,\npuis il riposte de ses griffes empoisonnées.",
    "stage": "Niveau 1",
    "attacks": [
        {
            "cost": [
                "Obscurité",
                "Obscurité"
            ],
            "name": "Raclée Collective",
            "effect": "Lancez une pièce pour chacun de vos Pokémon en jeu. Cette attaque inflige 40 dégâts multipliés par le nombre de côtés face.",
            "damage": "40×"
        }
    ],
    "weaknesses": [
        {
            "type": "Combat",
            "value": "+20"
        }
    ],
    "retreat": 2,
    "legal": {
        "standard": false,
        "expanded": false
    },
    "boosters": [
        {
            "id": "boo_A2-dialga",
            "name": "Dialga"
        }
    ],
    "updated": "2025-05-18T00:53:26+02:00",
    "pricing": {
        "cardmarket": null,
        "tcgplayer": null
    }
}