{
    "category": "Pokémon",
    "id": "A2-111",
    "illustrator": "Oswaldo KATO",
    "image": "https://assets.tcgdex.net/fr/tcgp/A2/111",
    "localId": "111",
    "name": "Airmure",
    "rarity": "Deux Diamants",
    "set": {
        "cardCount": {
            "official": 140,
            "total": 207
        },
        "id": "A2",
        "name": "Choc Spatio-Temporel"
    },
    "variants": {
        "firstEdition": false,
        "holo": true,
        "normal": true,
        "reverse": true,
        "wPromo": false
    },
    "variants_detailed": [
        {
            "type": "normal",
            "size": "Standard"
        },
        {
            "type": "reverse",
            "size": "Standard"
        },
        {
            "type": "holo",
            "size": "Standard"
        }
    ],
    "hp": 80,
    "types": [
        "Métal"
    ],
    "description": "Ce Pokémon orne souvent les blasons, car les plumes\nqu'il perd sont utilisées pour forger des épées.",
    "stage": "De base",
    "attacks": [
        {
            "cost": [
                "Métal"
            ],
            "name": "Bras Métalliques",
            "effect": "Si un Outil Pokémon est attaché à ce Pokémon, cette attaque inflige 30 dégâts supplémentaires.",
            "damage": "20+"
        }
    ],
    "weaknesses": [
        {
            "type": "Électrique",
            "value": "+20"
        }
    ],
    "retreat": 1,
    "legal": {
        "standard": false,
        "expanded": false
    },
    "boosters": [
        {
            "id": "boo_A2-palkia",
            "name": "Palkia"
        },
        {
            "id": "boo_A2-dialga",
            "name": "Dialga"
        }
    ],
    "updated": "2025-05-18T00:53:26+02:00",
    "pricing": {
        "cardmarket": null,
        "tcgplayer": null
    }
}