{
    "category": "Pokémon",
    "id": "A2-117",
    "illustrator": "Yuka Morii",
    "image": "https://assets.tcgdex.net/fr/tcgp/A2/117",
    "localId": "117",
    "name": "Archéodong",
    "rarity": "Deux Diamants",
    "set": {
        "cardCount": {
            "official": 140,
            "total": 207
        },
        "id": "A2",
        "name": "Choc Spatio-Temporel"
    },
    "variants": {
        "firstEdition": false,
        "holo": true,
        "normal": true,
        "reverse": true,
        "wPromo": false
    },
    "variants_detailed": [
        {
            "type": "normal",
            "size": "Standard"
        },
        {
            "type": "reverse",
            "size": "Standard"
        },
        {
            "type": "holo",
            "size": "Standard"
        }
    ],
    "hp": 120,
    "types": [
        "Métal"
    ],
    "description": "Il a longtemps été vénéré pour avoir apporté\nla pluie. On le trouve parfois enterré dans le sol.",
    "stage": "Niveau 1",
    "attacks": [
        {
            "cost": [
                "Métal",
                "Métal",
                "Incolore"
            ],
            "name": "Pression de Garde",
            "effect": "Pendant le prochain tour de votre adversaire, ce Pokémon subit − 20 dégâts provenant des attaques.",
            "damage": 60
        }
    ],
    "weaknesses": [
        {
            "type": "Feu",
            "value": "+20"
        }
    ],
    "retreat": 3,
    "legal": {
        "standard": false,
        "expanded": false
    },
    "boosters": [
        {
            "id": "boo_A2-dialga",
            "name": "Dialga"
        }
    ],
    "updated": "2025-05-18T00:53:26+02:00",
    "pricing": {
        "cardmarket": null,
        "tcgplayer": null
    }
}