{
    "category": "Pokémon",
    "id": "A2-109",
    "illustrator": "Masako Tomii",
    "image": "https://assets.tcgdex.net/fr/tcgp/A2/109",
    "localId": "109",
    "name": "Darkrai",
    "rarity": "Trois Diamants",
    "set": {
        "cardCount": {
            "official": 140,
            "total": 207
        },
        "id": "A2",
        "name": "Choc Spatio-Temporel"
    },
    "variants": {
        "firstEdition": false,
        "holo": true,
        "normal": true,
        "reverse": true,
        "wPromo": false
    },
    "variants_detailed": [
        {
            "type": "normal",
            "size": "Standard"
        },
        {
            "type": "reverse",
            "size": "Standard"
        },
        {
            "type": "holo",
            "size": "Standard"
        }
    ],
    "hp": 110,
    "types": [
        "Obscurité"
    ],
    "description": "Il endort humains et Pokémon, et leur fait avoir\ndes cauchemars pour les chasser de son territoire.",
    "stage": "De base",
    "attacks": [
        {
            "cost": [
                "Obscurité",
                "Obscurité",
                "Incolore"
            ],
            "name": "Trou Noir",
            "effect": "Le Pokémon Actif de votre adversaire est maintenant Endormi.",
            "damage": 60
        }
    ],
    "weaknesses": [
        {
            "type": "Plante",
            "value": "+20"
        }
    ],
    "retreat": 2,
    "legal": {
        "standard": false,
        "expanded": false
    },
    "boosters": [
        {
            "id": "boo_A2-dialga",
            "name": "Dialga"
        }
    ],
    "updated": "2025-05-18T00:53:26+02:00",
    "pricing": {
        "cardmarket": null,
        "tcgplayer": null
    }
}