{
    "category": "Pokémon",
    "id": "A2-103",
    "illustrator": "kirisAki",
    "image": "https://assets.tcgdex.net/fr/tcgp/A2/103",
    "localId": "103",
    "name": "Moufflair",
    "rarity": "Deux Diamants",
    "set": {
        "cardCount": {
            "official": 140,
            "total": 207
        },
        "id": "A2",
        "name": "Choc Spatio-Temporel"
    },
    "variants": {
        "firstEdition": false,
        "holo": true,
        "normal": true,
        "reverse": true,
        "wPromo": false
    },
    "variants_detailed": [
        {
            "type": "normal",
            "size": "Standard"
        },
        {
            "type": "reverse",
            "size": "Standard"
        },
        {
            "type": "holo",
            "size": "Standard"
        }
    ],
    "hp": 100,
    "types": [
        "Obscurité"
    ],
    "description": "Du bout de sa queue, il projette un liquide fétide sur ses\nadversaires. Les attaques aériennes le prennent de court.",
    "stage": "Niveau 1",
    "attacks": [
        {
            "cost": [
                "Obscurité",
                "Incolore"
            ],
            "name": "Gaz Toxik",
            "effect": "Le Pokémon Actif de votre adversaire est maintenant Empoisonné.",
            "damage": 50
        }
    ],
    "weaknesses": [
        {
            "type": "Combat",
            "value": "+20"
        }
    ],
    "retreat": 2,
    "legal": {
        "standard": false,
        "expanded": false
    },
    "boosters": [
        {
            "id": "boo_A2-dialga",
            "name": "Dialga"
        }
    ],
    "updated": "2025-05-18T00:53:26+02:00",
    "pricing": {
        "cardmarket": null,
        "tcgplayer": null
    }
}