{
    "category": "Pokémon",
    "id": "A2-104",
    "illustrator": "HYOGONOSUKE",
    "image": "https://assets.tcgdex.net/fr/tcgp/A2/104",
    "localId": "104",
    "name": "Spiritomb",
    "rarity": "Deux Diamants",
    "set": {
        "cardCount": {
            "official": 140,
            "total": 207
        },
        "id": "A2",
        "name": "Choc Spatio-Temporel"
    },
    "variants": {
        "firstEdition": false,
        "holo": true,
        "normal": true,
        "reverse": true,
        "wPromo": false
    },
    "variants_detailed": [
        {
            "type": "normal",
            "size": "Standard"
        },
        {
            "type": "reverse",
            "size": "Standard"
        },
        {
            "type": "holo",
            "size": "Standard"
        }
    ],
    "hp": 80,
    "types": [
        "Obscurité"
    ],
    "description": "Son mauvais comportement lui a valu d'être enchaîné\nà une Clé de Voûte par un mystérieux sortilège.",
    "stage": "De base",
    "attacks": [
        {
            "cost": [
                "Incolore"
            ],
            "name": "Désastre Tourbillonnant",
            "effect": "Cette attaque inflige 10 dégâts à chacun des Pokémon de votre adversaire."
        }
    ],
    "weaknesses": [
        {
            "type": "Plante",
            "value": "+20"
        }
    ],
    "retreat": 1,
    "legal": {
        "standard": false,
        "expanded": false
    },
    "boosters": [
        {
            "id": "boo_A2-palkia",
            "name": "Palkia"
        }
    ],
    "updated": "2025-05-18T00:53:26+02:00",
    "pricing": {
        "cardmarket": null,
        "tcgplayer": null
    }
}