{
    "category": "Pokémon",
    "id": "A2-118",
    "illustrator": "MAHOU",
    "image": "https://assets.tcgdex.net/fr/tcgp/A2/118",
    "localId": "118",
    "name": "Tarinorme",
    "rarity": "Deux Diamants",
    "set": {
        "cardCount": {
            "official": 140,
            "total": 207
        },
        "id": "A2",
        "name": "Choc Spatio-Temporel"
    },
    "variants": {
        "firstEdition": false,
        "holo": true,
        "normal": true,
        "reverse": true,
        "wPromo": false
    },
    "variants_detailed": [
        {
            "type": "normal",
            "size": "Standard"
        },
        {
            "type": "reverse",
            "size": "Standard"
        },
        {
            "type": "holo",
            "size": "Standard"
        }
    ],
    "hp": 130,
    "types": [
        "Métal"
    ],
    "description": "Il est capable de piloter ses Mini-nez à distance,\nmais il arrive que l'un d'entre eux s'aventure\ntrop loin et se perde pour ne jamais revenir.",
    "stage": "Niveau 1",
    "attacks": [
        {
            "cost": [
                "Métal",
                "Métal",
                "Métal",
                "Incolore"
            ],
            "name": "Triple Nez",
            "effect": "Lancez 3 pièces. Cette attaque inflige 50 dégâts supplémentaires pour chaque côté face.",
            "damage": "30+"
        }
    ],
    "weaknesses": [
        {
            "type": "Feu",
            "value": "+20"
        }
    ],
    "retreat": 4,
    "legal": {
        "standard": false,
        "expanded": false
    },
    "boosters": [
        {
            "id": "boo_A2-palkia",
            "name": "Palkia"
        },
        {
            "id": "boo_A2-dialga",
            "name": "Dialga"
        }
    ],
    "updated": "2025-05-18T00:53:26+02:00",
    "pricing": {
        "cardmarket": null,
        "tcgplayer": null
    }
}