{
    "category": "Pokémon",
    "id": "A2-115",
    "illustrator": "Kyoko Umemoto",
    "image": "https://assets.tcgdex.net/fr/tcgp/A2/115",
    "localId": "115",
    "name": "Cheniselle",
    "rarity": "Un Diamant",
    "set": {
        "cardCount": {
            "official": 140,
            "total": 207
        },
        "id": "A2",
        "name": "Choc Spatio-Temporel"
    },
    "variants": {
        "firstEdition": false,
        "holo": true,
        "normal": true,
        "reverse": true,
        "wPromo": false
    },
    "variants_detailed": [
        {
            "type": "normal",
            "size": "Standard"
        },
        {
            "type": "reverse",
            "size": "Standard"
        },
        {
            "type": "holo",
            "size": "Standard"
        }
    ],
    "hp": 110,
    "types": [
        "Métal"
    ],
    "description": "Son apparence varie selon le lieu d'évolution.\nSon corps est façonné avec les matériaux à disposition.",
    "stage": "Niveau 1",
    "attacks": [
        {
            "cost": [
                "Métal",
                "Métal"
            ],
            "name": "Tête de Fer",
            "effect": "Lancez une pièce jusqu'à ce que vous obteniez pile. Cette attaque inflige 30 dégâts supplémentaires pour chaque côté face.",
            "damage": "50+"
        }
    ],
    "weaknesses": [
        {
            "type": "Feu",
            "value": "+20"
        }
    ],
    "retreat": 1,
    "legal": {
        "standard": false,
        "expanded": false
    },
    "boosters": [
        {
            "id": "boo_A2-palkia",
            "name": "Palkia"
        }
    ],
    "updated": "2025-05-18T00:53:26+02:00",
    "pricing": {
        "cardmarket": null,
        "tcgplayer": null
    }
}