{
    "category": "Pokémon",
    "id": "A2-120",
    "illustrator": "Oswaldo KATO",
    "image": "https://assets.tcgdex.net/fr/tcgp/A2/120",
    "localId": "120",
    "name": "Heatran",
    "rarity": "Trois Diamants",
    "set": {
        "cardCount": {
            "official": 140,
            "total": 207
        },
        "id": "A2",
        "name": "Choc Spatio-Temporel"
    },
    "variants": {
        "firstEdition": false,
        "holo": true,
        "normal": true,
        "reverse": true,
        "wPromo": false
    },
    "variants_detailed": [
        {
            "type": "normal",
            "size": "Standard"
        },
        {
            "type": "reverse",
            "size": "Standard"
        },
        {
            "type": "holo",
            "size": "Standard"
        }
    ],
    "hp": 120,
    "types": [
        "Métal"
    ],
    "description": "Il hante les grottes volcaniques. Il rampe au mur\net au plafond grâce à ses pieds en forme de croix.",
    "stage": "De base",
    "attacks": [
        {
            "cost": [
                "Métal",
                "Métal",
                "Métal"
            ],
            "name": "Charge d'Acier",
            "effect": "Ce Pokémon s'inflige aussi 20 dégâts.",
            "damage": 110
        }
    ],
    "weaknesses": [
        {
            "type": "Feu",
            "value": "+20"
        }
    ],
    "retreat": 3,
    "legal": {
        "standard": false,
        "expanded": false
    },
    "boosters": [
        {
            "id": "boo_A2-dialga",
            "name": "Dialga"
        }
    ],
    "updated": "2025-05-18T00:53:26+02:00",
    "pricing": {
        "cardmarket": null,
        "tcgplayer": null
    }
}