{
    "category": "Pokémon",
    "id": "A2-119",
    "illustrator": "PLANETA CG Works",
    "image": "https://assets.tcgdex.net/fr/tcgp/A2/119",
    "localId": "119",
    "name": "Dialga-ex",
    "rarity": "Quatre Diamants",
    "set": {
        "cardCount": {
            "official": 140,
            "total": 207
        },
        "id": "A2",
        "name": "Choc Spatio-Temporel"
    },
    "variants": {
        "firstEdition": false,
        "holo": true,
        "normal": true,
        "reverse": true,
        "wPromo": false
    },
    "variants_detailed": [
        {
            "type": "normal",
            "size": "Standard"
        },
        {
            "type": "reverse",
            "size": "Standard"
        },
        {
            "type": "holo",
            "size": "Standard"
        }
    ],
    "hp": 150,
    "types": [
        "Métal"
    ],
    "stage": "De base",
    "suffix": "EX",
    "attacks": [
        {
            "cost": [
                "Métal",
                "Métal"
            ],
            "name": "Turbo Métallique",
            "effect": "Prenez 2 Énergies {M} de votre zone Énergie et attachez-les à l'un de vos Pokémon de Banc.",
            "damage": 30
        },
        {
            "cost": [
                "Métal",
                "Métal",
                "Incolore",
                "Incolore"
            ],
            "name": "Gros Impact",
            "damage": 100
        }
    ],
    "weaknesses": [
        {
            "type": "Feu",
            "value": "+20"
        }
    ],
    "retreat": 2,
    "legal": {
        "standard": false,
        "expanded": false
    },
    "boosters": [
        {
            "id": "boo_A2-dialga",
            "name": "Dialga"
        }
    ],
    "updated": "2025-05-18T00:53:26+02:00",
    "pricing": {
        "cardmarket": null,
        "tcgplayer": null
    }
}