{
    "category": "Pokémon",
    "id": "A2-125",
    "illustrator": "PLANETA Igarashi",
    "image": "https://assets.tcgdex.net/fr/tcgp/A2/125",
    "localId": "125",
    "name": "Coudlangue-ex",
    "rarity": "Quatre Diamants",
    "set": {
        "cardCount": {
            "official": 140,
            "total": 207
        },
        "id": "A2",
        "name": "Choc Spatio-Temporel"
    },
    "variants": {
        "firstEdition": false,
        "holo": true,
        "normal": true,
        "reverse": true,
        "wPromo": false
    },
    "variants_detailed": [
        {
            "type": "normal",
            "size": "Standard"
        },
        {
            "type": "reverse",
            "size": "Standard"
        },
        {
            "type": "holo",
            "size": "Standard"
        }
    ],
    "hp": 160,
    "types": [
        "Incolore"
    ],
    "stage": "Niveau 1",
    "suffix": "EX",
    "attacks": [
        {
            "cost": [
                "Incolore",
                "Incolore",
                "Incolore",
                "Incolore"
            ],
            "name": "Langue Frénétique",
            "effect": "Lancez une pièce jusqu'à ce que vous obteniez pile. Cette attaque inflige 40 dégâts supplémentaires pour chaque côté face.",
            "damage": "100+"
        }
    ],
    "weaknesses": [
        {
            "type": "Combat",
            "value": "+20"
        }
    ],
    "retreat": 4,
    "legal": {
        "standard": false,
        "expanded": false
    },
    "boosters": [
        {
            "id": "boo_A2-palkia",
            "name": "Palkia"
        }
    ],
    "updated": "2025-05-18T00:53:26+02:00",
    "pricing": {
        "cardmarket": null,
        "tcgplayer": null
    }
}