{
    "category": "Pokémon",
    "id": "A2-112",
    "illustrator": "Tomokazu Komiya",
    "image": "https://assets.tcgdex.net/fr/tcgp/A2/112",
    "localId": "112",
    "name": "Registeel",
    "rarity": "Deux Diamants",
    "set": {
        "cardCount": {
            "official": 140,
            "total": 207
        },
        "id": "A2",
        "name": "Choc Spatio-Temporel"
    },
    "variants": {
        "firstEdition": false,
        "holo": true,
        "normal": true,
        "reverse": true,
        "wPromo": false
    },
    "variants_detailed": [
        {
            "type": "normal",
            "size": "Standard"
        },
        {
            "type": "reverse",
            "size": "Standard"
        },
        {
            "type": "holo",
            "size": "Standard"
        }
    ],
    "hp": 110,
    "types": [
        "Métal"
    ],
    "description": "Il est fait d'une matière mystérieuse plus solide que n'importe\nquel métal, mais assez souple pour pouvoir s'étirer ou se rétrécir.",
    "stage": "De base",
    "attacks": [
        {
            "cost": [
                "Métal",
                "Métal",
                "Métal"
            ],
            "name": "Griffe Acier",
            "damage": 90
        }
    ],
    "weaknesses": [
        {
            "type": "Feu",
            "value": "+20"
        }
    ],
    "retreat": 2,
    "legal": {
        "standard": false,
        "expanded": false
    },
    "boosters": [
        {
            "id": "boo_A2-dialga",
            "name": "Dialga"
        }
    ],
    "updated": "2025-05-18T00:53:26+02:00",
    "pricing": {
        "cardmarket": null,
        "tcgplayer": null
    }
}