{
    "category": "Pokémon",
    "id": "A2-128",
    "illustrator": "sowsow",
    "image": "https://assets.tcgdex.net/fr/tcgp/A2/128",
    "localId": "128",
    "name": "Porygon2",
    "rarity": "Deux Diamants",
    "set": {
        "cardCount": {
            "official": 140,
            "total": 207
        },
        "id": "A2",
        "name": "Choc Spatio-Temporel"
    },
    "variants": {
        "firstEdition": false,
        "holo": true,
        "normal": true,
        "reverse": true,
        "wPromo": false
    },
    "variants_detailed": [
        {
            "type": "normal",
            "size": "Standard"
        },
        {
            "type": "reverse",
            "size": "Standard"
        },
        {
            "type": "holo",
            "size": "Standard"
        }
    ],
    "hp": 80,
    "types": [
        "Incolore"
    ],
    "description": "Fruit de la mise à jour d'un Porygon avec des données spéciales,\nil peut apprendre et se développer de manière autonome.",
    "stage": "Niveau 1",
    "attacks": [
        {
            "cost": [
                "Incolore"
            ],
            "name": "Affûtage",
            "damage": 30
        }
    ],
    "weaknesses": [
        {
            "type": "Combat",
            "value": "+20"
        }
    ],
    "retreat": 1,
    "legal": {
        "standard": false,
        "expanded": false
    },
    "boosters": [
        {
            "id": "boo_A2-palkia",
            "name": "Palkia"
        }
    ],
    "updated": "2025-05-18T00:53:26+02:00",
    "pricing": {
        "cardmarket": null,
        "tcgplayer": null
    }
}