{
    "category": "Pokémon",
    "id": "A2-123",
    "illustrator": "Atsushi Furusawa",
    "image": "https://assets.tcgdex.net/fr/tcgp/A2/123",
    "localId": "123",
    "name": "Carchacrok",
    "rarity": "Trois Diamants",
    "set": {
        "cardCount": {
            "official": 140,
            "total": 207
        },
        "id": "A2",
        "name": "Choc Spatio-Temporel"
    },
    "variants": {
        "firstEdition": false,
        "holo": true,
        "normal": true,
        "reverse": true,
        "wPromo": false
    },
    "variants_detailed": [
        {
            "type": "normal",
            "size": "Standard"
        },
        {
            "type": "reverse",
            "size": "Standard"
        },
        {
            "type": "holo",
            "size": "Standard"
        }
    ],
    "hp": 140,
    "types": [
        "Dragon"
    ],
    "description": "Lorsqu'il est lancé à pleine vitesse, ses ailes créent des lames\nde vent capables de trancher les arbres autour de lui.",
    "stage": "Niveau 2",
    "abilities": [
        {
            "type": "Talent",
            "name": "Taillade Sauvage",
            "effect": "Vous devez défausser une carte de votre main pour pouvoir utiliser ce talent. Une fois pendant votre tour, vous pouvez piocher une carte."
        }
    ],
    "attacks": [
        {
            "cost": [
                "Eau",
                "Combat"
            ],
            "name": "Draco-Griffe",
            "damage": 100
        }
    ],
    "retreat": 1,
    "legal": {
        "standard": false,
        "expanded": false
    },
    "boosters": [
        {
            "id": "boo_A2-palkia",
            "name": "Palkia"
        }
    ],
    "updated": "2025-05-18T00:53:26+02:00",
    "pricing": {
        "cardmarket": null,
        "tcgplayer": null
    }
}