{
    "category": "Pokémon",
    "id": "A2-114",
    "illustrator": "Kagemaru Himeno",
    "image": "https://assets.tcgdex.net/fr/tcgp/A2/114",
    "localId": "114",
    "name": "Bastiodon",
    "rarity": "Trois Diamants",
    "set": {
        "cardCount": {
            "official": 140,
            "total": 207
        },
        "id": "A2",
        "name": "Choc Spatio-Temporel"
    },
    "variants": {
        "firstEdition": false,
        "holo": true,
        "normal": true,
        "reverse": true,
        "wPromo": false
    },
    "variants_detailed": [
        {
            "type": "normal",
            "size": "Standard"
        },
        {
            "type": "reverse",
            "size": "Standard"
        },
        {
            "type": "holo",
            "size": "Standard"
        }
    ],
    "hp": 160,
    "types": [
        "Métal"
    ],
    "description": "Jusqu'à ce qu'on reconstitue ce Pokémon\navec succès, on prenait les grands os solides qui\ncouvrent son visage pour sa colonne vertébrale.",
    "stage": "Niveau 2",
    "abilities": [
        {
            "type": "Talent",
            "name": "Protection Frontale",
            "effect": "Si des dégâts sont infligés à ce Pokémon par des attaques, lancez une pièce. Si c'est face, ce Pokémon subit − 100 dégâts provenant de cette attaque."
        }
    ],
    "attacks": [
        {
            "cost": [
                "Métal",
                "Métal",
                "Incolore"
            ],
            "name": "Frappe de Tête",
            "damage": 80
        }
    ],
    "weaknesses": [
        {
            "type": "Feu",
            "value": "+20"
        }
    ],
    "retreat": 4,
    "legal": {
        "standard": false,
        "expanded": false
    },
    "boosters": [
        {
            "id": "boo_A2-palkia",
            "name": "Palkia"
        }
    ],
    "updated": "2025-05-18T00:53:26+02:00",
    "pricing": {
        "cardmarket": null,
        "tcgplayer": null
    }
}