{
    "category": "Pokémon",
    "id": "A2-107",
    "illustrator": "Masakazu Fukuda",
    "image": "https://assets.tcgdex.net/fr/tcgp/A2/107",
    "localId": "107",
    "name": "Cradopaud",
    "rarity": "Un Diamant",
    "set": {
        "cardCount": {
            "official": 140,
            "total": 207
        },
        "id": "A2",
        "name": "Choc Spatio-Temporel"
    },
    "variants": {
        "firstEdition": false,
        "holo": true,
        "normal": true,
        "reverse": true,
        "wPromo": false
    },
    "variants_detailed": [
        {
            "type": "normal",
            "size": "Standard"
        },
        {
            "type": "reverse",
            "size": "Standard"
        },
        {
            "type": "holo",
            "size": "Standard"
        }
    ],
    "hp": 60,
    "types": [
        "Obscurité"
    ],
    "description": "Il fait gonfler ses glandes venimeuses tout en émettant un son\neffrayant, ce qui lui permet d'empoisonner ses proies pétrifiées.",
    "stage": "De base",
    "attacks": [
        {
            "cost": [
                "Obscurité",
                "Obscurité"
            ],
            "name": "Raclée Collective",
            "effect": "Lancez une pièce pour chacun de vos Pokémon en jeu. Cette attaque inflige 20 dégâts multipliés par le nombre de côtés face.",
            "damage": "20×"
        }
    ],
    "weaknesses": [
        {
            "type": "Combat",
            "value": "+20"
        }
    ],
    "retreat": 1,
    "legal": {
        "standard": false,
        "expanded": false
    },
    "boosters": [
        {
            "id": "boo_A2-dialga",
            "name": "Dialga"
        }
    ],
    "updated": "2025-05-18T00:53:26+02:00",
    "pricing": {
        "cardmarket": null,
        "tcgplayer": null
    }
}