{
    "category": "Pokémon",
    "id": "A2-106",
    "illustrator": "Hitoshi Ariga",
    "image": "https://assets.tcgdex.net/fr/tcgp/A2/106",
    "localId": "106",
    "name": "Drascore",
    "rarity": "Deux Diamants",
    "set": {
        "cardCount": {
            "official": 140,
            "total": 207
        },
        "id": "A2",
        "name": "Choc Spatio-Temporel"
    },
    "variants": {
        "firstEdition": false,
        "holo": true,
        "normal": true,
        "reverse": true,
        "wPromo": false
    },
    "variants_detailed": [
        {
            "type": "normal",
            "size": "Standard"
        },
        {
            "type": "reverse",
            "size": "Standard"
        },
        {
            "type": "holo",
            "size": "Standard"
        }
    ],
    "hp": 120,
    "types": [
        "Obscurité"
    ],
    "description": "Son poison est violent, mais il s'en sert très\nrarement. Il se déchaîne avec une telle force\nqu'il pourrait réduire une voiture en pièces.",
    "stage": "Niveau 1",
    "attacks": [
        {
            "cost": [
                "Obscurité",
                "Obscurité",
                "Obscurité"
            ],
            "name": "Poison Croix",
            "effect": "Lancez 4 pièces. Cette attaque inflige 40 dégâts pour chaque côté face. Si vous obtenez au moins 2 côtés face, le Pokémon Actif de votre adversaire est maintenant Empoisonné.",
            "damage": "40×"
        }
    ],
    "weaknesses": [
        {
            "type": "Combat",
            "value": "+20"
        }
    ],
    "retreat": 3,
    "legal": {
        "standard": false,
        "expanded": false
    },
    "boosters": [
        {
            "id": "boo_A2-palkia",
            "name": "Palkia"
        },
        {
            "id": "boo_A2-dialga",
            "name": "Dialga"
        }
    ],
    "updated": "2025-05-18T00:53:26+02:00",
    "pricing": {
        "cardmarket": null,
        "tcgplayer": null
    }
}