{
    "category": "Pokémon",
    "id": "A2-113",
    "illustrator": "Kouki Saitou",
    "image": "https://assets.tcgdex.net/fr/tcgp/A2/113",
    "localId": "113",
    "name": "Dinoclier",
    "rarity": "Deux Diamants",
    "set": {
        "cardCount": {
            "official": 140,
            "total": 207
        },
        "id": "A2",
        "name": "Choc Spatio-Temporel"
    },
    "variants": {
        "firstEdition": false,
        "holo": true,
        "normal": true,
        "reverse": true,
        "wPromo": false
    },
    "variants_detailed": [
        {
            "type": "normal",
            "size": "Standard"
        },
        {
            "type": "reverse",
            "size": "Standard"
        },
        {
            "type": "holo",
            "size": "Standard"
        }
    ],
    "hp": 100,
    "types": [
        "Métal"
    ],
    "description": "Cet herbivore, très calme de nature, utilisait la peau durcie\nde son museau pour déterrer des racines à grignoter.",
    "stage": "Niveau 1",
    "attacks": [
        {
            "cost": [
                "Métal",
                "Incolore"
            ],
            "name": "Coup d'Boule",
            "damage": 50
        }
    ],
    "weaknesses": [
        {
            "type": "Feu",
            "value": "+20"
        }
    ],
    "retreat": 2,
    "legal": {
        "standard": false,
        "expanded": false
    },
    "boosters": [
        {
            "id": "boo_A2-palkia",
            "name": "Palkia"
        }
    ],
    "updated": "2025-05-18T00:53:26+02:00",
    "pricing": {
        "cardmarket": null,
        "tcgplayer": null
    }
}