{
    "category": "Pokémon",
    "id": "A2-110",
    "illustrator": "PLANETA Yamashita",
    "image": "https://assets.tcgdex.net/fr/tcgp/A2/110",
    "localId": "110",
    "name": "Darkrai-ex",
    "rarity": "Quatre Diamants",
    "set": {
        "cardCount": {
            "official": 140,
            "total": 207
        },
        "id": "A2",
        "name": "Choc Spatio-Temporel"
    },
    "variants": {
        "firstEdition": false,
        "holo": true,
        "normal": true,
        "reverse": true,
        "wPromo": false
    },
    "variants_detailed": [
        {
            "type": "normal",
            "size": "Standard"
        },
        {
            "type": "reverse",
            "size": "Standard"
        },
        {
            "type": "holo",
            "size": "Standard"
        }
    ],
    "hp": 140,
    "types": [
        "Obscurité"
    ],
    "stage": "De base",
    "suffix": "EX",
    "abilities": [
        {
            "type": "Talent",
            "name": "Aura Cauchemardesque",
            "effect": "Chaque fois que vous attachez une Énergie {D} de votre zone Énergie à ce Pokémon, infligez 20 dégâts au Pokémon Actif de votre adversaire."
        }
    ],
    "attacks": [
        {
            "cost": [
                "Obscurité",
                "Obscurité",
                "Incolore"
            ],
            "name": "Prisme Obscur",
            "damage": 80
        }
    ],
    "weaknesses": [
        {
            "type": "Plante",
            "value": "+20"
        }
    ],
    "retreat": 2,
    "legal": {
        "standard": false,
        "expanded": false
    },
    "boosters": [
        {
            "id": "boo_A2-dialga",
            "name": "Dialga"
        }
    ],
    "updated": "2025-05-18T00:53:26+02:00",
    "pricing": {
        "cardmarket": null,
        "tcgplayer": null
    }
}