module,source_files,review_status,owner,reviewer,follow_up
.github/workflows,3,not_reviewed,unassigned,unassigned,QLT-02
apps/api/README.md,1,not_reviewed,unassigned,unassigned,QLT-02
apps/api/cloudbuild.yaml,1,not_reviewed,unassigned,unassigned,QLT-02
apps/api/src,7,not_reviewed,unassigned,unassigned,QLT-02
apps/api/src/ai,11,not_reviewed,unassigned,unassigned,QLT-02
apps/api/src/article,9,not_reviewed,unassigned,unassigned,QLT-02
apps/api/src/auth,28,not_reviewed,unassigned,unassigned,QLT-02
apps/api/src/badge,7,not_reviewed,unassigned,unassigned,QLT-02
apps/api/src/card,13,not_reviewed,unassigned,unassigned,QLT-02
apps/api/src/card-state,8,not_reviewed,unassigned,unassigned,QLT-02
apps/api/src/challenge,9,not_reviewed,unassigned,unassigned,QLT-02
apps/api/src/collection,10,not_reviewed,unassigned,unassigned,QLT-02
apps/api/src/collection-item,11,not_reviewed,unassigned,unassigned,QLT-02
apps/api/src/common,29,not_reviewed,unassigned,unassigned,QLT-02
apps/api/src/dashboard,6,not_reviewed,unassigned,unassigned,QLT-02
apps/api/src/deck,17,not_reviewed,unassigned,unassigned,QLT-02
apps/api/src/deck-card,8,not_reviewed,unassigned,unassigned,QLT-02
apps/api/src/deck-format,6,not_reviewed,unassigned,unassigned,QLT-02
apps/api/src/faq,7,not_reviewed,unassigned,unassigned,QLT-02
apps/api/src/feed,5,not_reviewed,unassigned,unassigned,QLT-02
apps/api/src/helpers,2,not_reviewed,unassigned,unassigned,QLT-02
apps/api/src/mail,5,not_reviewed,unassigned,unassigned,QLT-02
apps/api/src/marketplace,47,not_reviewed,unassigned,unassigned,QLT-02
apps/api/src/match,57,not_reviewed,unassigned,unassigned,QLT-02
apps/api/src/migrations,14,not_reviewed,unassigned,unassigned,QLT-02
apps/api/src/mini-game,4,not_reviewed,unassigned,unassigned,QLT-02
apps/api/src/notification,17,not_reviewed,unassigned,unassigned,QLT-02
apps/api/src/player,8,not_reviewed,unassigned,unassigned,QLT-02
apps/api/src/pokemon-card,10,not_reviewed,unassigned,unassigned,QLT-02
apps/api/src/pokemon-series,9,not_reviewed,unassigned,unassigned,QLT-02
apps/api/src/pokemon-set,9,not_reviewed,unassigned,unassigned,QLT-02
apps/api/src/ranking,9,not_reviewed,unassigned,unassigned,QLT-02
apps/api/src/scan,19,not_reviewed,unassigned,unassigned,QLT-02
apps/api/src/scripts,17,not_reviewed,unassigned,unassigned,QLT-02
apps/api/src/sealed-product,11,not_reviewed,unassigned,unassigned,QLT-02
apps/api/src/search,7,not_reviewed,unassigned,unassigned,QLT-02
apps/api/src/seed,12,not_reviewed,unassigned,unassigned,QLT-02
apps/api/src/statistics,9,not_reviewed,unassigned,unassigned,QLT-02
apps/api/src/storage,1,not_reviewed,unassigned,unassigned,QLT-02
apps/api/src/support-message,1,not_reviewed,unassigned,unassigned,QLT-02
apps/api/src/support-ticket,9,not_reviewed,unassigned,unassigned,QLT-02
apps/api/src/tournament,54,not_reviewed,unassigned,unassigned,QLT-02
apps/api/src/translation,9,not_reviewed,unassigned,unassigned,QLT-02
apps/api/src/user,10,not_reviewed,unassigned,unassigned,QLT-02
apps/api/src/user-follow,6,not_reviewed,unassigned,unassigned,QLT-02
apps/api/src/user_cart,11,not_reviewed,unassigned,unassigned,QLT-02
apps/api/test,19,not_reviewed,unassigned,unassigned,QLT-02
apps/docs/README.md,1,not_reviewed,unassigned,unassigned,QLT-02
apps/docs/blog,6,not_reviewed,unassigned,unassigned,QLT-02
apps/docs/docs,24,not_reviewed,unassigned,unassigned,QLT-02
apps/docs/docusaurus.config.ts,1,not_reviewed,unassigned,unassigned,QLT-02
apps/docs/sidebars.ts,1,not_reviewed,unassigned,unassigned,QLT-02
apps/docs/src,3,not_reviewed,unassigned,unassigned,QLT-02
apps/fetch/README.md,1,not_reviewed,unassigned,unassigned,QLT-02
apps/fetch/coverage-report.ts,1,not_reviewed,unassigned,unassigned,QLT-02
apps/fetch/data-pull.ts,1,not_reviewed,unassigned,unassigned,QLT-02
apps/fetch/data-push.ts,1,not_reviewed,unassigned,unassigned,QLT-02
apps/fetch/dataset-remote.ts,1,not_reviewed,unassigned,unassigned,QLT-02
apps/fetch/migrate-card-images-r2.ts,1,not_reviewed,unassigned,unassigned,QLT-02
apps/fetch/migrate-dataset-layout.ts,1,not_reviewed,unassigned,unassigned,QLT-02
apps/fetch/pokecardex.service.ts,1,not_reviewed,unassigned,unassigned,QLT-02
apps/fetch/r2.test.ts,1,not_reviewed,unassigned,unassigned,QLT-02
apps/fetch/r2.ts,1,not_reviewed,unassigned,unassigned,QLT-02
apps/fetch/register-tsnode.mjs,1,not_reviewed,unassigned,unassigned,QLT-02
apps/fetch/sealed-coverage.ts,1,not_reviewed,unassigned,unassigned,QLT-02
apps/fetch/sealed-names.test.ts,1,not_reviewed,unassigned,unassigned,QLT-02
apps/fetch/sealed-names.ts,1,not_reviewed,unassigned,unassigned,QLT-02
apps/fetch/sealed-vocabulary.test.ts,1,not_reviewed,unassigned,unassigned,QLT-02
apps/fetch/sealed-vocabulary.ts,1,not_reviewed,unassigned,unassigned,QLT-02
apps/fetch/server.ts,1,not_reviewed,unassigned,unassigned,QLT-02
apps/fetch/tcgdex-client.ts,1,not_reviewed,unassigned,unassigned,QLT-02
apps/fetch/update-data.ts,1,not_reviewed,unassigned,unassigned,QLT-02
apps/fetch/update-sealed.ts,1,not_reviewed,unassigned,unassigned,QLT-02
apps/mobile/app,22,not_reviewed,unassigned,unassigned,QLT-02
apps/mobile/app.config.ts,1,not_reviewed,unassigned,unassigned,QLT-02
apps/mobile/babel.config.js,1,not_reviewed,unassigned,unassigned,QLT-02
apps/mobile/components,20,not_reviewed,unassigned,unassigned,QLT-02
apps/mobile/constants,2,not_reviewed,unassigned,unassigned,QLT-02
apps/mobile/contexts,1,not_reviewed,unassigned,unassigned,QLT-02
apps/mobile/hooks,3,not_reviewed,unassigned,unassigned,QLT-02
apps/mobile/metro.config.js,1,not_reviewed,unassigned,unassigned,QLT-02
apps/mobile/react-native-env.d.ts,1,not_reviewed,unassigned,unassigned,QLT-02
apps/mobile/services,19,not_reviewed,unassigned,unassigned,QLT-02
apps/mobile/store,2,not_reviewed,unassigned,unassigned,QLT-02
apps/mobile/test,2,not_reviewed,unassigned,unassigned,QLT-02
apps/mobile/types,8,not_reviewed,unassigned,unassigned,QLT-02
apps/mobile/utils,5,not_reviewed,unassigned,unassigned,QLT-02
apps/vision/README.md,1,not_reviewed,unassigned,unassigned,QLT-02
apps/vision/app,7,not_reviewed,unassigned,unassigned,QLT-02
apps/vision/test_cov.py,1,not_reviewed,unassigned,unassigned,QLT-02
apps/vision/test_pipeline.py,1,not_reviewed,unassigned,unassigned,QLT-02
apps/vision/test_url_guard.py,1,not_reviewed,unassigned,unassigned,QLT-02
apps/web/README.md,1,not_reviewed,unassigned,unassigned,QLT-02
apps/web/app,195,not_reviewed,unassigned,unassigned,QLT-02
apps/web/components,96,not_reviewed,unassigned,unassigned,QLT-02
apps/web/contexts,4,not_reviewed,unassigned,unassigned,QLT-02
apps/web/global.d.ts,1,not_reviewed,unassigned,unassigned,QLT-02
apps/web/hooks,17,not_reviewed,unassigned,unassigned,QLT-02
apps/web/i18n,5,not_reviewed,unassigned,unassigned,QLT-02
apps/web/lib,1,not_reviewed,unassigned,unassigned,QLT-02
apps/web/next.config.ts,1,not_reviewed,unassigned,unassigned,QLT-02
apps/web/postcss.config.mjs,1,not_reviewed,unassigned,unassigned,QLT-02
apps/web/proxy.ts,1,not_reviewed,unassigned,unassigned,QLT-02
apps/web/services,30,not_reviewed,unassigned,unassigned,QLT-02
apps/web/store,3,not_reviewed,unassigned,unassigned,QLT-02
apps/web/test,34,not_reviewed,unassigned,unassigned,QLT-02
apps/web/types,31,not_reviewed,unassigned,unassigned,QLT-02
apps/web/utils,18,not_reviewed,unassigned,unassigned,QLT-02
apps/web/vitest-env.d.ts,1,not_reviewed,unassigned,unassigned,QLT-02
apps/web/vitest.config.ts,1,not_reviewed,unassigned,unassigned,QLT-02
doc,9,not_reviewed,unassigned,unassigned,QLT-02
doc/adr,7,not_reviewed,unassigned,unassigned,QLT-02
doc/roadmap,2,not_reviewed,unassigned,unassigned,QLT-02
packages/effect-parser,16,not_reviewed,unassigned,unassigned,QLT-02
packages/pokemon-dataset,2,not_reviewed,unassigned,unassigned,QLT-02
packages/scan-contract,1,not_reviewed,unassigned,unassigned,QLT-02
packages/ui,4,not_reviewed,unassigned,unassigned,QLT-02
scripts,3,not_reviewed,unassigned,unassigned,QLT-02
